<?xml version="1.0" encoding="UTF-8" ?>
<!DOCTYPE sqlMap
	PUBLIC "-//ibatis.apache.org//DTD SQL Map 2.0//EN"
	"http://ibatis.apache.org/dtd/sql-map-2.dtd">

<sqlMap namespace="cuentasmx.procedimientosAlmacenados">

	<resultMap id="getObtenerCuentas" class="java.util.HashMap">
		<result property="cuenta" column="cuenta" />
        <result property="cuentamn" column="cuentamn" />
        <result property="vigencia" column="vigencia" />
        <result property="moneda" column="moneda" />
        <result property="glosa" column="glosa" />
        <result property="cod_mon_interno" column="cod_mon_interno" />
        <result property="cod_mon_vta" column="cod_mon_vta" />
	</resultMap>

	<parameterMap id="setObtenerCuentas" class="java.util.HashMap">
		<parameter property="rutCliente"  		jdbcType="NUMERIC" javaType="integer" />
		<parameter property="codigoMoneda"   	jdbcType="VARCHAR" javaType="string" />
	</parameterMap>		

	<procedure id="obtenerCuentas" parameterMap="setObtenerCuentas" resultMap="getObtenerCuentas">
		{ CALL sp_pd_obtener_cuentas( ?, ? ) }
	</procedure>

	<parameterMap id="setRegistrarCargoPagueDirecto" class="java.util.HashMap">
		<parameter property="cuenta"  				 jdbcType="NUMERIC" javaType="integer" />
		<parameter property="monto"   				 jdbcType="DECIMAL" javaType="java.math.BigDecimal" numericScale="2"/>
		<parameter property="sucursal"  			 jdbcType="NUMERIC" javaType="integer" />
		<parameter property="codigoTransaccion"   	 jdbcType="NUMERIC" javaType="integer" />
		<parameter property="numeroColilla"  		 jdbcType="DECIMAL" javaType="integer" />
		<parameter property="usuario"   			 jdbcType="VARCHAR" javaType="string" />
		<parameter property="supervisor"   			 jdbcType="VARCHAR" javaType="string" />
		<parameter property="fechaContable"   		 jdbcType="DATE"    javaType="java.util.Calendar" typeHandler="cl.bci.middleware.aplicacion.persistencia.handler.CalendarTypeHandler" />
		<parameter property="fechaContableSiguiente" jdbcType="DATE"    javaType="java.util.Calendar" typeHandler="cl.bci.middleware.aplicacion.persistencia.handler.CalendarTypeHandler" />
	</parameterMap>

	<procedure id="registrarCargoPagueDirecto" parameterMap="setRegistrarCargoPagueDirecto" resultClass="java.util.Date">
		{ CALL sp_pd_cargo_monex( ?,?,?,?,?,?,?,?,? ) }	
	</procedure>

	<parameterMap id="setRegistrarAbonoPagueDirecto" class="java.util.HashMap">
		<parameter property="cuenta"  				 jdbcType="NUMERIC" javaType="integer" />
		<parameter property="monto"   				 jdbcType="DECIMAL" javaType="java.math.BigDecimal" numericScale="2"/>
		<parameter property="sucursal"  			 jdbcType="NUMERIC" javaType="integer" />
		<parameter property="codigoTransaccion"   	 jdbcType="NUMERIC" javaType="integer" />
		<parameter property="numeroColilla"  		 jdbcType="DECIMAL" javaType="integer" />
		<parameter property="usuario"   			 jdbcType="VARCHAR" javaType="string" />
		<parameter property="fechaContable"   		 jdbcType="DATE"    javaType="java.util.Calendar" typeHandler="cl.bci.middleware.aplicacion.persistencia.handler.CalendarTypeHandler" />
		<parameter property="fechaContableSiguiente" jdbcType="DATE"    javaType="java.util.Calendar" typeHandler="cl.bci.middleware.aplicacion.persistencia.handler.CalendarTypeHandler" />
	</parameterMap>	
	
	<procedure id="registrarAbonoPagueDirecto" parameterMap="setRegistrarAbonoPagueDirecto" resultClass="java.util.Date">
		{ CALL sp_pd_abono_monex( ?,?,?,?,?,?,?,? ) }
	</procedure>
	
	<parameterMap id="setReversaCargoPagueDirecto" class="java.util.HashMap">
		<parameter property="cuenta"  				jdbcType="NUMERIC" javaType="integer" />
		<parameter property="monto"   				jdbcType="DECIMAL" javaType="java.math.BigDecimal" numericScale="2"/>
		<parameter property="numeroColilla"  		jdbcType="DECIMAL" javaType="double" />		
		<parameter property="usuario"   			jdbcType="VARCHAR" javaType="string" />		
		<parameter property="supervisor"  			jdbcType="VARCHAR" javaType="string" />
	</parameterMap>	
	
	<procedure id="reversaCargoPagueDirecto" parameterMap="setReversaCargoPagueDirecto" resultClass="int">
		{ CALL sp_pd_reversa_cargo_monex( ?,?,?,?,? ) }
	</procedure>

	<!-- Inicio Transferencia Monex -->
	
	<resultMap id="getObtenerCuentasOrigen" class="java.util.HashMap">
				<result property="numeroCuenta" column="numeroCuenta" jdbcType="char" javaType="String"/>        
		        <result property="saldo" column="saldo" jdbcType="float" javaType="java.math.BigDecimal"/>        
		        <result property="codigoMoneda" column="codigoMoneda" />
		        <result property="siglaMoneda" column="siglaMoneda" />
		        <result property="glosaMoneda" column="glosaMoneda" />
				<result property="condicionCierre" column="condicionCierre" jdbcType="char" javaType="string"/> 
				<result property="condicionBloqueo" column="condicionBloqueo" jdbcType="int" javaType="int"/>
	</resultMap>

	<parameterMap id="setObtenerCuentasOrigen" class="java.util.HashMap">
		<parameter property="rut"  		jdbcType="NUMERIC" javaType="java.lang.Long" />		
	</parameterMap>		

	<procedure id="obtenerCuentasOrigen" parameterMap="setObtenerCuentasOrigen" resultMap="getObtenerCuentasOrigen">
		{ CALL sp_tfmx_obtener_ctas( ? ) }
	</procedure>
	
	<resultMap id="getObtenerDetalleCuenta" class="java.util.HashMap">
		<result property="rutCliente" column="rutCliente" jdbcType="float" javaType="java.lang.Long"/>        
        <result property="dvCliente" column="dvCliente"/>        
        <result property="nombreCliente" column="nombreCliente" />                
        <result property="razonSocialCliente" column="razonSocialCliente" />
        <result property="codigoMoneda" column="codigoMoneda" />
        <result property="siglaMoneda" column="siglaMoneda" />
        <result property="glosaMoneda" column="glosaMoneda" />     
	</resultMap>

	<parameterMap id="setObtenerDetalleCuenta" class="java.util.HashMap">
		<parameter property="cta"  jdbcType="NUMERIC" javaType="java.lang.Long" />		
	</parameterMap>		

	<procedure id="obtenerDetalleCuenta" parameterMap="setObtenerDetalleCuenta" resultMap="getObtenerDetalleCuenta">
		{ CALL sp_tfmx_obtener_detalle_cta( ? ) }
	</procedure>
	
	<parameterMap id="setValidaMonedaMonex" class="java.util.HashMap">
		<parameter property="cta_ori" jdbcType="float" javaType="java.lang.Long"/>
		<parameter property="cta_dst" jdbcType="float" javaType="java.lang.Long"/>						
	</parameterMap>		

	<procedure id="validaMonedaMonex" parameterMap="setValidaMonedaMonex" resultClass="java.lang.Integer">
		{ CALL sp_tfmx_es_misma_moneda( ?,? ) }
	</procedure>
	
	<parameterMap id="setValidaCargoMonex" class="java.util.HashMap">
		<parameter property="cta_origen" 	  jdbcType="DECIMAL" 	javaType="java.lang.Long" />
		<parameter property="mto" 			    jdbcType="DECIMAL" 	javaType="java.math.BigDecimal" numericScale="2"/>
		<parameter property="cod_cargo" 	  jdbcType="NUMERIC" 	javaType="java.lang.Integer" />
		<parameter property="cec_mto_max" 	jdbcType="DECIMAL" 	javaType="java.math.BigDecimal" numericScale="2"/>
		<parameter property="cec_mto_dia" 	jdbcType="DECIMAL" 	javaType="java.math.BigDecimal" numericScale="2"/>
		<parameter property="fec_ctb" 		  jdbcType="DATE" 	  javaType="java.util.Date" />
		<parameter property="fec_ctb_sig" 	jdbcType="DATE" 	  javaType="java.util.Date" />
	</parameterMap>		
	<procedure id="validaCargoMonex" parameterMap="setValidaCargoMonex" resultClass="java.lang.Integer">
		{ CALL sp_tfmx_valida_cargo( ?,?,?,?,?,?,? ) }		
	</procedure>

	<parameterMap id="setContabMvtCtaMonex" class="java.util.HashMap">
		<parameter property="cuenta" 		jdbcType="NUMERIC" 	javaType="integer" />
		<parameter property="serial" 		jdbcType="NUMERIC" 	javaType="integer" />
		<parameter property="monto" 		jdbcType="DECIMAL" 	javaType="java.math.BigDecimal" />		
		<parameter property="codigo" 		jdbcType="NUMERIC" 	javaType="integer" />
		<parameter property="numeroColilla" jdbcType="NUMERIC" 	javaType="integer" />
		<parameter property="fecha"   		jdbcType="DATE"    	javaType="java.util.Calendar" typeHandler="cl.bci.middleware.aplicacion.persistencia.handler.CalendarTypeHandler" />
		<parameter property="hora"   		jdbcType="DATE"    	javaType="java.util.Calendar" typeHandler="cl.bci.middleware.aplicacion.persistencia.handler.CalendarTypeHandler" />
		<parameter property="sucursal"  	jdbcType="NUMERIC" javaType="integer" />
		<parameter property="usuario"   	jdbcType="VARCHAR" javaType="string" />
	</parameterMap>
	
	<procedure id="contabMvtCtaMonex" parameterMap="setContabMvtCtaMonex" resultClass="java.lang.Integer">
		{ CALL sp_bcx_ctb_ccx( ?,?,?,?,?,?,?,?,? ) }		
	</procedure>

	<parameterMap id="setTransferenciaMonex" class="java.util.HashMap">
		<parameter property="cta_origen" 	jdbcType="NUMERIC" 	javaType="integer" />
		<parameter property="cta_destino" 	jdbcType="NUMERIC" 	javaType="integer" />
		<parameter property="mto" 			jdbcType="DECIMAL" 	javaType="java.math.BigDecimal" />
		<parameter property="sucursal"  	jdbcType="NUMERIC" javaType="integer" />
		<parameter property="cod_cargo" 	jdbcType="NUMERIC" 	javaType="integer" />
		<parameter property="cod_abono" 	jdbcType="NUMERIC" 	javaType="integer" />
		<parameter property="numeroColilla" jdbcType="DECIMAL" 	javaType="integer" />
		<parameter property="usuario"   	jdbcType="VARCHAR" javaType="string" />
		<parameter property="supervisor"   	jdbcType="VARCHAR" javaType="string" />		
		<parameter property="fec_ctb" 		jdbcType="DATE" 	javaType="java.util.Calendar" typeHandler="cl.bci.middleware.aplicacion.persistencia.handler.CalendarTypeHandler" />
		<parameter property="fec_ctb_sig" 	jdbcType="DATE" 	javaType="java.util.Calendar" typeHandler="cl.bci.middleware.aplicacion.persistencia.handler.CalendarTypeHandler" />
		<parameter property="cec_mto_max" 	jdbcType="DECIMAL" 	javaType="java.math.BigDecimal" />
		<parameter property="cec_mto_dia" 	jdbcType="DECIMAL" 	javaType="java.math.BigDecimal" />
	</parameterMap>

	<procedure id="transferenciaMonex" parameterMap="setTransferenciaMonex" resultClass="java.util.Date">
		{ CALL sp_tfmx_transferencia ( ?,?,?,?,?,?,?,?,?,?,?,?,? ) }		
	</procedure>

	<parameterMap id="setEliminaCtaFav" class="java.util.HashMap">
		<parameter property="id_cta_fav" 	jdbcType="NUMERIC" 	javaType="java.lang.Long" />
	</parameterMap>

	<procedure id="eliminaCtaFav" parameterMap="setEliminaCtaFav" resultClass="java.lang.Integer">
		{ CALL sp_tfmx_del_cta_fav ( ?) }		
	</procedure>

	<resultMap id="getObtenerCtasFavoritas" class="java.util.HashMap">
		<result property="numeroCuentaBeneficiario" jdbcType="char"  	javaType="String" />        
		<result property="rutBeneficiario"			jdbcType="float" 	javaType="java.lang.Long"/>        
		<result property="dvBeneficiario" 			jdbcType="char"  	javaType="String"/>        
		<result property="nombreBeneficiario"		jdbcType="char"  	javaType="String"/>        
		<result property="razonSocialBeneficiario"	jdbcType="char"  	javaType="String"/>        
		<result property="aliasCuenta"				jdbcType="char"  	javaType="String"/>        
		<result property="codigoMoneda"				jdbcType="char"  	javaType="String"/>        
		<result property="siglaMoneda"				jdbcType="char"  	javaType="String"/>        
		<result property="glosaMoneda"				jdbcType="char"  	javaType="String"/>        
		<result property="email"					jdbcType="char"  	javaType="String"/>        
		<result property="idCuentaFavorita"			jdbcType="NUMERIC" 	javaType="String"/>
	</resultMap>

	<parameterMap id="setObtenerCtasFavoritas" class="java.util.HashMap">
		<parameter property="rut_cliente"  	jdbcType="NUMERIC" javaType="java.lang.Long" />
	</parameterMap>		

	<procedure id="obtenerCtasFavoritas" parameterMap="setObtenerCtasFavoritas" resultMap="getObtenerCtasFavoritas">
		{ CALL sp_tfmx_obtener_ctas_fav( ? ) }
	</procedure>

	<parameterMap id="setEditaCtaFavorita" class="java.util.HashMap">
		<parameter property="id_cta_fav" 	jdbcType="NUMERIC" 	javaType="java.lang.Long" />
		<parameter property="rut"  			jdbcType="NUMERIC" 	javaType="java.lang.Long" />
		<parameter property="cuenta"		jdbcType="NUMERIC"  javaType="java.lang.Long" />
		<parameter property="alias_cuenta"  jdbcType="VARCHAR" 	javaType="string" />
		<parameter property="email"   		jdbcType="VARCHAR" 	javaType="string" />		
	</parameterMap>

	<procedure id="editaCtaFavorita" parameterMap="setEditaCtaFavorita" resultClass="java.lang.Long">
		{ CALL sp_tfmx_edit_cta_fav ( ?,?,?,?,?) }		
	</procedure>
	
	<resultMap id="cartolaHistorica" class="java.util.HashMap">
		<result property="codigoRetorno" javaType="String" column="codigoRetorno" jdbcType="char" />  		
		<result property="saldoContable" javaType="double" column="saldoContable" jdbcType="double" />
		<result property="saldoDisponible" javaType="double" column="saldoDisponible" jdbcType="double" /> 
		<result property="serial" javaType="int" column="serial" jdbcType="float" /> 
		<result property="fecha" javaType="java.util.Date" column="fecha" jdbcType="date" /> 
		<result property="montoCargo" javaType="double" column="montoCargo" jdbcType="double" /> 
		<result property="montoAbono" javaType="double" column="montoAbono" jdbcType="double" /> 
		<result property="descripcionMovimiento" javaType="String" column="descripcionMovimiento" jdbcType="char" /> 
		<result property="glosaSucursal" javaType="String" column="glosaSucursal" jdbcType="char" /> 		
	</resultMap>
	
	<procedure id="obtenerCartolaHistorica" resultMap="cartolaHistorica">
		{ CALL sp_cns_cartola_por_fecha ( #cuentaCorriente#, #fechaInicio#, #fechaTermino#) }		
	</procedure>
	

	<resultMap id="getObtenerMotivosRechazo" class="java.util.HashMap">
        <result property="codigo" 				column="codigo" 		javaType="integer" />
        <result property="glosa" 				column="glosa" 			javaType="string" />
	</resultMap>

	<procedure id="obtenerMotivosRechazo" resultMap="getObtenerMotivosRechazo">
		{ CALL sp_con_mot_rech() }
	</procedure>



	<parameterMap id="setConsultarCheques" class="java.util.HashMap">
		<parameter property="ejecutivo"   			jdbcType="CHAR" javaType="string" />		
	</parameterMap>	


	<resultMap id="getConsultarCheques" class="java.util.HashMap">
        <result property="cuenta" 				column="cuenta" 		jdbcType="DECIMAL" javaType="java.math.BigDecimal"/>
        <result property="serial" 				column="serial" 		jdbcType="DECIMAL" javaType="java.math.BigDecimal"/>
        <result property="estado" 				column="estado" 		javaType="INTEGER" />
        <result property="motivo" 				column="motivo" 		javaType="INTEGER" />
        <result property="codigo" 				column="codigo" 		javaType="INTEGER" />
        <result property="fecha" 				column="fecha" 			javaType="java.util.Calendar" typeHandler="cl.bci.middleware.aplicacion.persistencia.handler.CalendarTypeHandler" />
        <result property="usuario_ing" 			column="usuario_ing"	javaType="STRING" />
        <result property="monto" 				column="monto" 			jdbcType="DECIMAL" javaType="java.math.BigDecimal"/>
        <result property="estado_cns" 			column="estado_cns" 	javaType="INTEGER" />
        <result property="usuario_cns" 			column="usuario_cns" 	javaType="STRING" />
        <result property="observacion_cns" 		column="observacion_cns" 	javaType="STRING" />
        <result property="nom_ben" 				column="nom_ben" 		javaType="STRING" />
        <result property="nom_gir" 				column="nom_gir" 		javaType="STRING" />
        <result property="rut_gir" 				column="rut_gir" 		javaType="STRING" />
        <result property="saldoreal" 			column="saldoreal" 		jdbcType="DECIMAL" javaType="java.math.BigDecimal"/>
        <result property="sigla" 				column="sigla" 			javaType="STRING" />
        <result property="plaza" 				column="plaza" 			javaType="STRING" />
        <result property="sucursalori" 			column="sucursalori"	javaType="INTEGER" />
	</resultMap>

	<procedure id="consultarCheques" parameterMap = "setConsultarCheques" resultMap="getConsultarCheques">
		{ CALL sp_cns_chq( ? ) }
	</procedure>
	
	
	
	
	<parameterMap id="setConsultarRetenciones" class="java.util.HashMap">
		<parameter property="cuenta"  				jdbcType="NUMERIC" javaType="integer" />
		<parameter property="dias"  				jdbcType="NUMERIC" javaType="integer" />
	</parameterMap>
	<resultMap id="getConsultarRetenciones" class="java.util.HashMap">
        <result property="cuenta" 				column="cuenta" 		jdbcType="DECIMAL" javaType="java.math.BigDecimal"/>
        <result property="serial" 				column="serial" 		jdbcType="DECIMAL" javaType="java.math.BigDecimal"/>
        <result property="monto" 				column="monto" 			jdbcType="DECIMAL" javaType="java.math.BigDecimal"/>
        <result property="codigo" 				column="codigo" 		javaType="INTEGER" />
        <result property="retencion"			column="retencion" 		javaType="INTEGER" />
        <result property="fecha" 				column="fecha" 			javaType="java.util.Calendar" typeHandler="cl.bci.middleware.aplicacion.persistencia.handler.CalendarTypeHandler" />
        <result property="usuario" 				column="usuario" 		javaType="STRING" />
        <result property="diasretencion" 		column="diasretencion" 	javaType="INTEGER" />
        <result property="sucursal"				column="sucursal" 		javaType="INTEGER" />
		<result property="hora" 				column="hora" 			javaType="java.util.Calendar" typeHandler="cl.bci.middleware.aplicacion.persistencia.handler.CalendarTypeHandler" />        
	</resultMap>

	<procedure id="consultarRetenciones" parameterMap = "setConsultarRetenciones" resultMap="getConsultarRetenciones">
		{ CALL sp_cns_ret( ?, ? ) }
	</procedure>


	<parameterMap id="setProtestarCheque" class="java.util.HashMap">
		<parameter property="cuenta"  				jdbcType="DECIMAL" javaType="java.math.BigDecimal" numericScale="2"/>
		<parameter property="serie"  				jdbcType="DECIMAL" javaType="java.math.BigDecimal" numericScale="2"/>
		<parameter property="monto"   				jdbcType="DECIMAL" javaType="java.math.BigDecimal" numericScale="2"/>
		<parameter property="motivo"  				jdbcType="DECIMAL" javaType="java.math.BigDecimal" numericScale="2"/>
		<parameter property="usuario"  				jdbcType="VARCHAR" javaType="string" />
		<parameter property="origen"  				jdbcType="NUMERIC" javaType="integer" />
		<parameter property="folio"  				jdbcType="NUMERIC" javaType="integer" />
		<parameter property="nombreG1" 				jdbcType="VARCHAR" javaType="string" />
		<parameter property="rutG1" 				jdbcType="VARCHAR" javaType="string" />
		<parameter property="nombreG2" 				jdbcType="VARCHAR" javaType="string" />
		<parameter property="rutG2" 				jdbcType="VARCHAR" javaType="string" />
		<parameter property="nombreBeneficiario"	jdbcType="VARCHAR" javaType="string" />
		<parameter property="dominioBeneficiario"	jdbcType="VARCHAR" javaType="string" />
		<parameter property="indicadorOrigen"		jdbcType="NUMERIC" javaType="integer" />
		<parameter property="pc_error"				jdbcType="NUMERIC" javaType="integer" />
	</parameterMap>
	<resultMap id="getProtestarCheque" class="java.util.HashMap">
		<result property="codigoError" 			column="codError" 	javaType="INTEGER" />
        <result property="descError" 			column="descError" 		javaType="STRING" />
   		<result property="filler" 				column="filler" 		javaType="STRING" />
	</resultMap>

	<procedure id="protestarCheque" parameterMap = "setProtestarCheque" resultMap="getProtestarCheque">
		{ CALL sp_ing_prot_mx( ?, ?, ?, ?, ?, ?, ?, ?, ?, ?, ?, ?, ?, ?, ? ) }
	</procedure>
	

	
	<resultMap id="getObtenerUltimoFolioProtesto" class="java.util.HashMap">
        <result property="folio" 				column="folio" 		javaType="integer" />
	</resultMap>

	<procedure id="obtenerUltimoFolioProtesto" resultMap="getObtenerUltimoFolioProtesto">
		{ CALL sp_cns_ult_fol_pro() }
	</procedure>
	
		
	
	<parameterMap id="setConsultarEstadosCheque" class="java.util.HashMap">
        <parameter property="serial" 				jdbcType="NUMERIC" javaType="java.math.BigDecimal"/>
	</parameterMap>
	
	<resultMap id="getConsultarEstadosCheque" class="java.util.HashMap">
        <result property="cuenta" 				column="cuenta" 		jdbcType="DECIMAL" javaType="java.math.BigDecimal"/>
        <result property="serial" 				column="serial" 		jdbcType="DECIMAL" javaType="java.math.BigDecimal"/>
        <result property="estado" 				column="estado" 		javaType="INTEGER" />
        <result property="motivo" 				column="motivo" 		javaType="INTEGER" />
        <result property="fecha" 				column="fecha" 			javaType="STRING" />
        <result property="ejecutivo" 			column="ejecutivo" 		javaType="STRING" />
        <result property="estado_cns" 			column="estado_cns" 	javaType="INTEGER" />
	</resultMap>

	<procedure id="consultarEstadosCheque" parameterMap = "setConsultarEstadosCheque" resultMap="getConsultarEstadosCheque">
		{ CALL sp_cns_estado_chq( ? ) }
	</procedure>
	
	

	<parameterMap id="setPagarCheque" class="java.util.HashMap">
		<parameter property="cuenta"  				jdbcType="DECIMAL" javaType="java.math.BigDecimal" numericScale="2"/>
		<parameter property="monto"   				jdbcType="DECIMAL" javaType="java.math.BigDecimal" numericScale="2"/>
		<parameter property="sucursal" 				jdbcType="NUMERIC" javaType="integer" />
		<parameter property="codigo" 				jdbcType="NUMERIC" javaType="integer" />
		<parameter property="serie"  				jdbcType="DECIMAL" javaType="java.math.BigDecimal" numericScale="2"/>
		<parameter property="usuario"  				jdbcType="VARCHAR" javaType="string" />
		<parameter property="supervisor"  			jdbcType="VARCHAR" javaType="string" />
		<parameter property="pass"  				jdbcType="VARCHAR" javaType="string" />
		<parameter property="pc_error"				jdbcType="NUMERIC" javaType="integer" />
	</parameterMap>

	<resultMap id="getPagarCheque" class="java.util.HashMap">
		<result property="codigoError" 			column="codError" 	javaType="INTEGER" />
        <result property="descError" 			column="descError" 		javaType="STRING" />
   		<result property="filler" 				column="filler" 		javaType="STRING" />
	</resultMap>

	<procedure id="pagarCheque" parameterMap = "setPagarCheque" resultMap="getPagarCheque">
		{ CALL sp_car_cheques_mx( ?, ?, ?, ?, ?, ?, ?, ?, ?) }
	</procedure>
	
	
	
	<parameterMap id="setConsultarInformacionCheques" class="java.util.HashMap">
        <parameter property="serial" 				jdbcType="NUMERIC" javaType="java.math.BigDecimal"/>
	</parameterMap>

	<resultMap id="getConsultarInformacionCheques" class="java.util.HashMap">
        <result property="cuenta" 				column="cuenta" 		jdbcType="DECIMAL" javaType="java.math.BigDecimal"/>
        <result property="serial" 				column="serial" 		jdbcType="DECIMAL" javaType="java.math.BigDecimal"/>
        <result property="estado" 				column="estado" 		javaType="INTEGER" />
        <result property="motivo" 				column="motivo" 		javaType="INTEGER" />
        <result property="codigo" 				column="codigo" 		javaType="INTEGER" />
        <result property="fecha" 				column="fecha" 			javaType="java.util.Calendar" typeHandler="cl.bci.middleware.aplicacion.persistencia.handler.CalendarTypeHandler" />
        <result property="usuario_ing" 			column="usuario_ing"	javaType="STRING" />
        <result property="monto" 				column="monto" 			jdbcType="DECIMAL" javaType="java.math.BigDecimal"/>
        <result property="estado_cns" 			column="estado_cns" 	javaType="INTEGER" />
        <result property="usuario_cns" 			column="usuario_cns" 	javaType="STRING" />
        <result property="observacion_cns" 		column="observacion_cns" 	javaType="STRING" />
        <result property="nom_ben" 				column="nom_ben" 		javaType="STRING" />
        <result property="nom_gir" 				column="nom_gir" 		javaType="STRING" />
        <result property="rut_gir" 				column="rut_gir" 		javaType="STRING" />
        <result property="saldoreal" 			column="saldoreal" 		jdbcType="DECIMAL" javaType="java.math.BigDecimal"/>
        <result property="sigla" 				column="sigla" 			javaType="STRING" />
        <result property="plaza" 				column="plaza" 			javaType="STRING" />
        <result property="sucursalori" 			column="sucursalori"	javaType="INTEGER" />
	</resultMap>

	<procedure id="consultarInformacionCheques" parameterMap ="setConsultarInformacionCheques" resultMap="getConsultarInformacionCheques">
		{ CALL sp_cns_inf_chq( ? ) }
	</procedure>
	
			
    		
    <parameterMap id="setCambiarEstadoCheque" class="java.util.HashMap">
		<parameter property="serie"  				jdbcType="DECIMAL" javaType="java.math.BigDecimal" numericScale="2"/>
		<parameter property="estadoNuevo" 			jdbcType="NUMERIC" javaType="integer" />
		<parameter property="motivo" 				jdbcType="NUMERIC" javaType="integer" />
		<parameter property="comentario"  			jdbcType="VARCHAR" javaType="string" />
	<parameter property="usuario_cns"  			jdbcType="VARCHAR" javaType="string" />
	</parameterMap>

	<resultMap id="getCambiarEstadoCheque" class="java.util.HashMap">
		<result property="codigoError" 			column="c_error" 	javaType="INTEGER" />
	</resultMap>

	<procedure id="cambiarEstadoCheque" parameterMap = "setCambiarEstadoCheque" resultMap="getCambiarEstadoCheque">
		{ CALL sp_act_est_chq( ?, ?, ?, ?, ?) }
	</procedure>
	
	
	<parameterMap id="setConsultarHitorialCuenta" class="java.util.HashMap">
        <parameter property="rut" 				jdbcType="VARCHAR" javaType="string"/>
	</parameterMap>
	
	<resultMap id="getConsultarHitorialCuenta" class="java.util.HashMap">
        <result property="cuenta" 				column="tmp_cuenta" 		jdbcType="DECIMAL" javaType="java.math.BigDecimal"/>
        <result property="serial" 				column="tmp_serial" 		jdbcType="DECIMAL" javaType="java.math.BigDecimal"/>
        <result property="estado" 				column="tmp_estado" 		javaType="INTEGER" />
        <result property="motivo" 				column="tmp_motivo" 		javaType="INTEGER" />
        <result property="fecha" 				column="tmp_fecha" 			javaType="java.util.Calendar" typeHandler="cl.bci.middleware.aplicacion.persistencia.handler.CalendarTypeHandler" />
        <result property="ejecutivo" 			column="tmp_ejecuti" 		javaType="STRING" />
        <result property="estado_cns" 			column="tmp_estado_cns"		javaType="INTEGER" />
        <result property="monto" 				column="tmp_monto" 			jdbcType="DECIMAL" javaType="java.math.BigDecimal"/>
        <result property="nom_gir" 				column="tmp_nom_gir" 		javaType="STRING" />
        <result property="moneda" 				column="sigla" 				javaType="STRING" />
	</resultMap>

	<procedure id="consultarHitorialCuenta" parameterMap = "setConsultarHitorialCuenta" resultMap="getConsultarHitorialCuenta">
		{ CALL sp_consulta_cheques( ? ) }
	</procedure>
	
</sqlMap>