<?xml version="1.0" encoding="UTF-8" ?>

<!DOCTYPE sqlMap      
    PUBLIC "-//ibatis.apache.org//DTD SQL Map 2.0//EN"      
    "http://ibatis.apache.org/dtd/sql-map-2.dtd">
    
<sqlMap namespace="sipe.procedimientosAlmacenados">
  <parameterMap id="setInsertaDatos" class="java.util.HashMap">
        <parameter property="identificadorConvenio"     jdbcType="CHAR"     javaType="String" />
        <parameter property="identificadorCliente"      jdbcType="CHAR"     javaType="String" />
        <parameter property="rutOrigen"                 jdbcType="CHAR"     javaType="String" />
        <parameter property="digitoVerificadorOrigen"   jdbcType="CHAR"     javaType="String" />
        <parameter property="cuentaOrigen"              jdbcType="CHAR"     javaType="String" />
        <parameter property="nombreOrigen"              jdbcType="CHAR"     javaType="String" />
        <parameter property="telefonoOrigen"            jdbcType="CHAR"     javaType="String" />
        <parameter property="emailOrigen"               jdbcType="CHAR"     javaType="String" />
        <parameter property="rutDestino"                jdbcType="CHAR"     javaType="String" />
        <parameter property="digitoVerificadorDestino"  jdbcType="CHAR"     javaType="String" />
        <parameter property="cuentaDestino"             jdbcType="CHAR"     javaType="String" />
        <parameter property="monto"                     jdbcType="Double"   javaType="java.lang.Double" numericScale="8" />
        <parameter property="ciudad"                    jdbcType="CHAR"     javaType="String" />
        <parameter property="comuna"                    jdbcType="CHAR"     javaType="String" />
    </parameterMap>
    <procedure id="insertaDatos" parameterMap="setInsertaDatos" resultClass="String">
        { CALL sp_ins_det_com_mdt( ?,?,?,?,?,?,?,?,?,?,?,?,?,? ) }
    </procedure>
    
            <parameterMap id="setConsultaPagosAutomaticosCliente" class="java.util.HashMap">
            <parameter property="rut"               jdbcType="VARCHAR"      javaType="String" />
            <parameter property="periodo"           jdbcType="DATE"         javaType="java.util.Calendar" typeHandler="cl.bci.middleware.aplicacion.persistencia.handler.CalendarTypeHandler"  />
            <parameter property="bloque"            jdbcType="NUMERIC"      javaType="int" />
            <parameter property="cantidadRegistros" jdbcType="NUMERIC"      javaType="int" />
        </parameterMap>
    
        <resultMap id="getConsultaPagosAutomaticosCliente" class="java.util.HashMap">
                <result property="empresa"                      column="empresa"            jdbcType="VARCHAR"      javaType="String"/>                 
                <result property="numeroCliente"                column="numeroCliente"      jdbcType="VARCHAR"      javaType="String"/>         
                <result property="cuentaCargo"                  column="cuenta"             jdbcType="VARCHAR"      javaType="String"/>
                <result property="monto"                        column="monto"              jdbcType="NUMERIC"      javaType="int"/>
                <result property="fechaContable"                column="fecha"              jdbcType="DATE"         javaType="java.util.Calendar" typeHandler="cl.bci.middleware.aplicacion.persistencia.handler.CalendarTypeHandler"  />
                <result property="operacion"                    column="operacion"          jdbcType="VARCHAR"      javaType="String"/>
                <result property="numerosPagina"                column="numerosPagina"      jdbcType="NUMERIC"      javaType="int"/>
        </resultMap>
    
        <procedure id="consultaPagosAutomaticosCliente" parameterMap="setConsultaPagosAutomaticosCliente" resultMap="getConsultaPagosAutomaticosCliente">
            { CALL sp_CnsPagPAC( ?, ?, ?, ?) }
    </procedure>
    
    <!--  VALES VENCIDOS  - INICIO  -->
<!--Obtener los vales vista vencidos de una orden para una cierta empresa  -->
    <parameterMap id="setObtenerValesVencidos" class="java.util.HashMap">
        <parameter property="rutEmpresa"            jdbcType="VARCHAR" javaType="String" />
        <parameter property="nroFolio"              jdbcType="VARCHAR" javaType="String" />
        <parameter property="fechaInicio"           jdbcType="VARCHAR" javaType="String" />
        <parameter property="fechaFin"              jdbcType="VARCHAR" javaType="String" />
        <parameter property="codProducto"           jdbcType="VARCHAR" javaType="String" />
        <parameter property="numeroConvenio"        jdbcType="VARCHAR" javaType="String" />
    </parameterMap>
    
    <!-- sp_CEII_obtValesVencidos ( @rutEmpresa CHAR(12),
                                    @nroFolio CHAR(12),
                                    @fechaInicio CHAR(19),
                                    @fechaFin CHAR(19),
                                    @codProducto CHAR(3),
                                    @numeroConvenio CHAR(10)
                                   )         
    -->
    <resultMap id="getObtenerValesVencidos" class="java.util.HashMap">
        <result property="NUMERO_LINEA" jdbcType="VARCHAR" javaType="String" /> 
        <result property="NRO_VALE_VISTA" jdbcType="VARCHAR" javaType="String" /> 
        <result property="RUT_BENEFICIARIO" jdbcType="VARCHAR" javaType="String" /> 
        <result property="DV_BENEFICIARIO" jdbcType="VARCHAR" javaType="String" /> 
        <result property="NOMBRE_BENEFICIARIO" jdbcType="VARCHAR" javaType="String" />
        <result property="APELLIDO_PATERNO_BENEFICIARIO" jdbcType="VARCHAR" javaType="String" />
        <result property="APELLIDO_MATERNO_BENEFICIARIO" jdbcType="VARCHAR" javaType="String" />
        <result property="MONTO" jdbcType="DECIMAL" javaType="Double" />
        <result property="NOMBRE_OFICINA_ENTREGA" jdbcType="VARCHAR" javaType="String" />
        <result property="FECHA_ENTREGA_VALE_VISTA" jdbcType="DATE" javaType="Date" />
        <result property="ESTADO_VALE_VISTA" jdbcType="VARCHAR" javaType="String" />
        <result property="FECHA_CADUCIDAD" jdbcType="DATE" javaType="Date" />
    </resultMap>
                             
    <procedure id="obtenerValesVencidos" parameterMap="setObtenerValesVencidos" resultMap="getObtenerValesVencidos">
        {CALL sp_CEII_obtValesVencidos (?,?,?,?,?,?)}
    </procedure> 
    
    
    <!--Obtener las ordenes con vales vista vencidos para una cierta empresa  -->   
    <parameterMap id="setObtenerOrdenesValesVencidos" class="java.util.HashMap">
        <parameter property="rutEmpresa"            jdbcType="VARCHAR" javaType="String" />
        <parameter property="cantRegistros"         jdbcType="NUMERIC" javaType="Integer" />
        <parameter property="nroPagina"             jdbcType="NUMERIC" javaType="Integer" />
        <parameter property="esExcel"               jdbcType="VARCHAR" javaType="String" />
        <parameter property="fechaInicio"           jdbcType="VARCHAR" javaType="String" />
        <parameter property="fechaFin"              jdbcType="VARCHAR" javaType="String" />
        <parameter property="codProducto"           jdbcType="VARCHAR" javaType="String" />
        <parameter property="numeroConvenio"        jdbcType="VARCHAR" javaType="String" />
    </parameterMap>
    
    <!-- sp_CEII_ordenesValesVencidos ( @rutEmpresa CHAR(12),
                            @cantRegistros INT,
                        @nroPagina INT,
                        @esExcel CHAR(1),
                        @fechaInicio CHAR(19),
                        @fechaFin CHAR(19)
                        @codProducto CHAR(3),
                        @numeroConvenio CHAR(10)
                                       )
    -->
    <resultMap id="getObtenerOrdenesValesVencidos" class="java.util.HashMap">
        <result property="FOLIO" jdbcType="VARCHAR"  javaType="String" />
        <result property="FECHA_PAGO" jdbcType="DATE" javaType="Date" /> 
        <result property="RUT_APODERADO_1_EMPRESA" jdbcType="VARCHAR" javaType="String" /> 
        <result property="DV_APODERADO_1_EMPRESA" jdbcType="VARCHAR" javaType="String" /> 
        <result property="MONTO" jdbcType="DECIMAL" javaType="Double" />
        <result property="CANTIDAD_PAGINAS" jdbcType="NUMERIC" javaType="Integer" />
    </resultMap>
                             
    <procedure id="obtenerOrdenesValesVencidos" parameterMap="setObtenerOrdenesValesVencidos" resultMap="getObtenerOrdenesValesVencidos">
        {CALL sp_CEII_ordenesValesVencidos (?,?,?,?,?,?,?,?)}
    </procedure>

<!--  VALES VENCIDOS  - FIN  -->

<!--  BLOQUEOS Y CAMBIO RECEPTOR  - INICIO  -->

    <procedure id="detallePlanillas" parameterClass="java.util.HashMap" resultClass="java.util.HashMap">
        {CALL sp_obtener_detalle_msg_svp(#p_msg_svp_fol_arc#)}
    </procedure>

    <procedure id="generaFolio" parameterClass="java.util.HashMap" resultClass="java.util.HashMap">
        {CALL sp_CEII_Genera_Folio()}
    </procedure>

<!--  BLOQUEOS Y CAMBIO RECEPTOR  - FIN  -->    


     <!--  Suscripcion PAC  - INICIO  -->
    <parameterMap id="setObtieneCEIIMandatosPAC" class="java.util.HashMap">
        <parameter property="numeroCtaCte"             jdbcType="VARCHAR" javaType="String"/>
        <parameter property="numeroConvenioMandato"    jdbcType="INT"     javaType="Integer" />
        <parameter property="codigoMandato"            jdbcType="VARCHAR" javaType="String" />
        <parameter property="tipoConsulta"             jdbcType="VARCHAR" javaType="String" />
        <parameter property="registrosPorPagina"       jdbcType="INTEGER" javaType="Integer" />
        <parameter property="pagina"                   jdbcType="INTEGER" javaType="Integer" />
        <parameter property="estadoDeBusquedaMandato"  jdbcType="VARCHAR" javaType="String" />
        
    </parameterMap> 

    <procedure id="obtieneCEIIMandatosPAC" parameterMap="setObtieneCEIIMandatosPAC" resultClass="java.util.HashMap">
        { CALL Sp_CEII_PacEmps_SsContratados( ?, ?, ?, ?, ?, ?, ?) }
    </procedure>    
    <!-- Fin Suscripcion PAC BCI Express -->

    <!-- Inicio  Convenios BEL Everest -->
    
    <resultMap id="ListadoBancos"   class="java.util.HashMap">
            <result property="bco_cod"      column="bco_cod"        />
            <result property="bco_nom"      column="bco_nom"        />
            <result property="bco_rut"          column="bco_rut"            />
            <result property="bco_vrt"      column="bco_vrt"        />
    </resultMap>
    
    <procedure id="consultarBancos" parameterClass="java.util.HashMap" resultMap="ListadoBancos">
        {CALL sp_bancos_tran}
    </procedure>
    
    <!-- Fin  Convenios BEL Everest -->


        <!-- Recupera DKT -->
    <procedure id="consultaIndicadorEmpresa" parameterClass="java.util.HashMap" resultClass="java.util.HashMap">
        { CALL sp_recupera_dkt_web(#rut_emp#, #vvi#)}
    </procedure>    
    
    
        <procedure id="realizaInscripcionSipe" parameterClass="java.util.HashMap" resultClass="java.util.HashMap">
        {CALL sp_graba_pac_comp(#bnf_rut#,#bnf_dv#, #bnf_nom#, #bnf_ape_ptn#, #bnf_ape_mtn#, #mdt_dir#, #bnf_fon#, #cmn_cod#, #mdt_cta_cte#,
                    #mdt_dia_pag#, #mdt_ofi_ing#, #mdt_eje_ing#, #bco_cod#, #tipo_seguro#, #propuesta#, #rut_empresa#, #dig_empresa#)}
    </procedure>
    
    <parameterMap id="parametrosEntrada" class="java.util.HashMap">
        <parameter property="rutCliente"  jdbcType="VARCHAR" javaType="String"/>
        <parameter property="mes"               jdbcType="INT" javaType="Integer" />
        <parameter property="anyo"        jdbcType="INT" javaType="Integer" />      
    </parameterMap> 

    <resultMap id="salida"  class="java.util.HashMap">
            <result property="folio"        column="folio"      />
            <result property="linea"        column="linea"      />
            <result property="fechaPago" column="fechaPago" javaType="java.util.Date" jdbcType="date" />
            <result property="tipoConvenio"     column="tipoConvenio"       />
            <result property="numeroCuenta"     column="numeroCuenta"       />
            <result property="montoPago"        column="montoPago"      />
            <result property="nombreEmpresa"        column="nombreEmpresa"      />
            <result property="instruidoPor"     column="instruidoPor"       />
            <result property="estado"       column="estado"     />
    </resultMap>
    
    <procedure id="listadoAbonosTransfer" parameterMap="parametrosEntrada" resultMap="salida">
        {CALL sp_listado_abonos_transfer (?, ?, ?)}
    </procedure>

    <parameterMap id="setactivarMandato" class="java.util.HashMap">
	<parameter property="codCca"          jdbcType="CHAR" 	   javaType="String" />
	<parameter property="rutEmpresa"      jdbcType="CHAR" 	   javaType="String" />
	<parameter property="digitoVerifEmp"  jdbcType="CHAR" 	   javaType="String" />
	<parameter property="rutUsuario"      jdbcType="CHAR" 	   javaType="String" />
	<parameter property="digitoVerifUsu"  jdbcType="CHAR" 	   javaType="String" />
	<parameter property="idServicio"      jdbcType="CHAR" 	   javaType="String" />
	<parameter property="ctaCteCargo"     jdbcType="CHAR" 	   javaType="String" />
	<parameter property="codBanco"        jdbcType="CHAR" 	   javaType="String" />
	<parameter property="diaPago"         jdbcType="INTEGER"   javaType="java.lang.Long" />
	<parameter property="cantidadCuotas"  jdbcType="INTEGER"   javaType="Integer" />
	<parameter property="monto"           jdbcType="DECIMAL"   javaType="java.lang.Double" />
	<parameter property="fechaTermino"    jdbcType="DATETIME"  javaType="java.util.Date" />
	<parameter property="canal"           jdbcType="CHAR"      javaType="String" />
	<parameter property="tipoMandato"     jdbcType="CHAR"      javaType="String" />
	<parameter property="montoCuota"      jdbcType="CHAR"      javaType="String" />
	<parameter property="montoSigCuota"   jdbcType="CHAR"      javaType="String" />
	<parameter property="valorFinal"      jdbcType="CHAR"      javaType="String" />		
	<parameter property="referencia"      jdbcType="CHAR"      javaType="String" />		
     </parameterMap>

     <procedure id="activaMandato" parameterMap="setactivarMandato" resultClass="int">
	{ CALL sp_activaMandatoEspecial ( ?,?,?,?,?,?,?,?,?,?,?,?,?,?,?,?,?,? ) }
     </procedure>

     <parameterMap id="setanulaMandato" class="java.util.HashMap">
	<parameter property="codCca"          jdbcType="CHAR" 	   javaType="String" />
	<parameter property="rutEmpresa"      jdbcType="CHAR" 	   javaType="String" />
	<parameter property="digitoVerifEmp"  jdbcType="CHAR" 	   javaType="String" />
	<parameter property="rutUsuario"      jdbcType="CHAR" 	   javaType="String" />
	<parameter property="digitoVerifUsu"  jdbcType="CHAR" 	   javaType="String" />
	<parameter property="idServicio"      jdbcType="CHAR" 	   javaType="String" />
	<parameter property="canal"           jdbcType="CHAR"      javaType="String" />
	<parameter property="tipoMandato"     jdbcType="CHAR"      javaType="String" />
      </parameterMap>
      <procedure id="anulaMandato" parameterMap="setanulaMandato" resultClass="int">
	{ CALL sp_anulaMandatoEspecial ( ?,?,?,?,?,?,?,? ) }
      </procedure>

	 <!-- BEL Pagos recibidos-->
	 <!-- sp_ConsultaDpp( @num_fol   char(12),
                          @rut_bnf   char(12),
                          @linea     char(07),
                          @ord       char(09),
                          @regxpag   int, 
                          @pagina    int)
	 -->
	 <parameterMap id="setDetallePagosRecibidos" class="java.util.HashMap">
	 	<parameter property="numeroDeFolio"          jdbcType="CHAR" 	   javaType="java.lang.String" />
		<parameter property="rutBeneficiario"        jdbcType="CHAR" 	   javaType="java.lang.String" />
		<parameter property="numeroRelacionPago"     jdbcType="CHAR" 	   javaType="java.lang.String" />
		<parameter property="numeroDeOrdenDeCompra"  jdbcType="CHAR" 	   javaType="java.lang.String" />
		<parameter property="registrosPorPagina"  	 jdbcType="INTEGER"    javaType="java.lang.Integer" />
		<parameter property="numeroDePagina"  	 	 jdbcType="INTEGER"    javaType="java.lang.Integer" />
	 </parameterMap>

    <resultMap id="detallePagosRecibidos"  class="java.util.HashMap">
			<result property="cantidadDePaginas"       		javaType="java.lang.Integer" jdbcType="int"/>
			<result property="totalNotasCredito"       		javaType="java.lang.Long" jdbcType="DECIMAL"/>
			<result property="totalNotasDebito"       		javaType="java.lang.Long" jdbcType="DECIMAL"/>
			<result property="totalFacturas"       		    javaType="java.lang.Long" jdbcType="DECIMAL"/>
            <result property="folio"       		 			javaType="java.lang.String" jdbcType="CHAR"/>
			<result property="nombreBanco" 		 			javaType="java.lang.String" jdbcType="CHAR" />
			<result property="glosaPago"   		 			javaType="java.lang.String" jdbcType="CHAR" />
			<result property="tipoDocumentoPago" 			javaType="java.lang.String" jdbcType="CHAR" />
			<result property="numeroDocumentoPago" 			javaType="java.lang.String" jdbcType="CHAR" />
			<result property="valorDocumentoPago" 			javaType="java.lang.String" jdbcType="CHAR" />
			<result property="valorDescuentoDocumentoPago" 	javaType="java.lang.String" jdbcType="CHAR" />
			<result property="montoAPagar" 		    		javaType="java.lang.String" jdbcType="CHAR" />
			<result property="descripcionRechazo" 		   	javaType="java.lang.String" jdbcType="CHAR" />
      </resultMap>
	 
    <procedure id="obtenerDetallePagosRecibidos" parameterMap="setDetallePagosRecibidos" resultMap="detallePagosRecibidos">
        {CALL sp_ConsultaDpp (?, ?, ?, ?, ?, ?)}
      </procedure>
      <!-- FIN BEL Pagos recibidos-->

	<!-- Inicio Aplicacion Web Sipe -->
	
    <procedure id="consultaMandatosImpresionPorRut" parameterClass="java.util.HashMap" resultClass="java.util.HashMap">
		{CALL SpMdtBciRut(#rutCliente#,#estadoMandato#,#estadoOpcionalMandato#)}
	</procedure>	
	
    <procedure id="consultaMandatosImpresionPorConvenio" parameterClass="java.util.HashMap" resultClass="java.util.HashMap">
		{CALL SpMdtBciCnv(#codigoConvenio#,#estadoMandato#,#estadoOpcionalMandato#)}
	</procedure>	
	
	<procedure id="consultaMandatosImpresionPorConvenioOtrosBancos" parameterClass="java.util.HashMap" resultClass="java.util.HashMap">
		{CALL SpMdtObCnv(#codigoConvenio#,#identificadorCliente#,#tipoConsulta#)}
	</procedure>	

    <procedure id="consultaEstadoPagoMandato" parameterClass="java.util.HashMap" resultClass="java.util.HashMap">
		{CALL Pr_RecuperaEstadoPagoMandato(#codigoConvenio#,#rut#,#identificadorCliente#)}
	</procedure>

    <procedure id="consultaPagosMandato" parameterClass="java.util.HashMap" resultClass="java.util.HashMap">
		{CALL Pr_Pac1070_LeePagosIdC(#codigoConvenio#,#rut#,#month#,#year#,#identificadorCliente#)}
	</procedure>
	
    <procedure id="reactivaPagosMandato" parameterClass="java.util.HashMap" resultClass="java.util.HashMap">
		{CALL Pr_Pac1090_ReactivaPagoPac(#folio#, #cuentaCorriente#, #usuario#)}
	</procedure>	

    <procedure id="detienePagosMandato" parameterClass="java.util.HashMap" resultClass="java.util.HashMap">
		{CALL Pr_Pac1080_DetienePagoPac(#folio#, #cuentaCorriente#, #usuario#)}
	</procedure>	
	
    <procedure id="detieneReactivaMandato" parameterClass="java.util.HashMap" resultClass="java.util.HashMap">
		{CALL Sp_DetRea_Mdt(#indicador#, #convenio#, #rutCliente#, #identificadorCliente#, #usuario#)}
	</procedure>
		
	<procedure id="consultaEstados" parameterClass="java.util.HashMap" resultClass="java.util.HashMap">
		{CALL sp_consulta_estados()}
	</procedure>
	
	<procedure id="consultaOficinas" parameterClass="java.util.HashMap" resultClass="java.util.HashMap">
		{CALL Pr_Spe00050_LeeOficinas()}
	</procedure>
	
	<procedure id="consultaBanco" parameterClass="java.util.HashMap" resultClass="java.util.HashMap">
		{CALL sp_consulta_banco()}
	</procedure>
	
	<procedure id="consultaMandatos" parameterClass="java.util.HashMap" resultClass="java.util.HashMap">
		{CALL Pr_Pac1030_LeeMandatos(#rutCliente#)}
  	</procedure>
  	
	<procedure id="consultaMandatosPorCriterio" parameterClass="java.util.HashMap" resultClass="java.util.HashMap">
		{CALL Pr_Pac1036_LeeMandatos(#rut#, #codigoConvenio#, #identificadorCliente#)}
  	</procedure>
	
  	<procedure id="consultaConvenios" parameterClass="java.util.HashMap" resultClass="java.util.HashMap">
		{CALL Pr_Pac1010_EmpEnConv()}
  	</procedure>
  	
  	<procedure id="autorizaMandato" parameterClass="java.util.HashMap" resultClass="java.util.HashMap">
		{CALL Pr_Pac1050_AutorizaMandato(#rut#,#nroConv#,#idCliente#,#oficina#,#ejecutivo#,#estado#,#dv#,#nombre#,#ape_ptn#,#ape_mtn#,#direccion#)}
  	</procedure>
  	
  	<procedure id="ingresaAnulacion" parameterClass="java.util.HashMap" resultClass="java.util.HashMap">
		{CALL sp_ext_dcp_cca(#nroConv#)}
  	</procedure>
  	
  	<procedure id="anularMandato" parameterClass="java.util.HashMap" resultClass="java.util.HashMap">
		{CALL Pr_Pac1040_AnulaMandato(#rut#,#nroConv#,#idCliente#,#oficina#,#ejecutivo#,#estadoActual#,#estadoNuevo#,#descripcion#)}
  	</procedure>
	
	<procedure id="rechazarMandato" parameterClass="java.util.HashMap" resultClass="java.util.HashMap">
		{CALL Pr_Pac1060_RechazaMandato(#rut#,#nroConv#,#idCliente#,#oficina#,#ejecutivo#,#estadoActual#,#estadoNuevo#,#descripcion#)}
  	</procedure>
  	
  	<procedure id="grabarMandato" parameterClass="java.util.HashMap" resultClass="java.util.HashMap">
		{CALL Pr_Pac1020_GrabaMandato(#nroConv#,#rut#,#dv#,#nombre#,#apePaterno#,#apeMaterno#,#idCliente#,#direccion#,#ctacte#,
		#diaPago#,#montoMax#,#fechaTermino#,#oficinaIngreso#,#ejecutivoIngreso#,#estado#,#codBanco#,#flagMandato#,#refUno#,#refDos#)}
  	</procedure>
  	
  	<procedure id="actualizarMandato" parameterClass="java.util.HashMap" resultClass="java.util.HashMap">
		{CALL Pr_Pac1025_ModificaMandato(#nroConv#,#rut#,#dv#,#nombre#,#apePaterno#,#apeMaterno#,#idCliente#,#direccion#,#ctacte#,
		#diaPago#,#montoMax#,#fechaTermino#,#oficinaIngreso#,#ejecutivoIngreso#,#estado#,#codBanco#,#flagMandato#,#refUno#,#refDos#)}
  	</procedure>
  	
  	<procedure id="consultaPagos" parameterClass="java.util.HashMap" resultClass="java.util.HashMap">
		{CALL Pr_Pac1070_LeePagos(#codigoConvenio#,#rut#,#month#,#year#,#identificadorCliente#)}
	</procedure>
  	
	<!-- Fin Aplicacion Web Sipe -->
	
    <!-- Mejoras para PAC Personas -->
	<procedure id="modificaNombrePagoAutomaticoCliente" parameterClass="java.util.HashMap" resultClass="java.util.HashMap">
        {CALL Sp_BciPago_ModNombre(#rut_cli#,#cnv_num#,#cta_cte#,#ide_cli#,#mdt_nom#)}
    </procedure>
	
    <procedure id="consultaDatosConvenio" parameterClass="java.util.HashMap" resultClass="java.util.HashMap">
        {CALL SpExtraeConvenioPac(#mcv_num#)}
    </procedure>
	
	<procedure id="traeServiciosPac" parameterClass="java.util.HashMap" resultClass="java.util.HashMap">
        {CALL sp_cns_srv_pac }
    </procedure>
	
	<procedure id="traeEmpresasPac" parameterClass="java.util.HashMap" resultClass="java.util.HashMap">
        {CALL sp_cns_emp_srv(#cod_cca#)}
    </procedure>
	
	<procedure id="traeNombreDeConvenio" parameterClass="java.util.HashMap" resultClass="java.util.HashMap">
        {CALL sp_cns_srv_nom(#mcv_num#)}
    </procedure>
	<!--Fin  Mejoras para PAC Personas -->

           
	<parameterMap id="setObtenerNumeroTransf" class="java.util.HashMap">
		<parameter property="tipoTransferencia"          jdbcType="CHAR" 	   javaType="String" />
	</parameterMap>
	
	<resultMap id="getObtenerNumeroTransf" class="java.util.HashMap">
		<result property="numeroTransf"		column="numeroTransf"		javaType="String" />
	</resultMap>
	
	<procedure id="obtenerNumeroTransf" parameterMap="setObtenerNumeroTransf" resultMap="getObtenerNumeroTransf">
		{ CALL sp_num_trf_rec_cel ( ? ) }
	</procedure>
	 
</sqlMap>   
