<?xml version="1.0" encoding="UTF-8" ?>

<!DOCTYPE sqlMap      
    PUBLIC "-//ibatis.apache.org//DTD SQL Map 2.0//EN"      
    "http://ibatis.apache.org/dtd/sql-map-2.dtd">
	
<sqlMap namespace="sipe.procedimientosAlmacenados">
  <parameterMap id="setInsertaDatos" class="java.util.HashMap">
		<parameter property="identificadorConvenio"     jdbcType="CHAR" 	javaType="String" />
		<parameter property="identificadorCliente"      jdbcType="CHAR" 	javaType="String" />
		<parameter property="rutOrigen"                 jdbcType="CHAR" 	javaType="String" />
		<parameter property="digitoVerificadorOrigen"   jdbcType="CHAR" 	javaType="String" />
		<parameter property="cuentaOrigen"              jdbcType="CHAR" 	javaType="String" />
		<parameter property="nombreOrigen"              jdbcType="CHAR" 	javaType="String" />
		<parameter property="telefonoOrigen"            jdbcType="CHAR" 	javaType="String" />
		<parameter property="emailOrigen"               jdbcType="CHAR" 	javaType="String" />
		<parameter property="rutDestino"                jdbcType="CHAR" 	javaType="String" />
		<parameter property="digitoVerificadorDestino"  jdbcType="CHAR" 	javaType="String" />
		<parameter property="cuentaDestino"             jdbcType="CHAR" 	javaType="String" />
		<parameter property="monto"                     jdbcType="Double"	javaType="java.lang.Double" numericScale="8" />
		<parameter property="ciudad"                    jdbcType="CHAR" 	javaType="String" />
		<parameter property="comuna"                    jdbcType="CHAR" 	javaType="String" />
	</parameterMap>
	<procedure id="insertaDatos" parameterMap="setInsertaDatos" resultClass="String">
		{ CALL sp_ins_det_com_mdt( ?,?,?,?,?,?,?,?,?,?,?,?,?,? ) }
	</procedure>
</sqlMap>	