<?xml version="1.0" encoding="UTF-8" ?>

<!DOCTYPE sqlMap      
    PUBLIC "-//ibatis.apache.org//DTD SQL Map 2.0//EN"      
    "http://ibatis.apache.org/dtd/sql-map-2.dtd">

	<sqlMap namespace="fondos_inv.procedimientosAlmancenados">	
		
		<resultMap id="MapObtenerFondosDeInversion"	class="java.util.HashMap">
			<result property="runFondo"				column="runFondo"		/>
			<result property="dv"					column="dv"		/>
			<result property="nombre"				column="nombre"			/>
			<result property="nemotecnico"			column="nemotecnico"	/>
			<result property="numCuotas"			column="numCuotas"	/>
			<result property="moneda"				column="moneda"			/>
			<result property="montoEmision"			column="montoEmision"	/>
			<result property="fechaCreacion"		column="fechaInicio"		/>
			<result property="fechaExpiracion"		column="fechaExpiracion"	/>
			<result property="fechaInicio"			column="fechaInicio"		/>
			<result property="fechaInicioColoc"		column="fechaInicioColoc"		/>
			<result property="estado"				column="estado"			/>
			<result property="glosaTipoFondo"       column="glosaTipoFondo"         />
			<result property="cuotasDisp"           column="cuotasDisp"         />
			<result property="monedaEmision"        column="monedaEmision"         />
		</resultMap>

		<resultMap id="MapObtenerDatosFondoDeInversion"	class="java.util.HashMap">
			<result property="runFondo"			column="runFondo"/>
			<result property="dv"				column="dv"		/>
			<result property="nombre"			column="nombre"/>
			<result property="nemotecnico"		column="nemotecnico"/>
			<result property="numCuotas"		column="numCuotas"/>
			<result property="montoEmision"		column="montoEmision"	/>
			<result property="estadoFondo"		column="estadoFondo"	/>
			<result property="estadoComercial"	column="estadoComercial"	/>
			<result property="moneda"			column="moneda"/>
			<result property="fechaCreacion"	column="fechaCreacion"/>
			<result property="fechaInicio"		column="fechaInicio"/>
			<result property="fechaExpiracion"	column="fechaExpiracion"/>
			<result property="codigoTipoFondo"  column="codigoTipoFondo"/>
			<result property="fechaInicioColocacion"  column="fechaInicioColocacion"/>
			<result property="fechaTerminoColocacion"  column="fechaTerminoColocacion"/>
			<result property="valorCuotaColocacion"  column="valorCuotaColocacion"/>
			<result property="monedaColocacion"  column="monedaColocacion"/>
		</resultMap>

		<resultMap id="MapObtenerValoresCuota"	class="java.util.HashMap">
			<result property="runFondo"				column="runFondo"/>
			<result property="nombreFondo"			column="nombreFondo"/>
			<result property="totalPatrimonio"		column="totalPatrimonio"/>
			<result property="numCuotas"			column="numCuotas"/>
			<result property="valorUFCierreMes"		column="valorUFCierreMes"/>
			<result property="fecha"				column="fecha"/>
			<result property="valorCuotaUF"			column="valorCuotaUF"/>
			<result property="valorCuotaPesos"		column="valorCuotaPesos"/>
			<result property="descripcionMoneda"       column="descripcionMoneda"/>
		</resultMap>

		<resultMap id="MapObtenerEvolutivoCuotas"	class="java.util.HashMap">
			<result property="nombreFondo"				column="nombreFondo"/>
			<result property="fecha"					column="fecha"/>
			<result property="totalPatrimonio"			column="totalPatrimonio"/>
			<result property="numCuotas"				column="numCuotas"/>			
			<result property="numAportantes"			column="numAportantes"/>
			<result property="valorUFCierreMes"			column="valorUFCierreMes"/>
			<result property="valorCuotaPesos"			column="valorCuotaPesos"/>			
			<result property="valorCuotaUF"				column="valorCuotaUF"/>			
			<result property="descripcionMoneda"       column="descripcionMoneda"/>	
		</resultMap>

		<resultMap id="MapObtenerEstadosFondo"	class="java.util.HashMap">
			<result property="idEstado"			column="idEstado"/>
			<result property="nomEstado"		column="nomEstado"/>
			<result property="glosa"			column="glosa"/>
		</resultMap>

		<resultMap id="MapObtenerEstadosComercial"	class="java.util.HashMap">
			<result property="idEstado"				column="idEstado"/>
			<result property="nomEstado"			column="nomEstado"/>
			<result property="glosa"				column="glosa"/>
		</resultMap>

		<resultMap id="MapAniosCertificados"	class="java.util.HashMap">
			<result property="anio"			column="anio"/>
		</resultMap>

		<resultMap id="MapAnioSolicitudCliente"	class="java.util.HashMap">
			<result property="anio"			column="anio"/>
		</resultMap>

		<resultMap id="MapTiposCertificados"	class="java.util.HashMap">
			<result property="tipoCertificado"			column="tipoCertificado"/>
		</resultMap>

		<resultMap id="MapAnioControlContable"	class="java.util.HashMap">
			<result property="fecha"			column="fecha"/>
		</resultMap>

		<resultMap id="MapAnioFondoValorCuota"	class="java.util.HashMap">
			<result property="fecha"			column="fecha"/>
		</resultMap>
		

		<resultMap id="MapListadoControlContable"	class="java.util.HashMap">
			<result property="fecha"			column="fecha"/>
			<result property="estado"			column="estadoRevision"/>
			<result property="envio"			column="estadoEnvio"/>
		</resultMap>

		<resultMap id="MapListadoRegistroAportantes"	class="java.util.HashMap">
			<result property="folio"			column="folio"/>
			<result property="estado"			column="estado"/>
			<result property="tipoCliente"		column="tipoCliente"/>
			<result property="rut"				column="rut"/>
			<result property="dv"				column="dv"/>
			<result property="nombre"			column="nombre"/>
			<result property="paterno"			column="paterno"/>
			<result property="materno"			column="materno"/>
			<result property="direccion"		column="direccion"/>
			<result property="ciudad"			column="ciudad"/>
			<result property="comuna"			column="comuna"/>
			<result property="email"			column="email"/>
			<result property="custodiaBci"		column="custodiaBci"/>
			<result property="ind57Bis"			column="ind57Bis"/>
			<result property="fecha"			column="fecha"/>
			<result property="cantCuotas"		column="cantCuotas"/>
			<result property="valorCuota"		column="valorCuota"/>
			<result property="montoInv"			column="montoInv"/>
			<result property="estado"			column="estado"/>
			<result property="valorCuotaAct"	column="valorCuotaAct"/>
		</resultMap>

		<resultMap id="MapListadoOperacionesDiarias"	class="java.util.HashMap">
			<result property="numOperacion"		column="numOperacion"/>
			<result property="fecha"			column="fecha"/>
			<result property="rutAportante"		column="rutAportante"/>
			<result property="dv"				column="dv"/>
			<result property="cantCuotas"		column="cantCuotas"/>
			<result property="monto"			column="monto"/>
		</resultMap>

		<resultMap id="MapDetalleFolioInversion"	class="java.util.HashMap">
			<result property="idFolio"              column="idFolio"/>
			<result property="folio"			column="folio"/>
			<result property="rut"				column="rut"/>
			<result property="dv"				column="dv"/>
			<result property="indPersona"			column="indPersona"/>
			<result property="nombre"			column="nombre"/>
			<result property="paterno"			column="paterno"/>
			<result property="materno"			column="materno"/>
			<result property="direccion"		column="direccion"/>
			<result property="ciudad"			column="ciudad"/>
			<result property="comuna"			column="comuna"/>
			<result property="email"			column="email"/>
			<result property="fono"					column="fono"/>
			<result property="fecha"			column="fecha"/>
			<result property="cantCuotas"		column="cantCuotas"/>
		    <result property="valorCuotaInv"		column="valorCuotaInv"/>
			<result property="montoInv"			column="montoInv"/>
			<result property="indCus"				column="indCus"/>
			<result property="ind57Bis"				column="ind57Bis"/>
			<result property="fecCierreMes"			column="fecCierreMes"/>
			<result property="valorCuotaAct"		column="valorCuotaAct"/>
			<result property="estado"			column="estado"/>
			<result property="idEstado"			column="idEstado"/>
			<result property="cntCuoPrenda"			column="cntCuoPrenda"/>
			<result property="fecIniPrenda"			column="fecIniPrenda"/>
			<result property="fecFinPrenda"			column="fecFinPrenda"/>
			<result property="glsPrenda"			column="glsPrenda"/>
		</resultMap>

		<resultMap id="MapEstadosSolicitudes"	class="java.util.HashMap">
			<result property="idEstado"				column="idEstado"/>
			<result property="estadoSolicitudes"	column="estadoSolicitudes"/>
		</resultMap>

		<resultMap id="MapEstadosInversiones"	class="java.util.HashMap">
			<result property="idEstado"			column="idEstado"/>
			<result property="nombreEstado"		column="nombreEstado"/>
		</resultMap>
		
		<resultMap id="MapSolicitudesDiarias"	class="java.util.HashMap">
			<result property="fechaSolicitud"	column="fSolicitud"/>
			<result property="numSolicitud"		column="nSolicitud"/>
			<result property="estado"			column="estado"/>
			<result property="rutAportante"		column="rutAportante"/>
			<result property="dv"				column="dv"/>
			<result property="montoInversion"	column="montoInversion"/>
			<result property="ejecutivo"		column="ejecutivo"/>
			<result property="observacion"		column="observacion"/>
			<result property="moneda"			column="moneda"/>
		</resultMap>
		
		<resultMap id="MapDetalleSolicitud"	class="java.util.HashMap">
			<result property="rut"				column="rutCliente"/>
			<result property="dv"				column="dv"/>
			<result property="numFolio"			column="numSolicitud"/>
			<result property="idFondo"			column="idFondo"/>
			<result property="fondo"			column="fondo"/>
			<result property="valorCuota"		column="valorCuota"/>
			<result property="montoInv"			column="monto"/>
			<result property="cantCuotas"		column="cantCuotas"/>
			<result property="ejecutivo"		column="ejecutivo"/>
			<result property="fecha"			column="fecha"/>
			<result property="fechaExpiracion"	column="fechaExpiracion"/>
			<result property="observaciones"	column="obs"/>
			<result property="acogeArt57"		column="acogeArt57"/>
			<result property="custodia"			column="custodia"/>
			<result property="formaPago"		column="formaPago"/>
			<result property="nombreEstado"		column="estado"/>
			<result property="cod_mon_col"		column="cod_mon_col"/>
			<result property="val_cuo_col"		column="val_cuo_col"/>
			<result property="moneda"		    column="moneda"/>
			<result property="nombre"		    column="nombre"/>
			<result property="paterno"		    column="paterno"/>
			<result property="materno"		    column="materno"/>
			<result property="numDeposito"		column="numDeposito"/>
			<result property="cuotasDisp"		column="cuotasDisp"/>
			<result property="cuotasColocadas"	column="cuotasColocadas"/>
			<result property="cheque"			column="cheque"/>
			<result property="banco"			column="banco"/>
		</resultMap>

		<resultMap id="MapDetalleContratoPersona"	class="java.util.HashMap">
			<result property="fondo"			column="fondo"/>
			<result property="duracionFondo"		column="duracionFondo"/>
			<result property="nombreCliente"		column="nombreCliente"/>
			<result property="paterno"			column="paterno"/>
			<result property="materno"			column="materno"/>
			<result property="nacionalidadCliente"		column="nacionalidadCliente"/>
			<result property="estadoCivilCliente"		column="estadoCivilCliente"/>
			<result property="profesionCliente"		column="profesionCliente"/>
			<result property="rutCliente"			column="rutCliente"/>
			<result property="dv"				column="dv"/>
			<result property="ciudadCliente"		column="ciudadCliente"/>
			<result property="comunaCliente"		column="comunaCliente"/>
			<result property="calleCliente"			column="calleCliente"/>
			<result property="numCalleCliente"		column="numCalleCliente"/>
			<result property="fonoCliente"			column="fonoCliente"/>
			<result property="cantCuotas"			column="cantCuotas"/>
			<result property="montoCuotas"			column="montoCuotas"/>
		</resultMap>


		<resultMap id="MapDetalleContratoEmpresa"	class="java.util.HashMap">
			<result property="fondo"					column="fondo"/>
			<result property="duracionFondo"			column="duracionFondo"/>
			<result property="nombreCliente"			column="nombreCliente"/>
			<result property="nacionalidadCliente"		column="nacionalidadCliente"/>
			<result property="estadoCivilCliente"		column="estadoCivilCliente"/>
			<result property="profesionCliente"			column="profesionCliente"/>
			<result property="rutCliente"				column="rutCliente"/>
			<result property="dv"						column="dv"/>
			<result property="ciudadCliente"			column="ciudadCliente"/>
			<result property="comunaCliente"			column="comunaCliente"/>
			<result property="calleCliente"				column="calleCliente"/>
			<result property="numCalleCliente"			column="numCalleCliente"/>
			<result property="fonoCliente"				column="fonoCliente"/>
			<result property="cantCuotas"				column="cantCuotas"/>
			<result property="montoCuotas"				column="montoCuotas"/>
			<result property="nombreApoderado"			column="nombreApoderado"/>
			<result property="nacionalidadApoderado"	column="nacionalidadApoderado"/>
			<result property="estadoCivilApoderado"		column="estadoCivilApoderado"/>
			<result property="profesionApoderado"		column="profesionApoderado"/>
			<result property="rutApoderado"				column="rutApoderado"/>
			<result property="ciudadApoderado"			column="ciudadApoderado"/>
			<result property="comunaApoderado"			column="comunaApoderado"/>
			<result property="calleApoderado"			column="calleApoderado"/>
			<result property="numCalleApoderado"		column="numCalleApoderado"/>
			<result property="fonoApoderado"			column="fonoApoderado"/>			
			<result property="nombreApoderado2"			column="nombreApoderado2"/>
			<result property="nacionalidadApoderado2"	column="nacionalidadApoderado2"/>
			<result property="estadoCivilApoderado2"	column="estadoCivilApoderado2"/>
			<result property="profesionApoderado2"		column="profesionApoderado2"/>
			<result property="rutApoderado2"			column="rutApoderado2"/>
			<result property="ciudadApoderado2"			column="ciudadApoderado2"/>
			<result property="comunaApoderado2"			column="comunaApoderado2"/>
			<result property="calleApoderado2"			column="calleApoderado2"/>
			<result property="numCalleApoderado2"		column="numCalleApoderado2"/>
			<result property="fonoApoderado2"			column="fonoApoderado2"/>
		</resultMap>

		<resultMap id="MapDetalleSolicitudVistaCliente"	class="java.util.HashMap">
			<result property="rutCliente"		column="rutCliente"/>
			<result property="dv"				column="dv"/>
			<result property="numSolicitud"		column="numSolicitud"/>
			<result property="idFondo"			column="idFondo"/>
			<result property="fondo"			column="fondo"/>
			<result property="valorCuota"		column="valorCuota"/>
			<result property="monedaCuota"		column="monedaCuota"/>
			<result property="monto"			column="monto"/>
			<result property="cantCuotas"		column="cantCuotas"/>
			<result property="ejecutivo"		column="ejecutivo"/>
			<result property="fecha"			column="fecha"/>
			<result property="fechaExpiracion"	column="fechaExpiracion"/>
			<result property="obs"				column="obs"/>
			<result property="acogeArt57"		column="acogeArt57"/>
			<result property="custodia"			column="custodia"/>
			<result property="formaPago"		column="formaPago"/>
			<result property="estado"			column="estado"/>
			<result property="cod_mon_col"		column="cod_mon_col"/>
			<result property="val_cuo_col"		column="val_cuo_col"/>
			<result property="moneda"			column="moneda"/>
			<result property="nombre"			column="nombre"/>
			<result property="paterno"			column="paterno"/>
			<result property="materno"			column="materno"/>
			<result property="numDeposito"		column="numDeposito"/>
			<result property="cuotasDisp"		column="cuotasDisp"/>
			<result property="cuotasColocadas"	column="cuotasColocadas"/>			
		</resultMap>
		
		<resultMap id="MapEstadosOpcionesSolicitudes"	class="java.util.HashMap">
			<result property="idEstado"				column="idForma"/>
			<result property="estadoSolicitudes"	column="nomForma"/>
		</resultMap>
		
		<resultMap id="MapMinimaFechaFondo"	class="java.util.HashMap">
			<result property="minFechaSolicitud"	column="minFechaSolicitud"/>
		</resultMap>
		
		<resultMap id="MapFondosDeInversionVistaCliente"	class="java.util.HashMap">
			<result property="runFondo"			column="runFondo"/>
			<result property="nombre"		column="nombre"/>
		</resultMap>
		
		<resultMap id="MapAniosFondoDeInversion"	class="java.util.HashMap">
			<result property="fecha"		column="fecha"/>
		</resultMap>

		<resultMap id="MapSolicitudesDeInversion"	class="java.util.HashMap">
			<result property="fechaSolicitud"		column="fechaSolicitud"/>
			<result property="numSolicitud"			column="numSolicitud"/>
			<result property="estado"				column="estado"/>
			<result property="fondo"	 			column="fondo"/>
			<result property="observacion"	 		column="observacion"/>
			<result property="cantCuotas"	 		column="cantCuotas"/>
			<result property="usrEjecutivo"			column="usrEjecutivo"/>
		</resultMap>

		<resultMap id="MapDetalleReporteDeMovimientos"	class="java.util.HashMap">
			<result property="fecha"				column="fecha"/>
			<result property="numFolio"				column="numFolio"/>
			<result property="tipoMovimiento"		column="tipoMovimiento"/>
			<result property="montoInv"				column="montoInv"/>
			<result property="valorCuota"			column="valorCuota"/>
			<result property="valorCuotaActual"     column="valorCuotaActual"/>
			<result property="nombreFondo"			column="nombreFondo"/>
            <result property="idSuma"				column="idSuma"/>
			<result property="cantCuotas"			column="cantCuotas"/>
			<result property="montValCuoAct"		column="montValCuoAct"/>
			<result property="monColoc"				column="monColoc"/>
			<result property="codMon"				column="codMon"/>
		</resultMap>

		<resultMap id="MapObtenerValoresAsociadosFondoDeInversion"	class="java.util.HashMap">
			<result property="valorCuota"			column="valorCuota"/>
			<result property="monedaCuota"			column="monedaCuota"/>
			<result property="codMoneda"			column="codMoneda"		/>
			<result property="cuotasColocadas"		column="cuotasColocadas"/>
			<result property="cuotasDispo"			column="cuotasDispo"/>
			<result property="fechaExpiracion"		column="fechaExpiracion"/>
			<result property="fechaCreacion"		column="fechaCreacion"/>
			<result property="cuotasColocacion"		column="cuotasColocacion"/>
		</resultMap>
		<resultMap id="MapAniosCertificadosTributarios"	class="java.util.HashMap">
			<result property="fecha"		column="fecha"/>
		</resultMap>

		<resultMap id="MapTiposCertificadosTributarios"	class="java.util.HashMap">
			<result property="idCertificado"		column="idCertificado"/>
			<result property="tipoCertificado"		column="tipoCertificado"/>
		</resultMap>
		
		<resultMap id="MapDetalleCertificadoTributario"	class="java.util.HashMap">
			<result property="rutFilial"			column="rutFilial"/>
			<result property="direccionFilial"		column="direccionFilial"/>
			<result property="giro"					column="giro"/>
			<result property="nombreFilial"			column="nombreFilial"/>
			<result property="numCertificado"		column="numCertificado"/>
			<result property="anioCertificado"		column="anioCertificado"/>
			<result property="nombre"				column="nombre"/>
			<result property="paterno"				column="paterno"/>
			<result property="materno"				column="materno"/>
			<result property="direccion"			column="direccion"/>
			<result property="ciudad"				column="ciudad"/>
			<result property="anioSaldoAnterior"	column="anioSaldoAnterior"/>
			<result property="saldoAnterior"		column="saldoAnterior"/>
			<result property="anioSaldoActual"		column="anioSaldoActual"/>
			<result property="saldoPositivo"		column="saldoPositivo"/>
			<result property="saldoNegativo"		column="saldoNegativo"/>
			<result property="representante"		column="representante"/>
			<result property="representanteLegal"	column="representanteLegal"/>
		</resultMap>

		<resultMap id="MapDetalleExcelCertificadoTributario"	class="java.util.HashMap">
			<result property="direccion"		column="direccion"/>
			<result property="factor"			column="factor"/>
			<result property="montoA"			column="montoA"/>
			<result property="montoB"			column="montoB"/>
			<result property="arrastre"			column="arrastre"/>
		</resultMap>

		<resultMap id="MapDetalleContratoDeSuscripcionDeCuotas"	class="java.util.HashMap">
			<result property="fondo"						column="fondo"/>
			<result property="duracionFondo"				column="duracionFondo"/>
			<result property="fecha"						column="fecha"/>
			<result property="nombreFilial"					column="nombreFilial"/>
			<result property="rutFilial"					column="rutFilial"/>
			<result property="nombreRepresentante"			column="nombreRepresentante"/>
			<result property="nacionalidadRepresentante"	column="nacionalidadRepresentante"/>
			<result property="estadoCivilRepresentante"		column="estadoCivilRepresentante"/>
			<result property="profesionRepresentante"		column="profesionRepresentante"/>
			<result property="rutRepresentante"				column="rutRepresentante"/>
			<result property="ciudadRepresentante"			column="ciudadRepresentante"/>
			<result property="direccionRepresentante"		column="direccionRepresentante"/>
			<result property="comunaRepresentante"			column="comunaRepresentante"/>
			<result property="nombreCortoFilial"			column="nombreCortoFilial"/>
			<result property="nombreCliente"				column="nombreCliente"/>
			<result property="nacionalidadCliente"			column="nacionalidadCliente"/>
			<result property="estadoCivilCliente"			column="estadoCivilCliente"/>
			<result property="profesionCliente"				column="profesionCliente"/>
			<result property="rutCliente"					column="rutCliente"/>
			<result property="ciudadCliente"				column="ciudadCliente"/>
			<result property="comunaCliente"				column="comunaCliente"/>
			<result property="calleCliente"					column="calleCliente"/>
			<result property="numCalleCliente"				column="numCalleCliente"/>
			<result property="cantCuotas"					column="cantCuotas"/>
			<result property="montoCuotas"					column="montoCuotas"/>
			<result property="fonoCliente"					column="fonoCliente"/>
			<result property="direccionFilial"				column="direccionFilial"/>
			<result property="fonoFilial"					column="fonoFilial"/>
			<result property="nombreApoderado"				column="nombreApoderado"/>
			<result property="nacionalidadApoderado"		column="nacionalidadApoderado"/>
			<result property="estadoCivilApoderado"			column="estadoCivilApoderado"/>
			<result property="profesionApoderado"			column="profesionApoderado"/>
			<result property="rutApoderado"					column="rutApoderado"/>
			<result property="ciudadApoderado"				column="ciudadApoderado"/>
			<result property="comunaApoderado"				column="comunaApoderado"/>
			<result property="calleApoderado"				column="calleApoderado"/>
			<result property="numCalleApoderado"			column="numCalleApoderado"/>
			<result property="fonoApoderado"				column="fonoApoderado"/>
		</resultMap>
		
		<resultMap id="MapDetalleContratoDeSuscripcionDeCuotasPersona"	class="java.util.HashMap">
			<result property="fondo"						column="fondo"/>
			<result property="duracionFondo"				column="duracionFondo"/>
			<result property="nombreCliente"				column="nombreCliente"/>
			<result property="paterno"						column="paterno"/>
			<result property="materno"						column="materno"/>
			<result property="nacionalidadCliente"			column="nacionalidadCliente"/>
			<result property="estadoCivilCliente"			column="estadoCivilCliente"/>
			<result property="profesionCliente"				column="profesionCliente"/>
			<result property="rutCliente"					column="rutCliente"/>
			<result property="dv"							column="dv"/>
			<result property="ciudadCliente"				column="ciudadCliente"/>
			<result property="comunaCliente"				column="comunaCliente"/>
			<result property="calleCliente"					column="calleCliente"/>
			<result property="numCalleCliente"				column="numCalleCliente"/>
			<result property="cantCuotas"					column="cantCuotas"/>
			<result property="montoCuotas"					column="montoCuotas"/>
			<result property="fonoCliente"					column="fonoCliente"/>
		</resultMap>
		
		<resultMap id="MapDetalleContratoDeSuscripcionDeCuotasEmpresa"	class="java.util.HashMap">
			<result property="fondo"						column="fondo"/>
			<result property="duracionFondo"				column="duracionFondo"/>
			<result property="nombreCliente"				column="nombreCliente"/>
			<result property="nacionalidadCliente"			column="nacionalidadCliente"/>
			<result property="estadoCivilCliente"			column="estadoCivilCliente"/>
			<result property="profesionCliente"				column="profesionCliente"/>
			<result property="rutCliente"					column="rutCliente"/>
			<result property="dv"							column="dv"/>
			<result property="ciudadCliente"				column="ciudadCliente"/>
			<result property="comunaCliente"				column="comunaCliente"/>
			<result property="calleCliente"					column="calleCliente"/>
			<result property="numCalleCliente"				column="numCalleCliente"/>
			<result property="cantCuotas"					column="cantCuotas"/>
			<result property="montoCuotas"					column="montoCuotas"/>
			<result property="fonoCliente"					column="fonoCliente"/>
			<result property="nombreApoderado"				column="nombreApoderado"/>
			<result property="nacionalidadApoderado"		column="nacionalidadApoderado"/>
			<result property="estadoCivilApoderado"			column="estadoCivilApoderado"/>
			<result property="profesionApoderado"			column="profesionApoderado"/>
			<result property="rutApoderado"					column="rutApoderado"/>
			<result property="ciudadApoderado"				column="ciudadApoderado"/>
			<result property="comunaApoderado"				column="comunaApoderado"/>
			<result property="calleApoderado"				column="calleApoderado"/>
			<result property="numCalleApoderado"			column="numCalleApoderado"/>
			<result property="fonoApoderado"				column="fonoApoderado"/>
		</resultMap>

		<resultMap id="MapDetalleFilial"	class="java.util.HashMap">
			<result property="nombreFilial"					column="nombreFilial"/>
			<result property="rutFilial"					column="rutFilial"/>
			<result property="dvFilial"						column="dvFilial"/>
			<result property="direccionFilial"				column="direccionFilial"/>
			<result property="nombreRepresentante"			column="nombreRepresentante"/>
			<result property="nacionalidadRepresentante"	column="nacionalidadRepresentante"/>
			<result property="estadoCivilRepresentante"		column="estadoCivilRepresentante"/>
			<result property="profesionRepresentante"		column="profesionRepresentante"/>
			<result property="ciudadRepresentante"			column="ciudadRepresentante"/>
			<result property="rutRepresentante"				column="rutRepresentante"/>
			<result property="comunaRepresentante"			column="comunaRepresentante"/>
			<result property="direccionRepresentante"		column="direccionRepresentante"/>
			<result property="numCalleRepresentante"		column="numCalleRepresentante"/>
			<result property="nombreCortoFilial"			column="nombreCortoFilial"/>
			<result property="fonoFilial"					column="fonoFilial"/>
		</resultMap>
		
		<resultMap id="MapObtenerListadoAportantes"	class="java.util.HashMap">
			<result property="rut"			column="rut"/>
			<result property="dv"			column="dv"/>
			<result property="nombre"		column="nombre"/>
			<result property="paterno"		column="paterno"/>
			<result property="materno"		column="materno"/>
			<result property="tipoPersona"	column="tipoPersona"/>
		</resultMap>

		<resultMap id="MapDesplegarAportante"	class="java.util.HashMap">
			<result property="rutAportante"		column="rutAportante"/>
			<result property="dv"				column="dv"/>
			<result property="nombre"			column="nombre"/>
			<result property="paterno"			column="paterno"/>
			<result property="materno"			column="materno"/>
			<result property="direccion"		column="direccion"/>
			<result property="calle"			column="calle"/>
			<result property="numCalle"			column="numCalle"/>
			<result property="comuna"			column="comuna"/>
			<result property="ciudad"			column="ciudad"/>
			<result property="telefono"			column="telefono"/>
			<result property="email"			column="email"/>
			<result property="nacionalidad"		column="nacionalidad"/>
			<result property="estCivil"			column="estCivil"/>
			<result property="profesion"		column="profesion"/>
			<result property="tipoCliente"		column="tipoCliente"/>
			<result property="rutRep"			column="rutRep"/>
			<result property="nombreRep"		column="nombreRep"/>
			<result property="direccionRep"		column="direccionRep"/>
			<result property="numCalleRep"		column="numCalleRep"/>
			<result property="comunaRep"		column="comunaRep"/>
			<result property="ciudadRep"		column="ciudadRep"/>
			<result property="telefonoRep"		column="telefonoRep"/>
			<result property="nacionalidadRep"	column="nacionalidadRep"/>
			<result property="estCivilRep"		column="estCivilRep"/>
			<result property="profesionRep"		column="profesionRep"/>
			<result property="rutRep2"			column="rutRep2"/>
			<result property="nombreRep2"		column="nombreRep2"/>
			<result property="direccionRep2"	column="direccionRep2"/>
			<result property="numCalleRep2"		column="numCalleRep2"/>
			<result property="comunaRep2"		column="comunaRep2"/>
			<result property="ciudadRep2"		column="ciudadRep2"/>
			<result property="telefonoRep2"		column="telefonoRep2"/>
			<result property="nacionalidadRep2"	column="nacionalidadRep2"/>
			<result property="estCivilRep2"		column="estCivilRep2"/>
			<result property="profesionRep2"	column="profesionRep2"/>
		</resultMap>

		<resultMap id="MapConsultarEliminar"	class="java.util.HashMap">
			<result property="coincidencias"	column="coincidencias"/>
		</resultMap>

		<resultMap id="MapObtenerFolios"	class="java.util.HashMap">
			<result property="folio"	column="folio"/>
		</resultMap>

		<resultMap id="MapCantidadCuotas"	class="java.util.HashMap">
			<result property="cantCuotas"	column="cantCuotas"/>
			<result property="cantPrendas"	column="cantPrendas"/>
		</resultMap>

		<resultMap id="MapAuxMontos"	class="java.util.HashMap">
			<result property="mes"		column="ind"/>
			<result property="monto"	column="monto"/>
		</resultMap>

		<resultMap id="MapObtenerArrastre"	class="java.util.HashMap">
			<result property="arrastre"		column="arrastre"/>
		</resultMap>

		
		<resultMap id="MapObtenerDetalleCliente"	class="java.util.HashMap">
			<result property="nombre"		column="nombre"/>
			<result property="paterno"		column="paterno"/>
			<result property="materno"		column="materno"/>
			<result property="direccion"	column="direccion"/>
			<result property="ciudad"		column="ciudad"/>
		</resultMap>

		
		<resultMap id="MapObtenerDetalleComprobante"	class="java.util.HashMap">
			<result property="idSolicitud"		column="idSolicitud"/>
			<result property="cantCuotas"		column="cantCuotas"/>
			<result property="montoInv"			column="montoInv"/>
			<result property="numDeposito"		column="numDeposito"/>
			<result property="ejecutivo"		column="ejecutivo"/>
			<result property="custodia"			column="custodia"/>
			<result property="art57Bis"			column="art57Bis"/>
			<result property="monedaFondo"		column="monedaFondo"/>
			<result property="monedaColoc"		column="monedaColoc"/>
			<result property="formaPago"		column="formaPago"/>
			<result property="montoCuotColoc"	column="montoCuotColoc"/>
			<result property="valorCuotColoc"	column="valorCuotColoc"/>
			<result property="fecSolicitud"		column="fecSolicitud"/>
			<result property="rutCli"			column="rutCli"/>
			<result property="dvCli"			column="dvCli"/>
			<result property="nomCli"			column="nomCli"/>
		</resultMap>

        <resultMap id="MapObtenerCuotasVigentes"	class="java.util.HashMap">
			<result property="cantCuotas"		column="cantCuotas"/>
			<result property="nombreFondo"		column="nombreFondo"/>
			<result property="codMonedaFun"		column="codMonedaFun"/>
			<result property="valorCuota"		column="valorCuota"/>
			<result property="runFondo"		column="runFondo"/>
		</resultMap>
		
		<resultMap id="MapIngresarSolicitud"	class="java.util.HashMap">
			<result property="mensaje"		column="mensaje"/>
		</resultMap>

		
		<resultMap id="MapModificarDatosSolicitudInversionDiaria"	class="java.util.HashMap">
			<result property="estado"		column="estado"/>
		</resultMap>

		<resultMap id="MapModificarEsatadoSolicitudDiaria"	class="java.util.HashMap">
			<result property="estado"		column="estado"/>
		</resultMap>

        <resultMap id="MapTipodeFondo"    class="java.util.HashMap">
            <result property="codigoTipoFondo"      column="codigoTipoFondo"/>
            <result property="nombretipoFondo"       column="nombretipoFondo"/>
            <result property="glosaTipoFondo"         column="glosaTipoFondo"/>
        </resultMap>
        
        <resultMap id="MapMonedasParaFondosDeInversion"    class="java.util.HashMap">
            <result property="descripcionMoneda"      column="descripcionMoneda"/>
            <result property="codigoMoneda"           column="codigoMoneda"/>
        </resultMap>
        
		<resultMap id="MapEliminarDatosFondoDeInversion"    class="java.util.HashMap">
            <result property="mensaje"      column="mensaje"/>
        </resultMap>
        
        <resultMap id="MapIngresarCuotasEnPrenda"	class="java.util.HashMap">
			<result property="mensaje"		column="mensaje"/>
		</resultMap>
		
		<resultMap id="MapObtenerDetalleMontosCert57"	class="java.util.HashMap">
			<result property="saldoAnterior"		column="saldoAnterior"/>
			<result property="saldoPositivo"		column="saldoPositivo"/>
			<result property="saldoNegativo"		column="saldoNegativo"/>
			<result property="nomCliente"			column="nomCliente"/>
			<result property="direccion"			column="direccion"/>
			<result property="ciudad"				column="ciudad"/>
		</resultMap>
		
		
		<resultMap id="MapObtenerCuotasTraspasadas"	class="java.util.HashMap">
			<result property="folOrigen"		column="folOrigen"/>
			<result property="fecOriginal"		column="fecOriginal"/>
			<result property="cntCuotas"		column="cntCuotas"/>
			<result property="mntInv"			column="mntInv"/>
			<result property="nomCliente"		column="nomCliente"/>
			<result property="folDestino"		column="folDestino"/>
			<result property="cntCuotasDest"	column="cntCuotasDest"/>
			<result property="mntInvDest"		column="mntInvDest"/>
			<result property="nomClienteDest"	column="nomClienteDest"/>
		</resultMap>
		
		

		<procedure id="obtenerFondosDeInversion" parameterClass="java.util.HashMap" resultMap="MapObtenerFondosDeInversion">
			{CALL sp_cns_fons_invs()}
		</procedure>

		<procedure id="obtenerDatosFondoDeInversion" parameterClass="java.util.HashMap" resultMap="MapObtenerDatosFondoDeInversion">
			{CALL sp_cns_fon_inv(#runFondo#)}
		</procedure>

		<procedure id="ingresarFondoDeInversion" parameterClass="java.util.HashMap" resultMap="MapEliminarDatosFondoDeInversion">
			{CALL sp_ing_fon_inv(#runFondo#,#dv#,#nombre#,#tipoFondo#,<isNull property="nemotecnico">NULL</isNull>
            <isNotNull property="nemotecnico">#nemotecnico#</isNotNull>,#codMoneda#,#numCuotas#,#montoEmision#,#monedaEmision#,#fechaCreacion#,#fechaExpiracion#,#estadoFondo#,#estadoComercialFondo#,#fechaInicioColocacion#,#fechaTerminoColocacion#,#valorCuotaColocacion#,#monedaColocacion#,#ejecutivo#)}
		</procedure>

		<procedure id="obtenerValoresCuota" parameterClass="java.util.HashMap" resultMap="MapObtenerValoresCuota">
			{CALL sp_cns_val_ctas(#runFondo#,#fecha#,#todos#)}
		</procedure>
		
		<procedure id="obtenerEvolutivoCuotas" parameterClass="java.util.HashMap" resultMap="MapObtenerEvolutivoCuotas">
			{CALL sp_cns_evol_cta(#runFondo#,#fecha#)}
		</procedure>

		<procedure id="obtenerEstadosFondo" parameterClass="java.util.HashMap"	resultMap="MapObtenerEstadosFondo">
			{CALL sp_cns_estados_fondos()}
		</procedure>

		<procedure id="obtenerEstadoComercial" parameterClass="java.util.HashMap"	resultMap="MapObtenerEstadosComercial">
			{CALL sp_cns_estado_comercial()}
		</procedure>

		<procedure id="modificarFondoDeInversion" parameterClass="java.util.HashMap">
			{CALL sp_mod_fon_inv(#runFondo#, #nombre#, <isNull property="nemotecnico">NULL</isNull>
            <isNotNull property="nemotecnico">#nemotecnico#</isNotNull>,#cuotasEmision#, #montoInversion#, 
				#fechaInicio#, #fechaExpiracion#, #estadoFondo#, #estadoComercial#,#ejecutivo#, #codigoTipoFondo#, #codigoMoneda#, 
				#fechaInicioColocacion#, #fechaTerminoColocacion#, #monedaColocacion#, #valorCuotaColocacion#)}
		</procedure>

		<procedure id="registrarValorCuota" parameterClass="java.util.HashMap">
			{CALL sp_ins_val_ctas(#runFondo#, #fecha#, #valorCuotaFuncional#, #valorCuotaReferencial#, #totalPatrimonio#, #numCuotasPagadas#, #valorMonRefCierreMes#,#ejecutivo#)}
		</procedure>

		<procedure id="obtenerAniosCertificadosAportantes" parameterClass="java.util.HashMap" resultMap="MapAniosCertificados">
			{CALL sp_cns_anio_cert_aport(#rutAportante#)}
		</procedure>

		<procedure id="obtenerAnioControlContable" parameterClass="java.util.HashMap" resultMap="MapAnioControlContable">
			{CALL sp_cns_anio_ctrol_ctble(#runFondo#)}
		</procedure>

		<procedure id="obtenerAnioFondoValorCuota" parameterClass="java.util.HashMap" resultMap="MapAnioFondoValorCuota">
			{CALL sp_cns_anio_val_cta(#runFondo#)}
		</procedure>

		<procedure id="obtenerListadoControlContable" parameterClass="java.util.HashMap" resultMap="MapListadoControlContable">
			{CALL sp_cns_ctrol_ctble(#runFondo#, #fecha#)}
		</procedure>

		<procedure id="obtenerListadoRegistroAportantes" parameterClass="java.util.HashMap" resultMap="MapListadoRegistroAportantes">
			{CALL sp_cns_list_reg_aport(#runFondo#, #estado#, #fecha#)}
		</procedure>

		<procedure id="obtenerDetalleFolioInversion" parameterClass="java.util.HashMap" resultMap="MapDetalleFolioInversion">
			{CALL sp_cns_det_folio(#numFolio#, #runFondo#)}
		</procedure>
		<procedure id="obtenerEstadosInversiones" parameterClass="java.util.HashMap" resultMap="MapEstadosInversiones">
			{CALL sp_cns_estados_inv()}
		</procedure>

		<procedure id="obtenerEstadosSolicitudes" parameterClass="java.util.HashMap" resultMap="MapEstadosSolicitudes">
			{CALL sp_cns_estados_sol()}
		</procedure>

		<procedure id="obtenerListadoSolicitudesDiarias" parameterClass="java.util.HashMap" resultMap="MapSolicitudesDiarias">
			{CALL sp_cns_sol_inv_diaria(#runFondo#, #estado#, #fechaDesde#, #fechaHasta#, #ejecutivo#)}
		</procedure>
		
		<procedure id="modificarDatosSolicitudInversionDiaria" parameterClass="java.util.HashMap" resultMap="MapModificarDatosSolicitudInversionDiaria">
			{CALL sp_mod_sol_inv_diaria(#numFolio#, #rutAportante#, #dv#, #idFondo#, #idSolicitud#, #fechaInv#, #valorCuota#, #cantCuotas#, #ejecutivo#, #ejeInversion#, #montoInv#, #observaciones#, #formaPago#, #custodia#, #numCheque#, #banco#, #numDeposito#, #art57Bis#)}
		</procedure>
		
		<procedure id="modificarDatosSolicitudInversionDiaria2" parameterClass="java.util.HashMap" resultMap="MapModificarDatosSolicitudInversionDiaria">
			{CALL sp_mod_sol_inv_diaria(#numFolio#, #rutAportante#, #dv#, #idFondo#, #idSolicitud#, #fechaInv#, #valorCuota#, #cantCuotas#, #ejecutivo#, #ejeInversion#, #montoInv#, #observaciones#, #formaPago#, #custodia#, #numCheque#, #banco#, #numDeposito#, #art57Bis#)}
		</procedure>

		<procedure id="modificarEstadoSolicitudDiaria" parameterClass="java.util.HashMap" resultMap="MapModificarEsatadoSolicitudDiaria">
			{CALL sp_mod_est_sol(#idSolicitud#, #idEstado#, #fondo#, #cantCuotas#)}
		</procedure>

		
		<procedure id="obtenerDetalleSolicitudInversionDiaria" parameterClass="java.util.HashMap" resultMap="MapDetalleSolicitud">
			{CALL sp_cns_det_sol_diaria(#numSolicitud#)}
		</procedure>
		
		<procedure id="obtenerDetalleContratoPersona" parameterClass="java.util.HashMap" resultMap="MapDetalleContratoPersona">
			{CALL sp_cns_susc_ctas_per(#numSolicitud#)}
		</procedure>


		<procedure id="obtenerDetalleContratoEmpresa" parameterClass="java.util.HashMap" resultMap="MapDetalleContratoEmpresa">
			{CALL sp_cns_susc_ctas_emp(#numSolicitud#)}
		</procedure>

		<procedure id="obtenerValoreOpcionesSolicitudes" parameterClass="java.util.HashMap" resultMap="MapEstadosOpcionesSolicitudes">
			{CALL sp_cns_val_opc_sol()}
		</procedure>

		<procedure id="obtenerListadoOperacionesDiarias" parameterClass="java.util.HashMap" resultMap="MapListadoOperacionesDiarias">
			{CALL sp_cns_ope_dia(#runFondo#, #fecha#)}
		</procedure>

		<procedure id="modificarControlContable" parameterClass="java.util.HashMap">
			{CALL sp_mod_ctrol_ctble(#runFondo#, #estadoEnvio#, #estadoRevision#, #fecha#)}
		</procedure>
		
		<procedure id="modificarDatosFolioInversion" parameterClass="java.util.HashMap">
			{CALL sp_mod_folio_inv(#folio#, #estado#, #runFondo#, #ejecutivo#)}
		</procedure>
		
		<procedure id="obtenerMinimaFechaFondo" parameterClass="java.util.HashMap" resultMap="MapMinimaFechaFondo">
			{CALL sp_cns_min_fec_sol (#runFondo#, #estado#)}
		</procedure>

		<procedure id="obtenerFondosDeInversionVigentesVistaCliente" parameterClass="java.util.HashMap" resultMap="MapFondosDeInversionVistaCliente">
			{CALL sp_cns_fondos_inv_vig(#perfil#)}
		</procedure>

		<procedure id="obtenerFondosDeInversionAportanteVistaCliente" parameterClass="java.util.HashMap" resultMap="MapFondosDeInversionVistaCliente">
			{CALL sp_cns_fondos_inv_cli(#rutAportante#)}
		</procedure>
		
		<procedure id="obtenerAniosFondoDeInversionVistaCliente" parameterClass="java.util.HashMap" resultMap="MapAniosFondoDeInversion">
			{CALL sp_cns_anios_fondo(#runFondo#,#rutAportante#)}
		</procedure>
		
		<procedure id="obtenerAniosSolicitudesVistaCliente" parameterClass="java.util.HashMap" resultMap="MapAnioSolicitudCliente">
			{CALL sp_cns_anio_sol_cli(#rutAportante#)}
		</procedure>
		
		<procedure id="obtenerListadoSolicitudesDeInversion" parameterClass="java.util.HashMap" resultMap="MapSolicitudesDeInversion">
			{CALL sp_cns_list_sol_cli(#fecha#,#rutAportante#)}
		</procedure>
		
		<procedure id="obtenerDetalleSolicitudInversionVistaCliente" parameterClass="java.util.HashMap" resultMap="MapDetalleSolicitudVistaCliente">
			{CALL sp_cns_det_sol_diaria(#numSolicitud#)}
		</procedure>

		<procedure id="obtenerDetalleReporteDeMovimientos" parameterClass="java.util.HashMap" resultMap="MapDetalleReporteDeMovimientos">
			{CALL sp_cns_rep_mov(#fechaFondo#,#runFondo#,#rutCliente#)}
		</procedure>

		<procedure id="modificarDatosSolicitudVistaCliente" parameterClass="java.util.HashMap">
			{CALL sp_mod_sol_vst_cli( #idSolicitud#, #cantCuotas#, #observaciones#,  #art57Bis#, #formaPago#, #custodia#,  #ejecutivo#, #montoInv#)}
		</procedure>

		<procedure id="obtenerValoresAsociadosFondoDeInversion" parameterClass="java.util.HashMap" resultMap="MapObtenerValoresAsociadosFondoDeInversion">
			{CALL sp_cns_datos_fondo(#runFondo#)}
		</procedure>
	
		<procedure id="obtenerAniosCertificadosTributarios" parameterClass="java.util.HashMap" resultMap="MapAniosCertificadosTributarios">
			{CALL sp_cns_anios_cert(#rutAportante#)}
		</procedure>

		<procedure id="obtenerTiposCertificadosTributarios" parameterClass="java.util.HashMap" resultMap="MapTiposCertificadosTributarios">
			{CALL sp_cns_tipos_cert()}
		</procedure>

		<procedure id="ingresarSolicitudVistaCliente" parameterClass="java.util.HashMap" resultMap="MapIngresarSolicitud">
			{CALL sp_ing_sol_inv(#montoInv#,#cantCuotas#,#observaciones#,#art57Bis#,#formaPago#,#custodia#,#ejecutivo#,#rutEjecutivo#,#dvEjecutivo#,#codOficinaEjecutivo#,#numCheque#,#banco#,#numDeposito#,#runFondo#,#rutAportante#,#dv#,#valorCuota#)}
		</procedure>
		
		<procedure id="ingresarSolicitudVistaEjecutivo" parameterClass="java.util.HashMap" resultMap="MapIngresarSolicitud">
			{CALL sp_ing_sol_inv_adm(#montoInv#, #cantCuotas#, #observaciones#, #art57Bis#, #formaPago#, #custodia#, #ejecutivo#, #rutEjecutivo#, #dvEjecutivo#, #codOficinaEjecutivo#, #numCheque#, #banco#, #numDeposito#, #runFondo#, #rutAportante#, #dv#, #valorCuota#, #fecha#)}
		</procedure>

		
		<procedure id="obtenerDetalleContratoDeSuscripcionDeCuotasPersona" parameterClass="java.util.HashMap" resultMap="MapDetalleContratoDeSuscripcionDeCuotasPersona">
			{CALL sp_cns_susc_ctas_per(#numSolicitud#)}
		</procedure>

		<procedure id="obtenerDetalleContratoDeSuscripcionDeCuotasEmpresa" parameterClass="java.util.HashMap" resultMap="MapDetalleContratoDeSuscripcionDeCuotasEmpresa">
			{CALL sp_cns_susc_ctas_emp(#numSolicitud#)}
		</procedure>

		<procedure id="obtenerDetalleFilial" parameterClass="java.util.HashMap" resultMap="MapDetalleFilial">
			{CALL sp_cns_conf()}
		</procedure>





		<procedure id="obtenerListadoAportantes" parameterClass="java.util.HashMap" resultMap="MapObtenerListadoAportantes">
			{CALL sp_cns_list_aport(#rutAportante#, #dv#, #nombre#, #paterno#, #materno#, #tipoPersona#)}
		</procedure>

		<procedure id="ingresarAportantePersonaNatural" parameterClass="java.util.HashMap">
			{CALL sp_ing_aport_p_natural(#rutAportante#, #dv#, #nombre#, #paterno#, #materno#, #direccion#, #calle#, #numCalle#, #comuna#, #ciudad#, #telefono#, #email#, #nacionalidad#, #estCivil#, #profesion#)}
		</procedure>

		<procedure id="ingresarAportantePersonaJuridica" parameterClass="java.util.HashMap">
			{CALL sp_ing_aport_p_juridica(#rutAportante#, #dv#, #nombre#, #direccion#, #calle#, #numCalle#, #comuna#, #ciudad#, #telefono#, #email#, #rutRep#, #nombreRep#, #direccionRep#, #numCalleRep#, #comunaRep#, #ciudadRep#, #telefonoRep#, #nacionalidadRep#, #estCivilRep#, #profesionRep#, <isNull property="rutRep2">NULL</isNull><isNotNull property="rutRep2">#rutRep2#</isNotNull>, #nombreRep2#, #direccionRep2#, #numCalleRep2#, #comunaRep2#, #ciudadRep2#, #telefonoRep2#, #nacionalidadRep2#, #estCivilRep2#, #profesionRep2#)}
		</procedure>

		<procedure id="desplegarAportante" parameterClass="java.util.HashMap" resultMap="MapDesplegarAportante">
			{CALL sp_cns_aportante(#rutAportante#)}
		</procedure>

		<procedure id="modificarAportantePersonaNatural" parameterClass="java.util.HashMap">
			{CALL sp_mod_aport_p_natural(#rutAportante#, #dv#, #nombre#, #paterno#, #materno#, #direccion#, #calle#, #numCalle#, #comuna#, #ciudad#, #telefono#, #email#, #nacionalidad#, #estCivil#, #profesion#)}
		</procedure>

		<procedure id="modificarAportantePersonaJuridica" parameterClass="java.util.HashMap">
			{CALL sp_mod_aport_p_juridica(#rutAportante#, #dv#, #nombre#, #direccion#, #calle#, #numCalle#, #comuna#, #ciudad#, #telefono#, #email#, #rutRep#, #nombreRep#, #direccionRep#, #numCalleRep#, #comunaRep#, #ciudadRep#, #telefonoRep#, #nacionalidadRep#, #estCivilRep#, #profesionRep#, #rutRep2#, #nombreRep2#, #direccionRep2#, #numCalleRep2#, #comunaRep2#, #ciudadRep2#, #telefonoRep2#, #nacionalidadRep2#, #estCivilRep2#, #profesionRep2#)}
		</procedure>

		<procedure id="consultarEliminar" parameterClass="java.util.HashMap" resultMap="MapConsultarEliminar">
			{CALL sp_cns_sol_inv_aport(#rutAportante#)}
		</procedure>

		<procedure id="eliminarAportante" parameterClass="java.util.HashMap">
			{CALL sp_del_aport(#rutAportante#)}
		</procedure>

		<procedure id="obtenerFolios" parameterClass="java.util.HashMap" resultMap="MapObtenerFolios">
			{CALL sp_cns_folios_transf(#rutCliente#, #runFondo#)}
		</procedure>

		<procedure id="obtenerCantidadCuotas" parameterClass="java.util.HashMap" resultMap="MapCantidadCuotas">
			{CALL sp_cns_cant_cuotas(#rutCliente#, #runfondo#, #folio#)}
		</procedure>

		<procedure id="transfiereTotalCuotas" parameterClass="java.util.HashMap">
			{CALL sp_ing_tranf_total(#runFondo#, #rutCesionario#, #rutDestinatario#, #cuotasTotal#, #folioCesionario#, #folioDestinatario#)}
		</procedure>

		<procedure id="trasfiereParteCuotas" parameterClass="java.util.HashMap">
			{CALL sp_ing_tranf_parcial(#runFondo#, #rutCesionario#, #rutDestinatario#, #cuotasCesionario#, #cuotasDestinatario#, #folioCesionario#, #nuevoFolioCesionario#, #folioDestinatario#)}
		</procedure>



		<procedure id="obtenerCorrecionMonetaria" parameterClass="java.util.HashMap" resultMap="MapAuxMontos">
			{CALL sp_cns_corr_monetaria(#fechaFondo#)}
		</procedure>

		<procedure id="obtenerInversiones" parameterClass="java.util.HashMap" resultMap="MapAuxMontos">
			{CALL sp_cns_acum_invs(#fechaFondo#, #rutCliente#)}
		</procedure>

		<procedure id="obtenerRescates" parameterClass="java.util.HashMap" resultMap="MapAuxMontos">
			{CALL sp_cns_acum_resc(#fechaFondo#, #rutCliente#)}
		</procedure>

		<procedure id="obtenerArrastre" parameterClass="java.util.HashMap" resultMap="MapObtenerArrastre">
			{CALL sp_cns_arrastre(#fechaFondo#, #rutCliente#)}
		</procedure>

		<procedure id="obtenerDetalleCliente" parameterClass="java.util.HashMap" resultMap="MapObtenerDetalleCliente">
			{CALL sp_cns_det_cliente(#rutCliente#)}
		</procedure>

		<procedure id="ingresarArrastre" parameterClass="java.util.HashMap">
			{CALL sp_mod_arrastre(#rutCliente#, #arrastre#)}
		</procedure>

		<procedure id="obtenerDetalleComprobante" parameterClass="java.util.HashMap" resultMap="MapObtenerDetalleComprobante">
			{CALL sp_cns_det_comprobante(#idSolicitud#, #rutCliente#)}
		</procedure>

        <procedure id="obtenerTipoDeFondo" parameterClass="java.util.HashMap" resultMap="MapTipodeFondo">
            {CALL sp_cns_tpo_fon()}
        </procedure>
        
        <procedure id="obtenerMonedasParaFondosDeInversion" parameterClass="java.util.HashMap" resultMap="MapMonedasParaFondosDeInversion">
            {CALL sp_cns_mon_fon()}
        </procedure>

		<procedure id="eliminarDatosFondoDeInversion" parameterClass="java.util.HashMap" resultMap="MapEliminarDatosFondoDeInversion">
			{CALL sp_elim_fon_inv(#runFondo#)}
		</procedure>	
		<procedure id="ingresarCuotasEnPrenda" parameterClass="java.util.HashMap" resultMap="MapIngresarCuotasEnPrenda">
			{CALL sp_ing_pren_cuo(#runFondo#, #numFolio#, #idInversion#, #cantCuotasPrenda#, #fecIniPrenda#, #fecFinPrenda#, #glosaPrenda#)}
		</procedure>
		
		<procedure id="obtenerDetalleMontosCert57" parameterClass="java.util.HashMap" resultMap="MapObtenerDetalleMontosCert57">
			{CALL sp_cns_det_57Bis(#fechaFondo#, #rutCliente#)}
		</procedure>
	    <procedure id="obtenerCuotasVigentes" parameterClass="java.util.HashMap" resultMap="MapObtenerCuotasVigentes">
			{CALL sp_cns_cuo_vig(#fecha#, #rutCliente#)}
		</procedure>
		
		<procedure id="obtenerCuotasTraspasadas" parameterClass="java.util.HashMap" resultMap="MapObtenerCuotasTraspasadas">
			{CALL sp_cns_cuo_trasp(#runFondo#)}
		</procedure>
	</sqlMap>
