<?xml version="1.0" encoding="UTF-8" ?>
<!DOCTYPE sqlMap      
    PUBLIC "-//ibatis.apache.org//DTD SQL Map 2.0//EN"      
    "http://ibatis.apache.org/dtd/sql-map-2.dtd">
<sqlMap namespace="factor.procedimientosAlmacenados">
	<!--
		sp_cl_ef_resumen_neg   (@cli_idc varchar(12))
		sp_cl_general (@rutcli VARCHAR(12),@eje_cod int)
		create procedure sp_op_retorna_datos_diarios(@fecha_de_retorno datetime)

	-->
	<resultMap class="java.util.HashMap" id="lineaDeCredito">
		<result property="estadoLinea" column="des_est_lin" javaType="java.lang.String"/>
		<result property="numeroDeLinea" column="ldc_num" javaType="int"/>
		<result property="fechaDeSolicitud" column="ldc_fec_sol" javaType="java.util.Date"/>
		<result property="fechaDeResolucion" column="ldc_fec_rsn" javaType="java.util.Date"/>
		<result property="fechaVigenciaDesde" column="ldc_fec_vig_dde" javaType="java.util.Date"/>
		<result property="fechaVigenciaHasta" column="ldc_fec_vig_hta" javaType="java.util.Date"/>
		<result property="montoSolicitado" column="ldc_mto_sol" javaType="double"/>
		<result property="grupoEconomico" column="gec_num" javaType="int"/>
		<result property="montoAprobado" column="ldc_mto_apb" javaType="double"/>
		<result property="montoOcupado" column="ldc_mto_ocp" javaType="double"/>
		<result property="observacion" column="ldc_obs" javaType="java.lang.String"/>
		<result property="tipoComision" column="ldc_tip_com" javaType="java.lang.String"/>
		<result property="descripcionComision" column="ldc_des_com" javaType="java.lang.String"/>
		<result property="fechaUltimaRevision" column="ldc_fec_rvn" javaType="java.util.Date"/>
	</resultMap>
	<resultMap class="java.util.HashMap" id="listaPorcentajeAnticiparLineaCredito">
		<result property="tipoDocumento" column="T.D." javaType="java.lang.String"/>
		<result property="porcentajeAnticipo" columnIndex="3"  javaType="double"/>
		<result property="cobranza" column="COB." javaType="java.lang.String"/>
		<result property="responsabilidad" column="RES." javaType="java.lang.String"/>
	</resultMap>
	<resultMap class="java.util.HashMap" id="sublineasPorDeudor">
		<result property="rutDeudorAux" column="RUT DEUDOR" javaType="java.lang.String" />
		<result property="deudor" column="DEUDOR" javaType="java.lang.String" />
		<result property="montoSublinea" column="MTO. SUB - LINEA" javaType="double" />
		<result property="montoOcupado" column="MTO. OCUPADO" javaType="double" />
		<result property="tipoDocto" column="sbl_tip_pct_mto" javaType="java.lang.String" />
		<result property="porcentaje" column="%" javaType="double" />
	</resultMap>
	<resultMap class="java.util.HashMap" id="sublineasPorProducto">
		<result property="tipoDocto" column="TIPO DOCTO" javaType="java.lang.String" />
		<result property="montoSublinea" column="MTO. SUB - LINEA" javaType="double" />
		<result property="montoOcupado" column="MTO. OCUPADO" javaType="double" />
		<result property="tipoDocto" column="sbl_tip_pct_mto" javaType="java.lang.String" />
		<result property="porcentaje" column="%" javaType="double" />
	</resultMap>
	<resultMap class="java.util.HashMap" id="tasasBases">
		<result property="descripcionMoneda" javaType="java.lang.String"/>
		<result property="codigo" javaType="int"/>
		<result property="tipoMoneda" javaType="int"/>
		<result property="fecha" javaType="java.util.Date"/>
		<result property="valor" javaType="double"/>
		<result property="desde" javaType="double"/>
		<result property="hasta" javaType="double"/>
		<result property="descripcion" javaType="java.lang.String"/>
		<result property="typEst" javaType="java.lang.String"/>
	</resultMap>
	<resultMap class="java.util.HashMap" id="ejecutivoFactoring">
		<result property="codigo" column="CODIGO" javaType="int" />
		<result property="nombre" column="NOMBRE"
			javaType="java.lang.String" />
	</resultMap>
	<resultMap class="java.util.HashMap" id="datosEjecutivoFactoring">
		<result property="codigo" column="eje_cod" javaType="int" />
		<result property="nombre" column="eje_nom"
			javaType="java.lang.String" />
	</resultMap>
	<resultMap class="java.util.HashMap" id="datosDiarios">
		<result property="uf" columnIndex="1" javaType="double" />
		<result property="dolar" columnIndex="2" javaType="double" />
		<result property="tasaMaximaConvencional" columnIndex="3" javaType="double" />
	</resultMap>
	<resultMap class="java.util.HashMap" id="listaPorcentajeAnticipar">
		<result property="codigo" columnIndex="1" javaType="java.lang.String" />
		<result property="producto" columnIndex="2" javaType="java.lang.String" />
		<result property="porcentajeAnticipo" columnIndex="3" javaType="double" />
		<result property="montoPlazoPromedio" columnIndex="4" javaType="double" />
		<result property="montoPlazoMaximo" columnIndex="5" javaType="double" />
	</resultMap>
	<resultMap class="java.util.HashMap" id="operacionFactoring">
		<result property="numeroOperacion" column="opn_num" javaType="int"/>
		<result property="codigoSucursal" column="suc_cod_ftg" javaType="java.lang.String"/>
		<result property="sucursal" column="SUCURSAL" javaType="java.lang.String"/>
		<result property="rutCliente" column="cli_idc" javaType="java.lang.String"/>
		<result property="nombreCliente" column="CLIENTE" javaType="java.lang.String"/>
		<result property="banco" column="BANCO" javaType="java.lang.String"/>
		<result property="formaPago" column="FORMA DE PAGO" javaType="java.lang.String"/>
		<result property="cuentaCorriente" column="CTA.CTE" javaType="java.lang.String"/>
		<result property="codigoMoneda" column="COD. MONEDA" javaType="int"/>
		<result property="descripcionCortaMoneda" column="des_cot_mon" javaType="java.lang.String"/>
		<result property="moneda" column="MONEDA" javaType="java.lang.String"/>
		<result property="monto" column="MONTO" javaType="double"/>
		<result property="montoOperacion" column="MONTO OPERACION" javaType="double"/>
		<result property="estadoNegociacion" column="EST. NEGOCIACION" javaType="java.lang.String"/>
		<result property="fechaVencimiento" column="FECHA VCTO" javaType="java.util.Date"/>
		<result property="usuario" column="USUARIO" javaType="java.lang.String"/>
		<result property="estadoOperacion" column="ESTADO OPERA" javaType="java.lang.String"/>
		<result property="estadoLegal" column="ESTADO LEGAL" javaType="java.lang.String"/>
		<result property="estadoVerificacion" column="ESTADO VERIF" javaType="java.lang.String"/>
		<result property="codigoTipoDocumento" column="pnu_tip_doc" javaType="int"/>
		<result property="descripcionCortaTipoDocumento" column="des_cot_doc" javaType="java.lang.String"/>
		<result property="tipoDocumento" column="TIPO DOCTO." javaType="java.lang.String"/>
		<result property="estadoAsistente" column="opn_est_ast" javaType="int"/>
		<result property="horaRecepcionTexto" columnIndex="23" javaType="java.lang.String"/>
		<result property="fechaRecepcionTexto" columnIndex="24" javaType="java.lang.String"/>
		<result property="horaOperacionTexto" columnIndex="25" javaType="java.lang.String"/>
		<result property="fechaOperacionTexto" columnIndex="26" javaType="java.lang.String"/>
		<result property="observacion" column="opn_obs_ast" javaType="java.lang.String"/>
	</resultMap>
	<resultMap class="java.util.HashMap" id="detalleOperacionFactoring">
		<result property="tipoPagare" column="opn_pgr_tip" javaType="java.lang.String" />
		<result property="monedaPagare" column="pnu_mon_pgr" javaType="java.lang.String" />
		<result property="mandato" column="opn_mdt_son" javaType="java.lang.String" />
		<result property="montoPagare" column="opn_pgr_mto" javaType="double" />
		<result property="cantidadDomicilio" column="ono_can_dom" javaType="int" />
		<result property="estadoVerificacion" column="pnu_ver_cod" javaType="int" />
		<result property="tipoEnvio" column="pnu_tip_env" javaType="java.lang.String" />
		<result property="horaIngresoVerificacion" column="ono_hra_ing" javaType="Date" />
		<result property="horaVerificacion" column="ono_hra_ver" javaType="Date" />
		<result property="verificador" column="eje_cod_ver" javaType="int" />
		<result property="observacionPagare" column="ono_obs_leg" javaType="java.lang.String" />
		<result property="observacionVerificacion" column="ono_obs_cob" javaType="java.lang.String" />
		<result property="tipoDocumentoVerificacion" column="ono_tip_doc" javaType="int" />
		<result property="documentos" column="ono_doc" javaType="java.lang.String" />
		<result property="montoAnticipado" column="ono_mon_ant" javaType="double" />
		<result property="montoGirar" column="ono_mon_gir" javaType="double" />
		<result property="horaIngresoOperacion" column="ono_ing_ope" javaType="Date" />
		<result property="estadoOperacion" column="opn_est_ast" javaType="java.lang.String" />
		<result property="observacionOperacion" column="opn_obs_ast" javaType="java.lang.String" />
		<result property="fechaOperacion" column="opn_fec_hor_rec" javaType="Date" />
		<result property="fechaEnvioOperacion" column="opn_fec_hor_ope" javaType="Date" />
	</resultMap>
	<resultMap class="java.util.HashMap" id="contratos">
		<result property="contrato" column="DESCRIPCION" javaType="java.lang.String" />
		<result property="horaContrato" column="HORA" javaType="java.lang.String" />
		<result property="firma" column="FIRMA" javaType="java.lang.String" />
		<result property="codigoContrato" column="pnu_con_tip" javaType="int" />
	</resultMap>
	<resultMap class="java.util.HashMap" id="parametrosFactoring">
		<result property="parametro" column="pnu_des" javaType="java.lang.String" />
		<result property="codigoParametro" column="pnu_cod" javaType="java.lang.String" />
	</resultMap>
	<resultMap class="java.util.HashMap" id="gestionCobranza">
		<result property="numeroGestion" column="gsn_num" javaType="int" />
		<result property="fechaGestion" column="FEC. GESTION" javaType="Date" />
		<result property="horaGestion" column="HOR. GESTION" javaType="Date" />
		<result property="telefonista" column="TELEFONISTA" javaType="java.lang.String" />
		<result property="fechaPago" column="FEC. PAGO" javaType="Date" />
		<result property="horaPagoDesde" column="H.PAG.DES." javaType="Date" />
		<result property="horaPagoHasta" column="H.PAG.HAS." javaType="Date" />
		<result property="fechaProximaGestion" column="FEC. PROX. GESTION" javaType="Date" />
		<result property="horaProximaGestion" column="HOR. PROX. GESTION" javaType="Date" />
		<result property="codigoCobranza" column="COB. COB." javaType="int" />
		<result property="tipoDocumento" columnIndex="11" javaType="java.lang.String" />
		<result property="ciudad" column="ciu_ciu_nom" javaType="java.lang.String" />
		<result property="comuna" column="cmn_cmn_nom" javaType="java.lang.String" />
		<result property="zona" columnIndex="14" javaType="java.lang.String" />
		<result property="direccion" columnIndex="15" javaType="java.lang.String" />
		<result property="documentacion" columnIndex="16" javaType="java.lang.String" />
		<result property="observacion" columnIndex="17" javaType="java.lang.String" />
	</resultMap>
	<resultMap class="java.util.HashMap" id="prorrogasEjecutivos">
		<result property="periodoAux" column="p_mes" javaType="java.lang.String"/>
		<result property="codigoEjecutivo" column="p_ejecutivo" javaType="java.lang.String"/>
		<result property="cantidadOperaciones" columnIndex="3" javaType="int"/>
		<result property="montoComision" columnIndex="4" javaType="double"/>
	</resultMap>
	<resultMap class="java.util.HashMap" id="detalleProvision">
		<result property="periodoProvisionAux" column="p_mes" javaType="java.lang.String"/>
		<result property="rutCliente" column="p_cliente" javaType="long"/>
		<result property="tipoProvision" column="tipo" javaType="java.lang.String"/>
		<result property="montoProvision" columnIndex="4" javaType="double"/>
	</resultMap>
	<resultMap class="java.util.HashMap" id="detalleClientes">
		<result property="rutCliente" column="cli_idc" javaType="long"/>
		<result property="nombreCliente" column="nombre" javaType="java.lang.String"/>
	</resultMap>
	<resultMap class="java.util.HashMap" id="perdidaEstimadaRegional">
		<result property="periodoTexto" columnIndex="1" javaType="java.lang.String"/>
		<result property="codigoEjecutivo" columnIndex="2" javaType="java.lang.String"/>
		<result property="nombreEjecutivo" columnIndex="4" javaType="java.lang.String"/>
		<result property="monto" columnIndex="5" javaType="double"/>
	</resultMap>

	<resultMap class="java.util.HashMap" id="datosEFactoring">
		<result property="lineaDisponible" column="ldc_sal" javaType="java.lang.String"/>
		<result property="numeroDeDeudores" column="cant_ddr_tod" javaType="int"/>
		<result property="deudaComoDeudor" column="deu_como_ddr_ef" javaType="double"/>
		<result property="montoDocumentosVigentes" column="mto_doc_vig" javaType="double"/>
		<result property="montoDocumentosMorosos" column="mto_doc_mor" javaType="double"/>
		<result property="montoOcupadoLineaDeCredito" column="mto_ocu_ldc" javaType="double"/>
	</resultMap>

	<resultMap class="java.util.HashMap" id="datosGeneralesCliente">
        <result property="razonSocial" column="cli_rzo_cli" javaType="java.lang.String"/>
        <result property="nombreEjecutivo" column="eje_nom" javaType="java.lang.String"/>
        <result property="categoriaDeRiesgo" column="pnu_ctg" javaType="java.lang.String"/>
        <result property="cartera" column="crt_des" javaType="java.lang.String"/>
        <result property="visitasCliente" columnIndex="31" javaType="java.lang.String"/>
        <result property="lineaAprobada" column="ldc_mto_apb" javaType="double"/>
        <result property="lineaOcupada" column="ldc_mto_ocp" javaType="double"/>
        <result property="fechaVtoLinea" column="ldc_fec_vig_hta" javaType="java.util.Date"/>
        <result property="promedioDiasPagados" column="rsc_prm_dia_pag" javaType="int"/>
        <result property="lineaFogapeOcupada" column="mto_ocp_fog" javaType="double"/>
        <result property="lineaFogapeDisponible" column="mto_ocp_fog" javaType="double"/>
		<result property="fechaVencimientoFogape" column="fec_vct_fog" javaType="java.util.Date"/>
		<result property="montoDeudaVigente" column="mto_deu_vig" javaType="double"/>
		<result property="montoDeudaMorosa" column="mto_deu_mor" javaType="double"/>
		<result property="montoLetras" column="mto_let_prt" javaType="double"/>
		<result property="montoLetrasEnMora" column="rsc_mto_let_mor" javaType="double"/>
		<result property="montoPagare" column="mto_pgr_prt" javaType="double"/>
		<result property="montoCobranzaJudicial" column="mto_cob_jud" javaType="double"/>
		<result property="montoComisionPorCobrar" column="mto_cxc" javaType="double"/>
		<result property="montoCajeOtraPlaza" column="mto_can_opl" javaType="double"/>
		<result property="montoCanjeMismaPlaza" column="mto_can_mpl" javaType="double"/>
		<result property="deudaComoDeudor" column="deu_como_ddr" javaType="double"/>
		<result property="montoDeudaConProblemas" column="mto_sld_cli_cod_may_460" javaType="double"/>
		<result property="numeroDocumentosConProblemas" column="num_doc_cli_cod_may_460" javaType="int"/>
		<result property="numeroDeudoresConProblemas" column="num_deu_cli_cod_may_460" javaType="int"/>
		<result property="numeroDeDeudores" columnIndex="18" javaType="double"/>
		<result property="montoPagareVigente" column="mto_pgr_vig" javaType="double"/>
		<result property="spread" column="ldc_spr_col" javaType="double"/>
		<result property="fechaUltimaOperacion" column="fec_ult_sim" javaType="java.util.Date"/>

		<result property="numeroLineaDeCredito" column="ldc_num" javaType="int"/>
		<result property="numeroLineaFogape" column="nro_lin_fgp" javaType="int"/>
	</resultMap>

	<resultMap class="java.util.HashMap" id="eventoAbono">
		<result property="rutDelCliente" 		column="cya_cli_idc" 	javaType="java.lang.Long"/>
		<result property="nombreDelCliente" 	column="cya_nom_cli" 	javaType="java.lang.String"/>
		<result property="numeroDeOperacion" 	column="cya_nro_ope" 	javaType="int"/>
		<result property="cargoDeAbono" 		column="cya_car_abo" 	javaType="java.lang.String"/>
		<result property="fechaDeAbono" 		column="cya_fec_prc" 	javaType="java.util.Date"/>
		<result property="cuentaCorriente" 		column="cya_cta_cte" 	javaType="java.lang.String"/>
		<result property="monto" 				column="cya_mto_ope" 	javaType="double"/>
		<result property="estadoDeOperacion" 	column="cya_est_ope" 	javaType="java.lang.String"/>
		<result property="tipoDeAbono" 			column="cya_tip_egr" 	javaType="java.lang.String"/>
		<result property="codigoDeMoneda" 		column="cya_cod_mon" 	javaType="java.lang.String"/>
		<result property="telefonoCliente" 		column="cli_tlf" 		javaType="java.lang.String"/>
		<result property="celularCliente" 		column="cli_tlf_cel" 	javaType="java.lang.String"/>
		<result property="emailCliente" 		column="cli_ema" 		javaType="java.lang.String"/>		
		<result property="continuacion" 		column="continuacion" 	javaType="int"/>	
		<result property="cantidadTotal" 		column="cantidadTotal" 	javaType="int"/>							
	</resultMap>

	<procedure id="sp_fac_obt_eje" parameterClass="java.util.HashMap" resultMap="datosEjecutivoFactoring">
   {CALL sp_fac_obt_eje(#nom_eje#)}
	</procedure>
	<procedure id="sp_cl_ef_resumen_neg"
		parameterClass="java.util.HashMap" resultMap="datosEFactoring">
		{CALL sp_cl_ef_resumen_neg(#cli_idc#)}
	</procedure>
	<procedure id="sp_cl_general" parameterClass="java.util.HashMap"
		resultMap="datosGeneralesCliente">
		{CALL sp_cl_general(#rutcli#,#eje_cod#)}
	</procedure>
	<procedure id="sp_op_retorna_datos_diarios"
		parameterClass="java.util.HashMap" resultMap="datosDiarios">
		{CALL sp_op_retorna_datos_diarios(#fecha_de_retorno#)}
	</procedure>
	<procedure id="sp_devuelve_ejecutivo"
		parameterClass="java.util.HashMap" resultMap="ejecutivoFactoring">
		{CALL sp_devuelve_ejecutivo(#cod_ejecutivo#,#sucursal_factoring#,#tipo_consulta#,#tipo_ejecutivo#)}
	</procedure>
	<procedure id="sp_cc_neg_ingresos_prelim"
		parameterClass="java.util.HashMap" resultMap="operacionFactoring">
		{CALL
		sp_cc_neg_ingresos_prelim(#ejecutivo1#,#ejecutivo2#,#fecha_neg_desde#,#fecha_neg_hasta#)}
	</procedure>
	<procedure id="sp_cc_retorna_detalle_ope"
		parameterClass="java.util.HashMap" resultMap="detalleOperacionFactoring">
		{CALL sp_cc_retorna_detalle_ope(#cli_idc#,#ope_num#)}
	</procedure>
	<procedure id="sp_retorna_contratos_neg"
		parameterClass="java.util.HashMap" resultMap="contratos">
		{CALL sp_retorna_contratos_neg(#cli_idc#,#ope_num#)}
	</procedure>
	<procedure id="sp_devuelve_parametro"
		parameterClass="java.util.HashMap" resultMap="parametrosFactoring">
		{CALL sp_devuelve_parametro(#tipo_tabla#,#Cod_tab#)}
	</procedure>
	<procedure id="sp_cartfac_gestion_cob"
		parameterClass="java.util.HashMap" resultMap="gestionCobranza">
		{CALL
		sp_cartfac_gestion_cob(#rut_cliente#,#rut_deudor#,#tipo_docto#,#nro_docto#,#glo_cod_doc#,#nro_gestion#,#nro_cuota#)}
	</procedure>
	<procedure id="sp_cc_elimina_operacion"
		parameterClass="java.util.HashMap" resultClass="java.util.HashMap">
		{CALL sp_cc_elimina_operacion(#cliente#,#num_ope#)}
	</procedure>
	<procedure id="sp_cl_dev_pct_anticipar_gen"
		parameterClass="java.util.HashMap" resultMap="listaPorcentajeAnticipar">
		{CALL sp_cl_dev_pct_anticipar_gen(#linea#)}
	</procedure>
	<procedure id="sp_busca_linea_credito"
		parameterClass="java.util.HashMap" resultMap="lineaDeCredito">
		{CALL
		sp_busca_linea_credito(#rut_lin#,#portip#,#estsol#,#estlin#)}
	</procedure>
	<procedure id="sp_lista_porcentaje_anticipar"
		parameterClass="java.util.HashMap" resultMap="listaPorcentajeAnticiparLineaCredito">
		{CALL sp_lista_porcentaje_anticipar(#linea#,#tipdoc#)}
	</procedure>
	<procedure id="sp_sublineasPorDeudor"
		parameterClass="java.util.HashMap" resultMap="sublineasPorDeudor">
		{CALL sp_lc_lista_sublinea_cliente1(#cli_idc#,#ldc_num#,#tipo#)}
	</procedure>
	<procedure id="sp_sublineasPorProducto"
		parameterClass="java.util.HashMap" resultMap="sublineasPorProducto">
		{CALL sp_lc_lista_sublinea_cliente1(#cli_idc#,#ldc_num#,#tipo#)}
	</procedure>
	<procedure id="sp_le_update_fecha_rev"
		parameterClass="java.util.HashMap" resultClass="java.util.HashMap">
		{CALL sp_le_update_fecha_rev(#num_lin#,#fecrev#)}
	</procedure>
	<procedure id="sp_op_busca_tasas_bases"
		parameterClass="java.util.HashMap" resultMap="tasasBases">
		{CALL sp_op_busca_tasas_bases()}
	</procedure>
	<procedure id="sp_com_prg_eje" parameterClass="java.util.HashMap"
		resultMap="prorrogasEjecutivos">
		{CALL sp_com_prg_eje(#desde#,#hasta#,#grupo#)}
	</procedure>
	<procedure id="sp_prv_res_cli" parameterClass="java.util.HashMap"
		resultMap="detalleProvision">
		{CALL sp_prv_res_cli(#desde#,#hasta#,#ejecutivo#)}
	</procedure>
	<procedure id="sp_prv_cli_eje" parameterClass="java.util.HashMap"
		resultMap="detalleClientes">
		{CALL sp_prv_cli_eje(#ejecutivo#)}
	</procedure>
	<procedure id="sp_prv_per_reg" parameterClass="java.util.HashMap" resultMap="perdidaEstimadaRegional">
	  {CALL sp_prv_per_reg(#desde#,#hasta#,#ejec#)}
	</procedure>

	<!-- 
		sp_FacElec_devuel_financia2 (@RutClinete varchar(12), @CantDias int)
	-->
	<procedure id="devuelveFinancia" parameterClass="java.util.HashMap" resultClass="java.util.HashMap">
		{CALL sp_FacElec_devuel_financia2(#RutClinete#, #CantDias#)}
	</procedure>


	<!-- 
	sp_FactElect_guarda_egr2 (@rut_cliente char(12), @total_pago numeric(12), @tipo_egreso int, @antes_14_hrs char(1),
							  @nro_operacion numeric(10), @observacion varchar(255), @banco varchar(3), @ctacte	varchar(15)) -->
      <procedure id="guardaEgreso" parameterClass="java.util.HashMap" resultClass="java.util.HashMap">
		{CALL sp_FactElect_guarda_egr2(#rut_cliente#,#total_pago#,#tipo_egreso#,#antes_14_hrs#,#nro_operacion#,#observacion#,#banco#,#ctacte#)}
	  </procedure>   
	  
	<parameterMap id="consultaEfactoringClientesDatos" class="java.util.HashMap">
		<parameter property="cliIdc"				jdbcType="CHAR"		javaType="String" />
	</parameterMap>

	<resultMap id="resultadoEfactoringClientesDatos" class="java.util.HashMap">
	  <result property="rutcliente"     	column="cli_idc"  		jdbcType="CHAR"  	javaType="String" />        	
	  <result property="celular"   		column="cnc_tel" 		jdbcType="CHAR"   	javaType="String"/>        	
	  <result property="fax"		column="cnc_fax"		jdbcType="CHAR"   	javaType="String"/>        	
	  <result property="mail"		column="cnc_ema"		jdbcType="CHAR"   	javaType="String"/>        	
	</resultMap>

	<procedure id="consultaEfactoringClientesDatos" parameterMap="consultaEfactoringClientesDatos" resultMap="resultadoEfactoringClientesDatos">
		{ CALL sp_con_efac( ?) }
	</procedure>
	  
	<procedure id="consultarEventoAbono" parameterClass="java.util.HashMap" resultMap="eventoAbono">
		{CALL sp_cns_abo_fec(#reg_pag#, #continuacion#, #fecha_inicio#, #fecha_fin#)}
	</procedure>   	

<!-- ***************************** CONSULTA CARTOLAS FACTORING ************************************-->
	  <!-- sp_scf_det_prf_acc (@usuario char(12) = '')     -->
	  <procedure id="recuperarPerfilAcceso" parameterClass="java.util.HashMap" resultClass="java.util.HashMap">
		{CALL sp_scf_det_prf_acc (#usuario#)}
	  </procedure>
</sqlMap>	
