<?xml version="1.0" encoding="UTF-8" ?>
<!DOCTYPE sqlMap
	PUBLIC "-//ibatis.apache.org//DTD SQL Map 2.0//EN"
	"http://ibatis.apache.org/dtd/sql-map-2.dtd">


<sqlMap namespace="ctaster.procedimientosAlmacenados">

	
	
<parameterMap id="setConsultaTransferenciasRecibidasBancoBCI" class="java.util.HashMap">
		<parameter property="rut"		   		   	jdbcType="CHAR" 		javaType="String" />		
			<parameter property="dv"		   	jdbcType="CHAR" 		javaType="String" />
		<parameter property="cuenta"      	        jdbcType="CHAR" 		javaType="String" />
		<parameter property="periodo"		        jdbcType="DATE"    		javaType="java.util.Calendar" typeHandler="cl.bci.middleware.aplicacion.persistencia.handler.CalendarTypeHandler"  />		
		<parameter property="bloque"		      	jdbcType="NUMERIC" 		javaType="int" />		
		<parameter property="cantidadRegistros"    	jdbcType="NUMERIC" 		javaType="int" />	
	</parameterMap>

		<resultMap id="getConsultaTransferenciasRecibidasBancoBCI" class="java.util.HashMap">
					<result property="cuentaOrigen"     			column="cuentaOrigen"				jdbcType="CHAR"    	 javaType="String" />        	
			        <result property="tipoCuentaOrigen"     		column="tipoCuentaOrigen" 			jdbcType="CHAR"    	 javaType="String"/>        	
			        <result property="montoTransferido"				column="montoTransferido" 			jdbcType="NUMERIC"   javaType="int"/>        	
			        <result property="cuentaDestino" 				column="cuentaDestino"				jdbcType="CHAR"    	 javaType="String" />
		        <result property="tipo" 			column="tipoCuentaDestino"   	jdbcType="CHAR"    	 javaType="String" />        	
			        <result property="nombreDestinatario"     		column="nombreDestinatario"			jdbcType="CHAR"    	 javaType="String" />        	
			        <result property="rutDestino"					column="rutDestino"					jdbcType="CHAR"    	 javaType="String" />
					<result property="numeroOperacion"    			column="numeroOperacion"			jdbcType="CHAR"    	 javaType="String" />        	
					<result property="fechaMovimiento"				column="fechaAbono"					jdbcType="DATE"    	 javaType="java.util.Calendar" typeHandler="cl.bci.middleware.aplicacion.persistencia.handler.CalendarTypeHandler" />        	
					<result property="comentarioTransferencia"      column="comentarioTransferencia"	jdbcType="CHAR"    	 javaType="String" />        	
			        <result property="operacion"     				column="operacion"					jdbcType="CHAR"    	 javaType="String" />        	
	       		    <result property="numerosPagina"				column="numerosPagina"				jdbcType="NUMERIC"   javaType="int" /> 
		   	<result property="rutOriginador"			column="rutOriginador"		jdbcType="CHAR"    	 javaType="String" />
		   	
	</resultMap>

		<procedure id="consultaTransferenciasRecibidasBancoBCI" parameterMap="setConsultaTransferenciasRecibidasBancoBCI" resultMap="getConsultaTransferenciasRecibidasBancoBCI">
			{ CALL sp_CtasTransEnvClien( ?, ?, ?, ?, ?, ? ) }
	</procedure>
	
		

	<parameterMap id="setConsultaTransferenciasEnviadasCliente" class="java.util.HashMap">
		<parameter property="rut"		   		   	jdbcType="CHAR" 		javaType="String" />		
		<parameter property="cuenta"      	        jdbcType="CHAR" 		javaType="String" />
		<parameter property="periodo"		        jdbcType="DATE"    		javaType="java.util.Calendar" typeHandler="cl.bci.middleware.aplicacion.persistencia.handler.CalendarTypeHandler"  />		
		<parameter property="bloque"		      	jdbcType="NUMERIC" 		javaType="int" />		
		<parameter property="cantidadRegistros"    	jdbcType="NUMERIC" 		javaType="int" />	
	</parameterMap>

	<resultMap id="getConsultaTransferenciasEnviadasCliente" class="java.util.HashMap">
					<result property="cuentaOrigen"     			column="cuentaOrigen"				jdbcType="CHAR"    	 javaType="String" />        	
			        <result property="tipoCuentaOrigen"     		column="tipoCuentaOrigen" 			jdbcType="CHAR"    	 javaType="String"/>        	
			        <result property="montoTransferido"				column="montoTransferido" 			jdbcType="NUMERIC"   javaType="int"/>        	
			        <result property="cuentaDestino" 				column="cuentaDestino"				jdbcType="CHAR"    	 javaType="String" />
			        <result property="tipoCuentaDestino" 			column="tipoCuentaDestino"   		jdbcType="CHAR"    	 javaType="String" />        	
			        <result property="nombreDestinatario"     		column="nombreDestinatario"			jdbcType="CHAR"    	 javaType="String" />        	
			        <result property="rutDestino"					column="rutDestino"					jdbcType="CHAR"    	 javaType="String" />
			        <result property="bancoDestino"					column="bancoDestino"				jdbcType="CHAR"    	 javaType="String" />        		        
					<result property="numeroOperacion"    			column="numeroOperacion"			jdbcType="CHAR"    	 javaType="String" />        	
					<result property="fechaMovimiento"				column="fechaAbono"					jdbcType="DATE"    	 javaType="java.util.Calendar" typeHandler="cl.bci.middleware.aplicacion.persistencia.handler.CalendarTypeHandler" />        	
					<result property="comentarioTransferencia"      column="comentarioTransferencia"	jdbcType="CHAR"    	 javaType="String" />        	
			        <result property="operacion"     				column="operacion"					jdbcType="CHAR"    	 javaType="String" />        	
	       		    <result property="numerosPagina"				column="numerosPagina"				jdbcType="NUMERIC"   javaType="int" /> 
	</resultMap>

	<procedure id="consultaTransferenciasEnviadasCliente" parameterMap="setConsultaTransferenciasEnviadasCliente" resultMap="getConsultaTransferenciasEnviadasCliente">
		{ CALL sp_CnsTransLineaCargo( ?, ?, ?, ?, ? ) }
	</procedure>
	
		
      <parameterMap id="setValidaMontoMaximoDisponible" class="java.util.HashMap">
            <parameter property="rutUsuario"        jdbcType="INTEGER"      javaType="java.lang.Long" />
            <parameter property="dvUsuario"         jdbcType="CHAR"         javaType="String" />            
            <parameter property="monto"    jdbcType="DECIMAL"      javaType="java.lang.Double" />               
        </parameterMap>   
    <procedure id="validaMontoMaximoDisponible" parameterMap="setValidaMontoMaximoDisponible" resultClass="java.lang.Double">
            { CALL sp_validaMontoMax( ?, ?, ?) }
    </procedure>
    
    	<parameterMap id="setconsultaMontoDisponible" class="java.util.HashMap">
		<parameter property="rutUsuario"        jdbcType="INTEGER"  javaType="java.lang.Long" />
		<parameter property="dvUsuario"			jdbcType="CHAR"		javaType="String" />
		<parameter property="canal"				jdbcType="CHAR"		javaType="String" />
		<parameter property="tipoBanca"			jdbcType="CHAR"		javaType="String" />
		<parameter property="montoOperacion"	jdbcType="DECIMAL"	javaType="java.lang.Double" />
		<parameter property="montoMaximo"	jdbcType="DECIMAL"	javaType="java.lang.Double" />
		<parameter property="fecha"		jdbcType="DATETIME"	javaType="java.util.Date"/>
		<parameter property="tipoMoneda"	jdbcType="CHAR"		javaType="String" />
		
	</parameterMap>
	
	<procedure id="consultaMontoDisponible" parameterMap="setconsultaMontoDisponible" resultClass="java.lang.Double">
		{ CALL sp_consultaMontoMax ( ?,?,?,?,?,?,?,?) }
	</procedure>

	<parameterMap id="setactualizaMontoDisponible" class="java.util.HashMap">
		<parameter property="rutUsuario"        jdbcType="INTEGER"      javaType="java.lang.Long" />
		<parameter property="dvUsuario"			jdbcType="CHAR"			javaType="String" />
		<parameter property="canal"				jdbcType="CHAR"			javaType="String" />
		<parameter property="tipoBanca"			jdbcType="CHAR"			javaType="String" />
		<parameter property="montoOperacion"	jdbcType="DECIMAL"		javaType="java.lang.Double" />
		<parameter property="fechaMov"          jdbcType="DATETIME" 	javaType="java.util.Date" />
	</parameterMap>
	
	<procedure id="actualizaMontoDisponible" parameterMap="setactualizaMontoDisponible" resultClass="int">
		{ CALL sp_actualizaMontoMax ( ?,?,?,?,?,? ) }
	</procedure>
	
	
	
	<parameterMap id="setconsultaMontoMaximoDisponible" class="java.util.HashMap">
			
			<parameter property="rutUsuario"        jdbcType="INTEGER"      javaType="java.lang.Long" />
			<parameter property="dvUsuario"			jdbcType="CHAR"			javaType="String" />
			<parameter property="tipoBanca"			jdbcType="CHAR"			javaType="String" />
			<parameter property="montoMaximo"       jdbcType="DECIMAL"      javaType="java.lang.Double" />
			<parameter property="fecha"				jdbcType="DATETIME" 	javaType="java.util.Calendar" typeHandler="cl.bci.middleware.aplicacion.persistencia.handler.CalendarTypeHandler" />
			<parameter property="tipoMoneda"		jdbcType="CHAR"		 	javaType="String"/>
			<parameter property="canal"				jdbcType="CHAR"		 	javaType="String"/>
	
	</parameterMap>
	
	
	<procedure id="consultaMontoMaximoDisponible" parameterMap="setconsultaMontoMaximoDisponible" resultClass="java.lang.Double">
			{ CALL sp_consultaMonto ( ?,?,?,?,?,?,?) }
	</procedure>

</sqlMap>
