<?xml version="1.0" encoding="UTF-8" ?>

<!DOCTYPE sqlMap      
    PUBLIC "-//ibatis.apache.org//DTD SQL Map 2.0//EN"      
    "http://ibatis.apache.org/dtd/sql-map-2.dtd">
	
<sqlMap namespace="Mcre_no_curs.procedimientosAlmacenados">
   <parameterMap id="setIngresarRegistro" class="java.util.HashMap">
		<parameter property="estado"        	jdbcType="CHAR"  	javaType="String" />
		<parameter property="canal"        		jdbcType="CHAR"		javaType="String" />
		<parameter property="fechaIngreso"      jdbcType="DATETIME" javaType="java.util.Date" />
		<parameter property="tipo"  			jdbcType="CHAR"     javaType="String" />
		<parameter property="rut"               jdbcType="INTEGER"  javaType="java.lang.Long" />
		<parameter property="digitoVerificador" jdbcType="CHAR"     javaType="String" />
		<parameter property="telefono"   		jdbcType="CHAR"     javaType="String" />
		<parameter property="celular"         	jdbcType="CHAR" 	javaType="String" />
		<parameter property="email"             jdbcType="CHAR"     javaType="String" />
		<parameter property="ejecutivo"         jdbcType="CHAR"  	javaType="String" />
  </parameterMap>
	
	<procedure id="ingresarRegistro" parameterMap="setIngresarRegistro" resultClass="int">
		{ CALL sp_ing_acc_sim ( ?,?,?,?,?,?,?,?,?,? ) }
	</procedure>

</sqlMap>	

			