<?xml version="1.0" encoding="UTF-8" ?>

<!DOCTYPE sqlMap      
    PUBLIC "-//ibatis.apache.org//DTD SQL Map 2.0//EN"      
    "http://ibatis.apache.org/dtd/sql-map-2.dtd">
	
<sqlMap namespace="mdpbci.procedimientosAlmacenados">	

	<resultMap id="res_trans_lbtr" class = "java.util.HashMap">
    	<result property = "codResultado"				column = "result_sw"/>
	    <result property = "mensajeRespuesta"	column = "result_msg"/>
	</resultMap>

	<resultMap id="res_cns_mdp" class = "java.util.HashMap">
    	<result property = "fechaOperacion"				column = "FECHA DE PAGO" jdbcType="datetime" javaType="Date" />
	    <result property = "horaValor"							column = "HRA REALIZACION"/>
		<result property = "rutOrigen"							column = "RUT ORDENANTE"/>
		<result property = "nombreOrigen"	   				column = "NOMBRE ORDENANTE"/>
		<result property = "monto"	    							column = "MONTO"/>
		<result property = "bancoDestino"	    			column = "BCO DESTINO"/>
		<result property = "ctacteDestino"	    			column = "CTA CTE ORDENANTE"/>
		<result property = "comprobante"	    			column = "CANAL"/>
		<result property = "comprobanteComision"	column = "CANAL DESCRIPCION"/>
	</resultMap>

	<resultMap id="res_cns_trf" class = "java.util.HashMap">
    	<result property = "nroOperacion"				column = "fld_int_num_ope" jdbcType="int" javaType="int"/>
    	<result property = "tipoOperacion"				column = "fld_int_tip_ope" />
    	<result property = "fechaOperacion"				column = "fld_int_fec_ope"  jdbcType="datetime" javaType="Date"/>
    	<result property = "rutOrigen"				column = "fld_int_rut_ord"/>
    	<result property = "dvOrigen"				column = "fld_int_dig_ord" />
    	<result property = "nombreOrigen"				column = "fld_int_nom_ord_1" />
    	<result property = "direccionOrigen"				column = "fld_int_dir_ord_1" />
    	<result property = "telefono"				column = "fld_int_telefono" />
    	<result property = "ctacteOrigen"				column = "fld_int_cct_ord" />
    	<result property = "monto"				column = "fld_int_mto_ope"/>
    	<result property = "fechaValor"				column = "fld_int_fec_val"  jdbcType="datetime" javaType="Date" />
    	<result property = "rutDestino"				column = "fld_int_rut_ben" />
    	<result property = "dvDestino"				column = "fld_int_dig_ben" />
    	<result property = "nombreDestino"				column = "fld_int_nom_ben_1" />
    	<result property = "bancoDestino"				column = "fld_int_bco_ben" />
    	<result property = "ctacteDestino"				column = "fld_int_cct_ben" />
    	<!--<result property = ""				column = "fld_int_moneda" /-->
    	<result property = "horaValor"				column = "fld_int_hra_val" />
    	<result property = "codProducto"				column = "fld_int_cod_pro" />
    	<result property = "comision"				column = "fld_comision" />
    	<result property = "comprobante"				column = "fld_comprobante" />
    	<result property = "comprobanteComision"				column = "fld_comp_comision" />
    	<result property = "estado"				column = "fld_estado" />
    	<result property = "usrIngreso"				column = "fld_usr_ingresa" />
    	<result property = "ofiUsrIngreso"				column = "fld_usr_ofi_ing" />
    	<result property = "usrConfirma"				column = "fld_usr_confirma" />
    	<result property = "ofiUsrConfirma"				column = "fld_usr_ofi_conf" />
    	<result property = "usrFirma2"				column = "fld_usr_firma2" />
    	<result property = "ofiUsrFirma2"				column = "fld_usr_ofi_firma2" />
    	<result property = "remesa1"				column = "fld_int_inf_rem_1" />
    	<result property = "remesa2"				column = "fld_int_inf_rem_2" />
    	<result property = "remesa3"				column = "fld_int_inf_rem_3" />
    	<result property = "remesa4"				column = "fld_int_inf_rem_4" />
    	<result property = "giro"				column = "fld_giro_comercial"/>
    	<result property = "ctacteOrigenComision"				column = "fld_cta_cte_com" />		
	</resultMap>

	<procedure id="ingresarMT103" parameterClass="java.util.HashMap" resultMap="res_trans_lbtr">
        {CALL sp_ing_mt103 (#numOperacion#, #tipoOperacion#, #fechaOperacion#, #rut#, #nombre#, #ctaCargo#, #montoOperacion#, #fechaValorCambio#, #rutBenef#, 
			#nombreBenef#, #bancoBenef#, #ctaAbono#,  #horaTransac#, #idProducto#, #respuesta1#, #respuesta2#, #respuesta3#, #respuesta4#)}
    </procedure>

	<procedure id="consultarTransferencias" parameterClass="java.util.HashMap" resultMap="res_cns_trf">
        {CALL sp_consultaLbtrWcorp (#fechaOperacion#, #fecha2#, #rut#, #rut2#, #estado#)}
    </procedure>

	<procedure id="recuperaBicBanco" parameterClass="java.util.HashMap"  resultClass="java.util.HashMap">
        {CALL sp_con_bic_Bancos (#codBanco#)}
    </procedure>

	<procedure id="confirmarTransferencias" parameterClass="java.util.HashMap" resultMap="res_trans_lbtr">
        {CALL sp_modificaLbtrWcorp (#numOperacion#, #fechaOperacion#, #rut#, #codigo2#, #estado#, #usuario#, #oficina#, #usuarioModif#, #oficinaNormal#, #usuarioModifSol#, #oficinaCargo#)}
    </procedure>

	<procedure id="generaFolio" parameterClass="java.util.HashMap" resultClass="java.util.HashMap">
        {CALL sp_generaSemillaLbtr ()}
    </procedure>

	<procedure id="ingresarTransferencias" parameterClass="java.util.HashMap" resultMap="res_trans_lbtr">
        {CALL sp_ingresaLbtrWcorp (#numOperacion#, #tipoOperacion#, #fechaOperacion#, #rut#, #digitoVerificador#, #nombre#, #direccion#, #fono#, #ctaCargo#, #montoOperacion#, 
			#fechaValorCambio#, #rutBenef#, #digitoVerifBenef#, #nombreBenef#, #bancoBenef#, #ctaAbono#, #moneda#, #horaTransac#, #codigo#, #montoComision#, #codigoCargo#, 
			#codigo2#, #estado#, #usuario#, #oficina#, #usuarioModif#, #oficinaNormal#, #usuarioModifSol#, #oficinaCargo#, #respuesta1#, #respuesta2#, #respuesta3#, #respuesta4#, 
			#estado2#, #comisionCtaCte#)}
    </procedure>

	<procedure id="consultarTransferenciasMDP" parameterClass="java.util.HashMap" resultMap="res_cns_mdp">
        {CALL sp_con_env_cta (#rut#, #fechaOperacion#, #fecha2#)}
    </procedure>
	
</sqlMap>	