<?xml version="1.0" encoding="UTF-8" ?>

<!DOCTYPE sqlMap      
    PUBLIC "-//ibatis.apache.org//DTD SQL Map 2.0//EN"      
    "http://ibatis.apache.org/dtd/sql-map-2.dtd">
	
<sqlMap namespace="pronbci.procedimientosAlmacenados">	

<resultMap id="detalleSucursal" class="java.util.HashMap">
		<result property="estado"      											    column="estadoTicket"								javaType="java.lang.String"     jdbcType="VARCHAR"/>
		<result property="tipoTicketGenerado"   						            column="tipoTicketGen"								javaType="java.lang.String"     jdbcType="VARCHAR"/>
		<result property="totalRegistros"   									    column="totalRegistros" 							javaType="java.lang.Long"       jdbcType="INTEGER"/>
		<result property="monto"        											column="montoTotal" 								javaType="java.lang.Long"       jdbcType="INTEGER"/>
	    <result property="oficina"       		  									column="local"										javaType="java.lang.Long"       jdbcType="INTEGER"/>
		

</resultMap>


	<!--    elimina favorito  -->
	<procedure id="eliminaFavorito" parameterClass="java.util.HashMap">
		{CALL sp_del_fav(#iIdentificadorFavorito#)}
    </procedure>
	
<!--    agrega reporte-->
	<procedure id="agregaReporte" parameterClass="java.util.HashMap">
		{CALL sp_ins_rep(#sServicio#,#sEstado#,#iNumeroTransacciones#,#fMontoTransacciones#,#dFechaReporte#,#sSku#,#iEmpresaGestora#)}
    </procedure>

<!--    consulta detalle sucursal  -->
	<procedure id="traerDetallePorLocalMultyBox" parameterClass="java.util.HashMap"  resultMap="detalleSucursal"> 
		{CALL sp_com_lcl(#com_fec_ini#)}
    </procedure>
	

		
</sqlMap>	