<?xml version="1.0" encoding="UTF-8" ?>

<!DOCTYPE sqlMap      
    PUBLIC "-//ibatis.apache.org//DTD SQL Map 2.0//EN"      
    "http://ibatis.apache.org/dtd/sql-map-2.dtd">
	
<sqlMap namespace="wsonrisas.procedimientosAlmacenados">	



<!--
			sp_snr_obt_det_prd (@clg_cod char(3),@prd_cod char(15)
	-->
	<resultMap id="getDetalleProducto" class="java.util.HashMap">
		<result property="CodigoProducto" 					jdbcType="Integer"  javaType="java.lang.Integer"/>
		<result property="CodigoCatalogo"  				jdbcType="VARCHAR" 	javaType="java.lang.String"/>
		<result property="Categoria"      		jdbcType="VARCHAR" javaType="java.lang.String"/>
		<result property="Nombre"      		jdbcType="VARCHAR" javaType="java.lang.String"/>
		<result property="Descripcion"  			jdbcType="VARCHAR"  javaType="java.lang.String"/> 
		<result property="Precio"  				jdbcType="Integer"  javaType="java.lang.Integer"/> 
	</resultMap>
	
	<parameterMap id="setDetalleProducto" class="java.util.HashMap">
		<parameter property="clg_cod"			jdbcType="VARCHAR"  javaType="java.lang.String"/>
		<parameter property="prd_cod"			jdbcType="VARCHAR"  javaType="java.lang.String"/>
	</parameterMap>
	
    <procedure id="obtieneDetalleProducto" parameterMap="setDetalleProducto" resultMap="getDetalleProducto">
		{CALL sp_snr_obt_det_prd (?,?)}
	</procedure>
	
	<!--
	 dbo.sp_snr_ins_sol(@sol_rut   varchar(12),  
@num_tjt   varchar(16),  
@clg_cod   varchar(3) ,  
@sol_fec   datetime ,    
@dir_env   varchar(150), 
@tel_env   varchar(20),  
@nom_ter   varchar(50),  
@rel_ter   varchar(50),  
@com_env   varchar(50),  
@ciu_env   varchar(50),  
@cod_canal int)    
	-->
	
	<parameterMap id="setInsertaSolicitud" 		class="java.util.HashMap">
		<parameter property="sol_rut" 		jdbcType="NUMERIC" javaType="java.lang.Long"/>
		<parameter property="num_tjt"		jdbcType="VARCHAR" javaType="java.lang.String" />
		<parameter property="clg_cod"  		jdbcType="VARCHAR" javaType="java.lang.String" />
		<parameter property="dir_env"  		jdbcType="VARCHAR" javaType="java.lang.String" />
		<parameter property="tel_env"  		jdbcType="VARCHAR" javaType="java.lang.String" />
		<parameter property="nom_ter"  		jdbcType="VARCHAR" javaType="java.lang.String" />
		<parameter property="rel_ter"  		jdbcType="VARCHAR" javaType="java.lang.String" />
		<parameter property="com_env"  		jdbcType="VARCHAR" javaType="java.lang.String" />
		<parameter property="ciu_env"  		jdbcType="VARCHAR" javaType="java.lang.String" />
		<parameter property="cod_canal"  	jdbcType="INTEGER" javaType="java.lang.Integer" />
		<parameter property="num_cuo"  	jdbcType="INTEGER" javaType="java.lang.Integer" />
		<parameter property="mon_cargo"  	jdbcType="INTEGER" javaType="java.lang.Integer" />
		<parameter property="tot_canjear"  	jdbcType="INTEGER" javaType="java.lang.Integer" />
	</parameterMap>
	
    <resultMap id="getInsertaSolicitud" class="java.util.HashMap">
		<result property="resultado" 	jdbcType="INTEGER"  javaType="java.lang.Integer"/>
	</resultMap>
	
	<procedure id="insertarSolicitud" parameterMap="setInsertaSolicitud" resultMap="getInsertaSolicitud">
		{CALL sp_snr_ins_sol (?, ?, ?, ?, ?, ? ,?, ?, ?, ?, ?, ?, ?)}
	</procedure>
	
	<parameterMap id="setInsertaBeneficiario" 	class="java.util.HashMap">
		<parameter property="cwp_cli_idc" 		jdbcType="NUMERIC" javaType="java.lang.Long"/>
		<parameter property="cwp_ipe_cli"		jdbcType="VARCHAR" javaType="java.lang.String" />
		<parameter property="cwp_eml_cli"  		jdbcType="VARCHAR" javaType="java.lang.String" />
		<parameter property="cwp_tel_cel"  		jdbcType="NUMERIC" javaType="java.lang.Long" />
		<parameter property="cwp_tel_fjo"  		jdbcType="VARCHAR" javaType="java.lang.String" />
		<parameter property="cwp_cnl"  		    jdbcType="VARCHAR" javaType="java.lang.String" />
		
	</parameterMap>
	
	<parameterMap id="setInsertaCanje" 	class="java.util.HashMap">
		<parameter property="cpt_idc_com" 		jdbcType="NUMERIC" javaType="java.lang.Long"/>
		<parameter property="cpt_idc_can"		jdbcType="NUMERIC" javaType="java.lang.Long"/>
		<parameter property="cpt_idc_prg"  		jdbcType="VARCHAR" javaType="java.lang.String" />
		<parameter property="cpt_num_tar"  		jdbcType="VARCHAR" javaType="java.lang.String" />
		<parameter property="cpt_num_ref"  		jdbcType="NUMERIC" javaType="java.lang.Long" />
		<parameter property="cpt_nom_com"  		jdbcType="VARCHAR" javaType="java.lang.String" />
		<parameter property="cpt_rub"  		    jdbcType="VARCHAR" javaType="java.lang.String" />
		<parameter property="cpt_mto"   		jdbcType="NUMERIC" javaType="java.lang.Long" />
		<parameter property="cpt_pto_dis"  		jdbcType="INTEGER" javaType="java.lang.Integer" />
		<parameter property="cpt_pto_can"  		jdbcType="NUMERIC" javaType="java.lang.Long" />
		<parameter property="cpt_fch_hms"  		 javaType="DATE" />
		
	</parameterMap>
	<procedure id="insertaBeneficario" parameterMap="setInsertaBeneficiario" resultClass="java.util.HashMap">
	   {CALL sp_ins_ben(?, ?, ?, ? ?,?)}
	</procedure>
		<procedure id="insertarCanje" parameterMap="setInsertaCanje" resultClass="java.util.HashMap">
	   {CALL sp_ins_cje(?, ?, ?, ?, ?,?, ?, ?, ?, ?,?)}
	</procedure>
	
	
	<!--
	 p_snr_ins_det_sol(@cod_sol numeric(18,0),
@cod_prd varchar(15) , 
@pre     numeric(18,0),
@can     int          
)  
	-->
	
	<parameterMap id="setInsertaDetalleSolicitud" 		class="java.util.HashMap">
		<parameter property="cod_sol" 		jdbcType="INTEGER" javaType="java.lang.Integer"/>
		<parameter property="cod_prd"		jdbcType="INTEGER" javaType="java.lang.Integer" />
		<parameter property="pre"  		jdbcType="INTEGER" javaType="java.lang.Integer" />
		<parameter property="can"  		jdbcType="INTEGER" javaType="java.lang.Integer" />
	</parameterMap>
	
    <resultMap id="getInsertaDetalleSolicitud" class="java.util.HashMap">
		<result property="resultado" 	jdbcType="INTEGER"  javaType="java.lang.Integer"/>
	</resultMap>
	
	<procedure id="insertarDetalleSolicitud" parameterMap="setInsertaDetalleSolicitud" resultMap="getInsertaDetalleSolicitud">
		{CALL sp_snr_ins_det_sol (?, ?, ?, ?)}
	</procedure>
</sqlMap>	