<?xml version="1.0" encoding="UTF-8" ?>

<!DOCTYPE sqlMap      
    PUBLIC "-//ibatis.apache.org//DTD SQL Map 2.0//EN"      
    "http://ibatis.apache.org/dtd/sql-map-2.dtd">
	
<sqlMap namespace="segvta.procedimientosAlmacenados">

	<procedure id="guardaDetallePagoPropuesta" parameterClass="java.util.HashMap" resultClass="java.util.HashMap">
		{CALL sp_vta_ins_det_pag(#numeroCotizacion#, #codigoPlanPago#, #codigoPrimerPago#, #descripcionPrimerPago#, #codigoFuturosPagos#, #descripcionFuturosPagos#, #indicadorPrimerosPagos#, #indicadorFuturosPagos#, #numeroCuotas#, #montoPrimerPago#, #montoPrimerPagoPesos#, #documentoPrimerPago#, #codigoBancoPrimerPago#, #descripcionBancoPrimerPago#, #primerVencimiento#, #montoFuturosPagos#, #documentoFuturosPagos#, #codigoBancoFuturosPagos#, #vencimientoFuturosPagos#, #diaPagoPrimerPago#, #diaPagoFuturosPagos#, #facturacion#, #direccionFacturacion#, #direccionEnvioPoliza#, #descripcionBancoFuturosPagos#, #indicadorMail#,#direccionCorreoElectronico#)}
	</procedure>

	<procedure id="retornaProductosActivosEverest" parameterClass="java.util.HashMap" resultClass="java.util.HashMap">
		{CALL sp_vta_sel_pro_act()}
	</procedure>

	<procedure id="retornaDatosCompaniaPorCodigo" parameterClass="java.util.HashMap" resultClass="java.util.HashMap">
		{CALL sp_vta_sel_cia_x_cod(#cia_cod_cia#)}
	</procedure>

	<!-- Mantenedor Plan de Pago -->

	<procedure id="guardaPlanDePago" parameterClass="java.util.HashMap" resultClass="java.util.HashMap">
		{CALL sp_cnf_ins_pln_pag(#codigoPlanPago#, #descripcionPlanPago#, #cantidadCuotasDesde#, #cantidadCuotasHasta#, #indicadorCuotasGratis#, #cantidadCuotasGratis#, #indicadorPrimerosPagos# , #indicadorFuturosPagos#, #usuario# )}
	</procedure>
		
	<procedure id="guardaFormasPagoPorPlanPago" parameterClass="java.util.HashMap" resultClass="java.util.HashMap">
		{CALL sp_cnf_ins_for_pln_pag(#codigoPlanPago#, #indicadorTipoPago#, #codigoParametro#, #tipoParametro# )}
	</procedure>

	<procedure id="guardaDiaPago" parameterClass="java.util.HashMap" resultClass="java.util.HashMap">
		{CALL sp_cnf_ins_dia_pag(#codigoPlanPago#, #diaPago# )}
	</procedure>
		
	<procedure id="retornaPlanesPago" parameterClass="java.util.HashMap" resultClass="java.util.HashMap">
		{CALL sp_cnf_sel_pln_pag(#flag#, #codigoPlan#)}
	</procedure>	
	
	<procedure id="retornaFormasPagoPorPlanPago" parameterClass="java.util.HashMap" resultClass="java.util.HashMap">
		{CALL sp_cnf_sel_for_pln_pag(#flag#, #codigoPlan#)}
	</procedure>	
	
	<procedure id="retornaDiasPagoPorPlanPago" parameterClass="java.util.HashMap" resultClass="java.util.HashMap">
		{CALL sp_cnf_sel_dia_pag(#codigoPlan#)}
	</procedure>	

	<procedure id="eliminaDiasPagoPorPlanPago" parameterClass="java.util.HashMap" resultClass="java.util.HashMap">
		{CALL sp_cnf_del_dia_pag(#codigoPlanPago# )}
	</procedure>
 	
	<procedure id="eliminaFormasPagoPorPlanPago" parameterClass="java.util.HashMap" resultClass="java.util.HashMap">
		{CALL sp_cnf_del_for_pln_pag(#codigoPlanPago#)}
	</procedure>

	<procedure id="retornaProductosPlanesPorPlanPago" parameterClass="java.util.HashMap" resultClass="java.util.HashMap">
		{CALL sp_cnf_sel_prd_x_pln_pag()}
	</procedure>

	<procedure id="retornaListaPlanesPago" parameterClass="java.util.HashMap" resultClass="java.util.HashMap">
		{CALL sp_cnf_sel_lista_pln_pag()}
	</procedure>

	<procedure id="eliminaPlanDePago" parameterClass="java.util.HashMap" resultClass="java.util.HashMap">
		{CALL sp_cnf_del_pln_pag(#codigoPlanPago#)}
	</procedure>
	
	<!-- Fin Mantenedor Plan de Pago -->
	
	<procedure id="retornaParametrosPorTipo" parameterClass="java.util.HashMap" resultClass="java.util.HashMap">
		{CALL sp_cnf_sel_param(#tipoParametro#)}
	</procedure>	

	<procedure id="modificaVig" parameterClass="java.util.HashMap" resultClass="java.util.HashMap">
			{CALL sp_cnf_upd_cnf_plan(#producto#,#plan_prod#,#compania#,#inicio_vig#,#termino_vig#,#estado#,#uypModifica#)}
	</procedure>

	<procedure id="retornaCias" parameterClass="java.util.HashMap" resultClass="java.util.HashMap">
			{CALL sp_cnf_sel_cnf_cia()}
	</procedure>		
	<procedure id="retornaDetPlanProd" parameterClass="java.util.HashMap" resultClass="java.util.HashMap">
			{CALL sp_cnf_sel_cnf_pln(#codSeguro#,#codCia#,#codProducto#,#codPlan#)}
	</procedure>

	<procedure id="buscaMaxCorrelativoPoliza" parameterClass="java.util.HashMap" resultClass="java.util.HashMap">
			{CALL sp_cnf_sel_rango_cia(#codigoCompania#)}
	</procedure>		
	
	<!-- 	 Productos -->
	<procedure id="retornaProductosPorTipoProducto" parameterClass="java.util.HashMap" resultClass="java.util.HashMap">
			{CALL sp_cnf_sel_prod(#tipo#,#codigoProducto#)}
	</procedure>	
	
	<procedure id="retornaPlanesPorProducto" parameterClass="java.util.HashMap" resultClass="java.util.HashMap">
			{CALL sp_cnf_sel_pln_x_prod(#codigoPlan#, #codigoProducto#, #codigoCompania#)}
	</procedure>
	
	<procedure id="retornaTextoAdicional" parameterClass="java.util.HashMap" resultClass="java.util.HashMap">
			{CALL sp_cnf_sel_tex_add(#codigoPlan#, #codigoProducto#, #codigoCompania#)}
	</procedure>

	<procedure id="retornaPlanPagoSelecProducto" parameterClass="java.util.HashMap" resultClass="java.util.HashMap">
			{CALL sp_cnf_sel_pln_pag_prod(#codigoProducto#)}
	</procedure>
	
	<!-- Mantenedor de Coberturas -->	
	
	<procedure id="guardaCoberturaGlobal" parameterClass="java.util.HashMap" resultClass="java.util.HashMap">
		{CALL sp_cnf_ins_cob_glo(#codigoCoberturaGlobal#, #descripcionCobertura#, #usuarioCreacionModificacion#)}
	</procedure>

	<procedure id="guardaSubcobertura" parameterClass="java.util.HashMap" resultClass="java.util.HashMap">
		{CALL sp_cnf_ins_sub_cob(#codigoSubcobertura#, #codigoCoberturaGlobal#, #descripcionSubcobertura#)}
	</procedure>

	<procedure id="retornaCoberturasGlobales" parameterClass="java.util.HashMap" resultClass="java.util.HashMap">
		{CALL sp_cnf_sel_cob_glo(#flag#, #codigoCoberturaGlobal#)}
	</procedure>

	<procedure id="retornaSubcoberturas" parameterClass="java.util.HashMap" resultClass="java.util.HashMap">
		{CALL sp_cnf_sel_sub_cob(#flag#, #codigoCoberturaGlobal#)}
	</procedure>

	<procedure id="verificaSubcobertura" parameterClass="java.util.HashMap" resultClass="java.util.HashMap">
		{CALL sp_cnf_ver_sub_cob(#codigoSubcobertura#)}
	</procedure>
	
	<procedure id="eliminaSubcoberturas" parameterClass="java.util.HashMap" resultClass="java.util.HashMap">
		{CALL sp_cnf_del_sub_cob(#codigoCoberturaGlobal#)}
	</procedure>

	<procedure id="eliminaCobertura" parameterClass="java.util.HashMap" resultClass="java.util.HashMap">
		{CALL sp_cnf_del_cob(#codigoCobertura#)}
	</procedure>
	
	<procedure id="retornaPlanesSubcoberturasPorCobertura" parameterClass="java.util.HashMap" resultClass="java.util.HashMap">
		{CALL sp_cnf_sel_pln_x_cob(#codigoCobertura#)}
	</procedure>
	
	<!-- Fin Mantenedor de Coberturas -->	

	<procedure id="retornaPlanes" parameterClass="java.util.HashMap" resultClass="java.util.HashMap">
		{CALL sp_cnf_sel_pln()}
	</procedure>	

	<procedure id="retornaCoberturaGlobalPorPlan" parameterClass="java.util.HashMap" resultClass="java.util.HashMap">
		{CALL sp_cnf_sel_cob_glo_x_plan(#codigoPlan#,#codigoCompania#)}
	</procedure>

	<procedure id="retornaSubCoberturaPorPlan" parameterClass="java.util.HashMap" resultClass="java.util.HashMap">
		{CALL sp_cnf_sel_sub_cob_x_plan(#codCobGlo#,#codigoPlan#,#codigoCompania#)}
	</procedure>

	<procedure id="guardaCoberturaGlobalPorPlan" parameterClass="java.util.HashMap" resultClass="java.util.HashMap">
		{CALL sp_cnf_ins_cob_glo_x_plan(#codCobGlo#,#codigoPlan#,#codigoCompania#)}
	</procedure>

	<procedure id="guardarSubCoberturaPorPlan" parameterClass="java.util.HashMap" resultClass="java.util.HashMap">
		{CALL  sp_cnf_ins_sub_cob_x_plan(#codCobGlo#,#codigoPlan#,#codigoCompania#,#codCob#)}
	</procedure>

	<procedure id="eliminaCoberturaGlobalPorPlan" parameterClass="java.util.HashMap" resultClass="java.util.HashMap">
		{CALL  sp_cnf_del_cob_glo_x_plan(<!-- #codCobGlo#,-->#codigoPlan#,#codigoCompania#)}
	</procedure>

	<procedure id="eliminaSubCoberturaPorPlan" parameterClass="java.util.HashMap" resultClass="java.util.HashMap">
		{CALL  sp_cnf_del_sub_cob_x_plan(#codCobGlo#,#codigoPlan#,#codigoCompania#<!-- ,#codCob# -->)}
	</procedure>

	<procedure id="buscaVigenciaPlan" parameterClass="java.util.HashMap" resultClass="java.util.HashMap">
			{CALL sp_cnf_sel_vig_plan(#codigoCompania#,#codigoProducto#,#codigoPlan#)}
	</procedure>

	<procedure id="insertarCorrelativoPoliza" parameterClass="java.util.HashMap" resultClass="java.util.HashMap">
			{CALL sp_cnf_ins_cor_pol(#descripcionCorrelativo#,#codigoCompania#,,#tipoCorrelativo#,#fechaDesde#,#fechaHasta#,#rangoDesde#,#rangoHasta#,#usuarioCreacion#,#usuarioModificacion#,#numeroPoliza#)}
	</procedure>
	
	<procedure id="insertarDetalleCorrelativoPoliza" parameterClass="java.util.HashMap" resultClass="java.util.HashMap">
			{CALL sp_cnf_ins_det_cor_pol(#correlativo#,#numeroPoliza#,#fechaDesde#,#fechaHasta#)}
	</procedure>

	<procedure id="buscaDetalleCorrelativoPoliza" parameterClass="java.util.HashMap" resultClass="java.util.HashMap">
				{CALL sp_cnf_sel_det_corr_pol(#codigoCompania#,#tipoCorrelativo#,#nombreCorrelativo#)}
	</procedure>

	<procedure id="buscaNombresCorrPol" parameterClass="java.util.HashMap" resultClass="java.util.HashMap">
			{CALL sp_cnf_sel_nom_cor_pol()}
	</procedure>

	<procedure id="modificaCorrPol" parameterClass="java.util.HashMap" resultClass="java.util.HashMap">
			{CALL sp_cnf_upd_cor_pol(#codigoPoliza#,#descripcionPoliza#,#codigoCompania#,#tipoCorrelativo#,#fechaDesde#,#fechaHasta#,#rangoDesde#,#rangoHasta#,#correlativoActual#,#uypUltModificacion#,#indicadorUso#)}
	</procedure>

	<procedure id="retornaPlanesPagoPorPlan" parameterClass="java.util.HashMap" resultClass="java.util.HashMap">
			{CALL sp_cnf_sel_pln_pag_x_plan(#codigoPlan#,#codigoCompania#)}
	</procedure>

	<procedure id="retornaDeduciblesPorPlan" parameterClass="java.util.HashMap" resultClass="java.util.HashMap">
			{CALL sp_cnf_sel_ded_x_plan(#codigoPlan#,#codigoCompania#)}
	</procedure>

    <procedure id="guardarPlan" parameterClass="java.util.HashMap" resultClass="java.util.HashMap">
		{CALL sp_cnf_ins_plan(#id_pln#,#cod_cnf_pln#,#cod_pln#,#cia_cod_cia#,#des_cnf_pln#,#fec_ini_vig#,#fec_fin_vig#,#est_cnf_pln#,#fec_cre_pln#,
 							  #uyp_cre_pln#,#tas_int_pln#,#com_cnf_pln#,#pro_cod_pro#,#ind_pol#,#cod_per#,#cod_mon#,#tip_descto#,
							  #tas_descto_pln#,#mon_descto_pln#,#cod_cor_pol#,#uyp_mod_pln#,#fec_mod_pln#)}
	</procedure> 

	<procedure id="modificarTexto" parameterClass="java.util.HashMap" resultClass="java.util.HashMap">
		{CALL sp_cnf_upd_tex_add(#cor_tex_add#, #par_tex_add#, #ind_ubi_tex#, #tip_tex_add#, #ord_tex_add#, #ind_vig_tex#,
								 #tit_tex_add#, #des_tex_add#, #pro_cod_pro#, #cod_pln#, #cia_cod_cia#,#cond_tex_add#)}
	</procedure>

	<procedure id="guardarPlanPagoPorPlan" parameterClass="java.util.HashMap" resultClass="java.util.HashMap">
		{CALL sp_cnf_ins_pln_pag_x_plan(#cod_pln_pag#,#cod_pln#,#cia_cod_cia#)}
	</procedure>
	
	<procedure id="eliminarPlanPagoPorPlan" parameterClass="java.util.HashMap" resultClass="java.util.HashMap">
		{CALL sp_cnf_del_pln_pag_x_plan(#cod_pln#,#cia_cod_cia#)}
	</procedure>
	
	<procedure id="guardarDeduciblesPorPlan" parameterClass="java.util.HashMap" resultClass="java.util.HashMap">
		{CALL sp_cnf_ins_ded_x_plan(#cod_ded#,#cod_pln#,#cia_cod_cia#)}
	</procedure>
	
	<procedure id="eliminarDeduciblesPorPlan" parameterClass="java.util.HashMap" resultClass="java.util.HashMap">
		{CALL sp_cnf_del_ded_x_plan(#cod_pln#,#cia_cod_cia#)}
	</procedure>    
	
	<procedure id="eliminarPlanPagoPorProducto" parameterClass="java.util.HashMap" resultClass="java.util.HashMap">
		{CALL sp_cnf_del_pln_pag_x_prod(#pro_cod_pro#)}
	</procedure>
	
	<procedure id="guardarPlanPagoPorProducto" parameterClass="java.util.HashMap" resultClass="java.util.HashMap">
		{CALL sp_cnf_ins_pln_pag_x_prod(#cod_pln_pag#,#pro_cod_pro#)}
	</procedure>
	
	<procedure id="guardarDatosProducto" parameterClass="java.util.HashMap" resultClass="java.util.HashMap">
		{CALL sp_cnf_ins_prod(#pro_cod_pro#,#tip_seg_pro#,#pro_nom_pro#,#fec_ini_pro#,#fec_ter_pro#,
										#pro_est_pro#,#fec_cre_pro#,#uyp_cre_pro#,#fec_ult_mod#,#uyp_ult_mod#)}
	</procedure>
	
	<procedure id="retornaListaCorrelativos" parameterClass="java.util.HashMap" resultClass="java.util.HashMap">
		{CALL sp_cnf_sel_list_corr_pol(#cia_cod_cia#)}
	</procedure>
	
	<procedure id="retornaPlanPagoValidaProducto" parameterClass="java.util.HashMap" resultClass="java.util.HashMap">
		{CALL sp_cnf_sel_pln_pag_asoc_pln()}
	</procedure>

	<procedure id="actualizaDetalleCorrelativo" parameterClass="java.util.HashMap" resultClass="java.util.HashMap">
		{CALL sp_cnf_upd_det_corr_pol(#numeroDetallePoliza#, #numeroPoliza#, #inicio#, #hasta#)}
	</procedure>
	
	<procedure id="eliminaDetalleCorrelativo" parameterClass="java.util.HashMap" resultClass="java.util.HashMap">
		{CALL sp_cnf_del_det_corr_pol(#numeroDetallePoliza#)}
	</procedure>

	<procedure id="retornaPlanesPorCorrelativo" parameterClass="java.util.HashMap" resultClass="java.util.HashMap">
		{CALL sp_cnf_sel_pln_x_cor(#correlativoPoliza#)}
	</procedure>
	
	<!-- Mantenedor Canales y Roles -->
	
	<procedure id="recuperarCanales" parameterClass="java.util.HashMap" resultClass="java.util.HashMap">
		{CALL sp_cnf_sel_cnc()}
	</procedure>

	<procedure id="recuperarCargos" parameterClass="java.util.HashMap" resultClass="java.util.HashMap">
		{CALL sp_cnf_sel_car()}
	</procedure>

	<procedure id="guardaCanalCargo" parameterClass="java.util.HashMap" resultClass="java.util.HashMap">
		{CALL sp_cnf_ins_crl(#codigoCia#, #codigoPlan#, #codigoTipo#, #codigoCncCar#)}
	</procedure>

	<procedure id="eliminarCanalesCargos" parameterClass="java.util.HashMap" resultClass="java.util.HashMap">
		{CALL sp_cnf_del_crl(#codigoCia#, #codigoPlan#)}
	</procedure>
	
	<procedure id="recuperarCanalesCargosPorPlan" parameterClass="java.util.HashMap" resultClass="java.util.HashMap">
		{CALL sp_cnf_sel_crl(#tipo#, #codigoCia#, #codigoPlan#)}
	</procedure>
	
	<!-- Fin Mantenedor de Canales y Roles -->
	
	<procedure id="obtenerCorrelativo" parameterClass="java.util.HashMap" resultClass="java.util.HashMap">
		{CALL sp_cnf_obt_correlativo(#tipo_parametro#, #codigo_parametro#)}
	</procedure>
	
	<!-- 
	************************************************************************************
				VENTAS
	**************************************************+	
	 -->
	
	<procedure id="obtenerDatosInspeccion" parameterClass="java.util.HashMap" resultClass="java.util.HashMap">
		{CALL sp_vta_bus_det_cin(#cia_cod_cia#)}
	</procedure>

	<procedure id="obtenerDetalleInspeccion" parameterClass="java.util.HashMap" resultClass="java.util.HashMap">
		{CALL sp_vta_bus_cin_cod(#cin_cod_ins#,#cia_cod_cia#)}
	</procedure>
	
	<procedure id="obtenerDetalleInspeccionTodos" parameterClass="java.util.HashMap" resultClass="java.util.HashMap">
		{CALL sp_vta_bus_cin_all(#cia_cod_cia#)}
	</procedure>

	<procedure id="obtenerMarcas" parameterClass="java.util.HashMap" resultClass="java.util.HashMap">
		{CALL sp_vta_get_marca()}
	</procedure>

	<procedure id="obtenerMarca" parameterClass="java.util.HashMap" resultClass="java.util.HashMap">
		{CALL sp_vta_get_marca_by_id(#mca_cod#)}
	</procedure>

	<procedure id="obtenerModelosPorMarca" parameterClass="java.util.HashMap" resultClass="java.util.HashMap">
		{CALL sp_vta_get_mod(#mca_cod#)}
	</procedure>

	<procedure id="obtenerModelos" parameterClass="java.util.HashMap" resultClass="java.util.HashMap">
		{CALL sp_vta_get_modelos()}
	</procedure>

	<procedure id="obtenerModeloPorId" parameterClass="java.util.HashMap" resultClass="java.util.HashMap">
		{CALL sp_vta_get_mod_by_id(#mod_cod#)}
	</procedure>

	<procedure id="retornaPlanesTarifasSalud" parameterClass="java.util.HashMap" resultClass="java.util.HashMap">
		{CALL sp_vta_sel_pln_tar_sal(#numeroCargas#, #edadAseguradoMayor#, #codigoProducto# )}
	</procedure>	

	<procedure id="retornaPlanesTarifasMultiProteccion" parameterClass="java.util.HashMap" resultClass="java.util.HashMap">
		{CALL sp_vta_get_tar_mul_all(#pro_cod_pro#)}
	</procedure>
	
	<procedure id="retornaPlanTarifaMultiProteccion" parameterClass="java.util.HashMap" resultClass="java.util.HashMap">
		{CALL sp_vta_get_tar_mul_pln(#pro_cod_pro#,#cod_pln#,#cia_cod_cia#)}
	</procedure>

	<procedure id="guardarFiguraLegal" parameterClass="java.util.HashMap" resultClass="java.util.HashMap">
		{CALL sp_vta_ins_fig_leg(#nro_cot#,#rut_fig_leg#,#cod_rel#,#dv_fig_leg#,#nom_fig_leg#,#ap_pat#,#ap_mat#,#sex_fig_leg#,#est_civ#,#fec_nac#,
								 #edad_fig_leg#,#dir_pos#,#reg_pos#,#des_reg_pos#,#ciu_pos#,#des_ciu_pos#,#com_pos#,#des_com_pos#,#dir_com#,#reg_com#,
								 #des_reg_com#,#ciu_com#,#des_ciu_com#,#com_com#,#des_com_com#,#dir_leg#,#reg_leg#,#des_reg_leg#,#ciu_leg#,#des_ciu_leg#,
								 #com_leg#,#des_com_leg#,#fono_fig_leg#,#cel_fig_leg#,#mail_fig_leg#,#tip_fig_leg#,#por_part#)}
	</procedure>

<!-- AUTOMOVIL -->
	<procedure id="retornaSiniestrosAuto" parameterClass="java.util.HashMap" resultClass="java.util.HashMap">
		{CALL sp_vta_get_sin_aut(#rut_cli#)}
	</procedure>

	<procedure id="retornaPlanesTarifasAuto" parameterClass="java.util.HashMap" resultClass="java.util.HashMap">
		{CALL sp_vta_sel_tar_ato (#pro_cod_pro#,#tar_cod_sco#,#tar_con_excl#,#tar_mca_cod#,#tar_mod_cod#,#tar_cod_uso#,#tipo#,#ano#,#valor#)}
	</procedure>

	<procedure id="guardaMateriaAseguradaAuto" parameterClass="java.util.HashMap" resultClass="java.util.HashMap">
		{CALL sp_vta_ins_mat_ase_ato(#cod_mat_ase#,#nro_cot#,#pro_cod_pro#,#rut_cdr_hab#,#dv_cdr_hab#,#edad_con_hab#,#tip_veh#,#des_tip_veh#,
									 #mca_cod#,#des_mca_veh#,#mod_cod#,#des_mod_veh#,#uso_cod#,#des_uso_veh#,#ato_ano_fbc#,#val_com#,#ded#,#clr_cod#,
									 #clr_des#,#nro_mvh#,#num_cha#,#ptt#,#con_exc#,#nro_sin#,#con_ins#,#mot_no_ins#,#doc_no_ins#,#cia_no_ins#,#fec_no_ins#,
									 #cod_cen_ins#,#prm_bru#,#prm_bru_men#,#prm_afe#,#prm_exe#,#prm_iva#,#nom_contact#,#fono_contact#)}
	</procedure>

	<procedure id="recuperaEvaluacionCliente" parameterClass="java.util.HashMap" resultClass="java.util.HashMap">
		{CALL sp_vta_get_sco_aut(#var_eda#,#var_sgn#,#var_con#)}
	</procedure>

	<procedure id="recuperaMateriaAseguradaAuto" parameterClass="java.util.HashMap" resultClass="java.util.HashMap">
		{CALL sp_vta_sel_mat_ase_ato(#nro_cot#)}
	</procedure>
    
<!-- MULTIPROTECCION -->

    <procedure id="guardaMateriaAseguradaMulti" parameterClass="java.util.HashMap" resultClass="java.util.HashMap">
		{CALL sp_vta_ins_mat_ase_mul(#cod_mat_ase#, #nro_cot#, #pro_cod_pro#, #mat_ase#, #nro_cta#, #nro_tar#, #prm_bru#, #prm_bru_men#, #prm_afe#,
									 #prm_exe#, #prm_iva#)}
	</procedure>                         
                                
 <!-- ACCIDENTES PERSONALES -->
	
	<procedure id="retornaPlanesTarifasAccidentesPersonales" parameterClass="java.util.HashMap" resultClass="java.util.HashMap">
		{CALL sp_vta_bus_tarifas_x_prod(#codigoProducto#)}
	</procedure>	
	
	<!-- PROCEDIMIENTOS PARA GUARDAR COTIZACION-PROPUESTA, MATERIA ASEGURADA Y PLANES SELECCIONADOS -->
	
	<procedure id="guardaCotizacion" parameterClass="java.util.HashMap" resultClass="java.util.HashMap">
		{CALL sp_vta_ins_cot(#numeroCotizacion#, #tipoDocumento#, #numeroPropuesta#, #fechaPropuesta#, #codigoProducto#, #descripcionProducto#, #codigoCanal#, #canalDescripcion#, #codigoEjecutivo#, #descripcionEjecutivo#, #codigoSucursal#, #descripcionSucursal#, #fechaInicioVigencia#, #fechaFinVigencia#, #codigoEstado#, #rutCliente#, #dvCliente#,#numeroPoliza#,#dvPoliza# )}
	</procedure>

	<procedure id="recuperaCotizacion" parameterClass="java.util.HashMap" resultClass="java.util.HashMap">
		{CALL sp_vta_sel_cot(#nro_ope#,#tip_doc#)}
	</procedure>

	<procedure id="guardaPlanSeleccionado" parameterClass="java.util.HashMap" resultClass="java.util.HashMap">
		{CALL sp_vta_ins_cot_pln(#tipoDocumento#, #numeroCotizacion#, #codigoPlan#, #codigoCia#, #primaBruta#, #primaBrutaMensual#, #primaAfecta#, #primaExenta#, #primaIva#, #montoAsegurado#, #ded_fran#,#condicion#, #indicadorPagoContado#)}
	</procedure>

	<procedure id="actualizaPlanSeleccionado" parameterClass="java.util.HashMap" resultClass="java.util.HashMap">
		{CALL sp_vta_upd_cot_pln(#tipoDocumento#, #numeroCotizacion#, #primaBruta#, #primaAfecta#, #primaExenta#, #primaIva#)}
	</procedure>
	
	<procedure id="guardaSubPlanSeleccionadoHogar" parameterClass="java.util.HashMap" resultClass="java.util.HashMap">
		{CALL sp_vta_ins_cot_pln_sub(#cod_ope#, #cot_id#, #sub_pln_id#, #mat_ase#, #prm_bru#, #prm_bru_men#, #prm_afe#, #prm_net#, #prm_exe#, #prm_iva#, #mto_ase#, #mto_con#, #mto_rob#)}
	</procedure>

	<procedure id="actualizaSubPlanSeleccionadoHogar" parameterClass="java.util.HashMap" resultClass="java.util.HashMap">
		{CALL sp_vta_upd_cot_pln_sub(#cot_id#, #prm_bru#, #prm_afe#, #prm_exe#, #prm_iva#)}
	</procedure>
	
	<procedure id="recuperarSubPlanesSeleccionadosHogar" parameterClass="java.util.HashMap" resultClass="java.util.HashMap">
		{CALL sp_vta_sel_cot_pln_sub(#numeroCotizacion#)}
	</procedure>		

	<procedure id="retornaPlanesSeleccionados" parameterClass="java.util.HashMap" resultClass="java.util.HashMap">
		{CALL sp_vta_sel_cot_pln(#numeroCotizacion#, #tipoDocumento#)}
	</procedure>

	<procedure id="guardaMateriaAsegurada" parameterClass="java.util.HashMap" resultClass="java.util.HashMap">
		{CALL sp_vta_ins_mat_ase_sap(#numeroCotizacion#, #rutContrantante#, #dvContrantante#, #codigoProducto#, #respuestaDps#, #pregunta2#, #numeroCargas#, #edadAseguradoMayor#, #fechaNacimiento#, #nombres#, #apellidoPaterno#, #apellidoMaterno#, #primaNeta#, #primaBruta#, #primaAfecta#, #primaExenta#, #primaIva#, #primaBrutaMensual#)}
	</procedure>
	
	<procedure id="guardaMateriaAseguradaHogar" parameterClass="java.util.HashMap" resultClass="java.util.HashMap">
		{CALL sp_vta_ins_mat_ase_hog (#nro_cot#, #pro_cod_pro#, #rut_cot#, #dv_cot#, #dir_edi#, #cod_reg#, #des_reg#, #cod_ciu#, #des_ciu#, #cod_com#, #des_com#, #zon_ubi#, #tip_con#, #des_tip_con#, #tip_viv#, #des_tip_viv#, #mat_ase#, #mon_ase_edi#, #mon_ase_con#, #cob_sis#, #mon_ase_sis#, #cob_rob#, #mon_ase_rob#, #tip_act#, #ind_rej#, #ind_ala#, #ind_vig#, #ind_pis#, #num_sin#, #prm_bru#, #prm_bru_men#, #prm_afe#, #prm_exe#, #prm_iva#, #prm_net#)}
	</procedure>

	<procedure id="retornaMateriaAseguradaHogar" parameterClass="java.util.HashMap" resultClass="java.util.HashMap">
		{CALL sp_vta_sel_mat_ase_hog (#nro_cot#)}
	</procedure>
				
	<!-- ACCIDENTES PERSONALES -->
	<procedure id="retornaPlanesTarifasAPVital" parameterClass="java.util.HashMap" resultClass="java.util.HashMap">
		{CALL sp_vta_bus_tarifa_ap_vital(#codigoProducto#,#edad#)}
	</procedure>                               

	 <procedure id="modificaEstado" parameterClass="java.util.HashMap" resultClass="java.util.HashMap">
		{CALL sp_vta_upd_est_cot(#numCotizacion#,#estado#)}
	</procedure>
	
	 <procedure id="recuperarMateriaAseguradaSap" parameterClass="java.util.HashMap" resultClass="java.util.HashMap">
		{CALL sp_vta_sel_mat_ase_sap(#nro_cot#)}
	</procedure>                    

	 <procedure id="recuperarDatosScoringHogar" parameterClass="java.util.HashMap" resultClass="java.util.HashMap">
		{CALL sp_vta_sel_tar_hog_sco(#codigoComuna#, #codigoSector#, #codigoTipoConstruccion#, #codigoTipoVivienda#)}
	</procedure>                    

	 <procedure id="recuperarTarifaAfectaHogar" parameterClass="java.util.HashMap" resultClass="java.util.HashMap">
		{CALL sp_vta_sel_tar_hog_afe(#montoEdificio#, #codigoMateriaAsegurada#, #opcionalRobo#, #opcionalSismo#, #rutCliente#, #factorTipoVivienda#, #factorComunaIncendio#, #factorViviendaIncendio#, #factorConstruccionIncendio#, #factorComunaRobo#, #factorViviendaRobo#, #factorConstruccionRobo#, #codigoProducto#)}
	</procedure> 
	
	 <procedure id="recuperarTarifaExentaHogar" parameterClass="java.util.HashMap" resultClass="java.util.HashMap">
		{CALL sp_vta_sel_tar_hog_exe(#montoEdificio#, #codigoMateriaAsegurada#, #opcionalRobo#, #opcionalSismo#, #rutCliente#, #factorComunaSismo#, #factorViviendaSismo#, #factorConstruccionSismo#, #codigoProducto#)}
	</procedure>

	<procedure id="guardarXMLCotizacion" parameterClass="java.util.HashMap" resultClass="java.util.HashMap">
		{CALL sp_vta_ins_xml_cot(#pro_cod_pro#,#tip_xsl#,#ver_xsl#,#nro_cot#,#par_xml#,#val_xml#)}
	</procedure>

	<procedure id="guardarXMLPropuesta" parameterClass="java.util.HashMap" resultClass="java.util.HashMap">
		{CALL sp_vta_ins_xml_prp(#pro_cod_pro#,#tip_xsl#,#ver_xsl#,#nro_prp#,#par_xml#,#val_xml#)}
	</procedure>

	<procedure id="recuperarXMLCotizacion" parameterClass="java.util.HashMap" resultClass="java.util.HashMap">
		{CALL sp_vta_sel_xml_cot(#nro_cot#)}
	</procedure>

    <procedure id="recuperarXMLPropuesta" parameterClass="java.util.HashMap" resultClass="java.util.HashMap">
		{CALL sp_vta_sel_xml_prp(#nro_prp#)}
	</procedure>   

	<procedure id="recuperarXSLActivo" parameterClass="java.util.HashMap" resultClass="java.util.HashMap">
		{CALL sp_vta_sel_xsl_act(#pro_cod_pro#,#tip_xsl#)}
	</procedure>

	<procedure id="recuperarXSLPorVersion" parameterClass="java.util.HashMap" resultClass="java.util.HashMap">
		{CALL sp_vta_sel_xsl_ver(#pro_cod_pro#,#tip_xsl#,#ver_xsl#)}
	</procedure>

	<procedure id="recuperarNumeroPoliza" parameterClass="java.util.HashMap" resultClass="java.util.HashMap">
		{CALL sp_vta_sel_nro_corr_pol(#cod_cia#,#tip_cor#,#cod_cor#)}
	</procedure>
	
	<!-- 	sp_vta_sel_ptas_pln (@cod_pln varchar(10), @cia_cod_cia int) -->
	<procedure id="recuperarPuertasCargosPorPlan" parameterClass="java.util.HashMap" resultClass="java.util.HashMap">
		{CALL sp_vta_sel_ptas_pln(#cod_pln#,#cia_cod_cia#)}
	</procedure>

		<!-- SEGUROS ULV -->
		<!-- 
		 sp_vta_ins_mat_ase_ulv (@nro_cot int, @pro_cod_pro varchar(10), @edad_act int, @rut_ase int, @dv_ase char(1), @fec_nac smalldatetime, 
                                    @sex_ase char(1), @con_muer char(2), @con_muer_acc char(2), @con_inv_acc char(2), @con_ren_hos char(2), 
                                    @con_reem_gas char(2), @con_serv char(2), @tip_pon char(01), @val_pon decimal(10,4), @prm_exc money,
                                    @prm_bru money, @prm_bru_men money, @prm_afe money, @prm_exe money, @prm_iva money)	 -->
		<procedure id="guardaMateriaAseguradaManana" parameterClass="java.util.HashMap" resultClass="java.util.HashMap">
		{CALL sp_vta_ins_mat_ase_ulv(#nro_cot#, #pro_cod_pro#, #edad_act#, #rut_ase#, #dv_ase#, #fec_nac#, #sex_ase#, #con_muer#, 
									 #con_muer_acc#, #con_inv_acc#, #con_ren_hos#, #con_reem_gas#, #con_serv#, #tip_pon#, #val_pon#, #prm_exc#, 
									 #prm_bru#, #prm_bru_men#, #prm_afe#, #prm_exe#, #prm_iva#, #tip_mat_ase#)}
		</procedure>     

		<procedure id="recuperaMateriaAseguradaManana" parameterClass="java.util.HashMap" resultClass="java.util.HashMap">
		{CALL sp_vta_sel_mat_ase_ulv(#nro_cot#)}
		</procedure>
		
		<!-- sp_vta_sel_tar_ulv  (@pro_cod_pro char(10), @edad varchar(03), @sexo int, @val_muer int, @val_muer_acc int, @val_inv_acc int, 
								  @val_ren_hos int, @val_reem_gas int, @val_serv int) -->
		<procedure id="retornaPlanesTarifasULV" parameterClass="java.util.HashMap" resultClass="java.util.HashMap">
		{CALL sp_vta_sel_tar_ulv(#pro_cod_pro#, #edad#, #sexo#, #val_muer#, #val_muer_acc#, #val_inv_acc#, #val_ren_hos#, #val_reem_gas#, 
								  #val_serv#)}
		</procedure>

		<!-- sp_vta_sel_exc_ulv  (@pro_cod_pro char(10), @cod_pln varchar(10), @cod_grp int, @edad varchar(03), @sexo int, @exceso float) -->
		<procedure id="retornaPlanTarifaULV" parameterClass="java.util.HashMap" resultClass="java.util.HashMap">
		{CALL sp_vta_sel_exc_ulv  (#pro_cod_pro#, #cod_pln#, #cod_grp#, #edad#, #sexo#, #exceso#)}
		</procedure>

		<!-- sp_vta_ins_cot_ren (@cod_ope char(1), @cia_cod_cia int, @nro_cot int, @cod_ren int, @des_ren varchar(50), @val_ren numeric(10,4),
			@dis_des int, @dis_has int, @dis_ing int) -->
		<procedure id="guardaMultiFondoSeleccionado" parameterClass="java.util.HashMap" resultClass="java.util.HashMap">
		{CALL sp_vta_ins_cot_ren(#cod_ope#, #cia_cod_cia#, #nro_cot#, #cod_ren#, #des_ren#, #val_ren#, #dis_des#, #dis_has#, #dis_ing#)}
		</procedure>

		<!--  sp_vta_sel_cot_ren (@nro_cot int) -->	
		<procedure id="recuperaMultiFondoSeleccionado" parameterClass="java.util.HashMap" resultClass="java.util.HashMap">
		{CALL sp_vta_sel_cot_ren (#cod_ope#, #nro_cot#)}
		</procedure>

		<!-- sp_inv_proy_seg (@var_edad_actuarial4  char(10), @var_prim_men_proye4 char(10), @var_tas_pro4 char(10), @var_prima_exceso4 char(10),
							  @sexo4 char(10), @var_seguro char(10), @var_cadena char(15))   -->
		<procedure id="calculaProyeccion" parameterClass="java.util.HashMap" resultClass="java.util.HashMap">
		{CALL sp_ulv_proyeccion (#var_fec_nac#, #var_edad_actuarial4#, #var_prim_men_proye4#, #var_tas_pro4#, #var_prima_exceso4#, #sexo4#,
							   #var_seguro#, #var_cadena#)}
		</procedure>	

	<!-- SEGUROS ULV -->

	<!-- SEGUROS ESCOLARIDAD -->
	<procedure id="retornaPlanesTarifasEscolaridad" parameterClass="java.util.HashMap" resultClass="java.util.HashMap">
		{CALL sp_vta_bus_tarifa_esc(#pro_cod_pro#)}
	</procedure>

		<!-- 
		sp_vta_ins_mat_ase_esc (@cod_mat_ase int, @nro_cot int, @pro_cod_pro varchar(10), @mto_ase money, @nro_hij int, @cod_niv_edu int,          
                                    @des_niv_edu varchar(100), @cod_tmo_ed char(8), @des_tmo_ed varchar(100), @rut_ase_tit int, @dv_ase_tit char(1), 
                                    @nac_ase_tit smalldatetime, @edad_ase_tit int, @prm_bru money, @prm_bru_men money, @prm_afe money, @prm_exe money,
                                    @prm_iva money)	
		 -->
		<procedure id="guardaMateriaAseguradaEscolaridad" parameterClass="java.util.HashMap" resultClass="java.util.HashMap">
		{CALL sp_vta_ins_mat_ase_esc(#cod_mat_ase#, #nro_cot#, #pro_cod_pro#, #mto_ase#, #nro_hij#, #cod_niv_edu#, #des_niv_edu#, #cod_tmo_ed#, 
									 #des_tmo_ed#, #rut_ase_tit#, #dv_ase_tit#, #nac_ase_tit#, #edad_ase_tit#, #prm_bru#, #prm_bru_men#, #prm_afe#, 
									 #prm_exe#, #prm_iva#)}
		</procedure>     

		<procedure id="recuperarMateriaAseguradaEscolaridad" parameterClass="java.util.HashMap" resultClass="java.util.HashMap">
		{CALL sp_vta_sel_mat_ase_esc(#nro_cot#)}
		</procedure>	
	<!-- SEGUROS ESCOLARIDAD -->
	
	<!-- SEGUROS RCI -->
		<!-- 
		sp_vta_ins_mat_ase_rci (@nro_cot int, @pro_cod_pro varchar(10), @fec_ini smalldatetime, @fec_fin smalldatetime, @nro_dias int, @mca_cod char(8),
                                    @des_mca_veh varchar(100), @mod_cod char(8), @des_mod_veh varchar(100), @ato_ano_fbc char(4), @num_cha char(20), @ptt char(6),
                                    @uso_cod char(8), @des_uso_veh varchar(100), @email varchar(100), @cod_env_plz char(8), @des_env_plz varchar(100), @prm_bru money,
                                    @prm_bru_men money, @prm_afe money, @prm_exe money, @prm_iva money)
		 -->
		<procedure id="guardaMateriaAseguradaRCI" parameterClass="java.util.HashMap" resultClass="java.util.HashMap">
		{CALL sp_vta_ins_mat_ase_rci(#nro_cot#, #pro_cod_pro#, #fec_ini#, #fec_fin#, #nro_dias#, #mca_cod#, #des_mca_veh#, #mod_cod#, 
									 #des_mod_veh#, #ato_ano_fbc#, #num_cha#, #ptt#, #uso_cod#, #des_uso_veh#, #email#, #cod_env_plz#, #des_env_plz#, 
									 #prm_bru#, #prm_bru_men#, #prm_afe#, #prm_exe#, #prm_iva#)}
		</procedure>     

		<procedure id="recuperarMateriaAseguradaRCI" parameterClass="java.util.HashMap" resultClass="java.util.HashMap">
		{CALL sp_vta_sel_mat_ase_rci(#nro_cot#)}
		</procedure>

		<procedure id="retornaPlanesTarifasRCI" parameterClass="java.util.HashMap" resultClass="java.util.HashMap">
		{CALL  sp_vta_sel_tar_rci(#pro_cod_pro#)}
		</procedure>
	
	<!-- SEGUROS RCI -->



	<!-- SEGUROS CESANTIA INVOLUNTARIA -->
		<!-- 
		sp_vta_ins_mat_ase_ces (@cod_mat_ase int , @nro_cot int, @pro_cod_pro varchar(10), @rut_ase int, @dv_ase char(1), @nom_ase char(40), @ap_pat_ase char(40),
                                    @ap_mat_ase char(40), @nac_ase smalldatetime , @edad_ase int, @sex_ase char(1), @prm_bru money, @prm_bru_men money, @prm_afe money,
                                    @prm_exe money, @prm_iva money
		 -->
		<procedure id="guardaMateriaAseguradaCesantia" parameterClass="java.util.HashMap" resultClass="java.util.HashMap">
		{CALL sp_vta_ins_mat_ase_ces(#cod_mat_ase#, #nro_cot#, #pro_cod_pro#, #rut_ase#, #dv_ase#, #nom_ase#, #ap_pat_ase#, #ap_mat_ase#, #nac_ase#,
									 #edad_ase#, #sex_ase#, #prm_bru#, #prm_bru_men#, #prm_afe#, #prm_exe#, #prm_iva#)}
		</procedure>     

		<procedure id="recuperarMateriaAseguradaCesantia" parameterClass="java.util.HashMap" resultClass="java.util.HashMap">
		{CALL sp_vta_sel_mat_ase_ces(#nro_cot#)}
		</procedure>

		<procedure id="retornaPlanesTarifasCesantia" parameterClass="java.util.HashMap" resultClass="java.util.HashMap">
		{CALL  sp_vta_sel_tar_ces(#pro_cod_pro#)}
		</procedure>
	<!-- SEGUROS CESANTIA INVOLUNTARIA -->

	<!-- SEGUROS INCENDIO COMERCIAL -->
		<!-- 
		sp_vta_ins_mat_ase_inc (@nro_cot int, @pro_cod_pro varchar(10), @dir_edi char(255), @cod_reg char(4), @des_reg varchar(100), @cod_ciu char(4),
                                    @des_ciu varchar(100), @cod_com char(4), @des_com varchar(100), @cod_zon char(1), @des_zon varchar(100), @tip_con char(4),
                                    @des_tip_con varchar(10) , @cod_act char(4), @des_act varchar(100), @gir_edi varchar(100), @cod_mat char(4), @des_mat varchar(100),
                                    @mon_ase_edi money, @mon_ase_con money, @mon_ase_mer money, @cob_sis char(1), @mon_ase_sis money, @cob_rob char(1), @mon_con_rob money,
                                    @mon_mer_rob money, @ind_ala char(2), @ind_rej char(2), @ind_vig char(2), @ind_pis char(2), @ind_asis char(2), @nom_cont varchar(40),
                                    @fon_cont varchar(40), @prm_bru money, @prm_bru_men money, @prm_afe money, @prm_exe money, @prm_iva money)
		 -->
		<procedure id="guardaMateriaAseguradaIncendio" parameterClass="java.util.HashMap" resultClass="java.util.HashMap">
		{CALL sp_vta_ins_mat_ase_inc(<!-- #cod_mat_ase#,  -->#nro_cot#, #pro_cod_pro#, #dir_edi#, #cod_reg#, #des_reg#, #cod_ciu#, #des_ciu#, #cod_com#, #des_com#,
									 #cod_zon#, #des_zon#, #tip_con#, #des_tip_con#, #cod_act#, #des_act#, #gir_edi#, #cod_mat#, #des_mat#, #mon_ase_edi#,
									 #mon_ase_con#, #mon_ase_mer#, #cob_sis#, #mon_ase_sis#, #cob_rob#, #mon_con_rob#, #mon_mer_rob#, #ind_ala#, #ind_rej#,
									 #ind_vig#, #ind_pis#, #ind_asis#, #nom_cont#, #fon_cont#, #prm_bru#, #prm_bru_men#, #prm_afe#, #prm_exe#, #prm_iva#)}
		</procedure>     

		<procedure id="recuperarMateriaAseguradaIncendio" parameterClass="java.util.HashMap" resultClass="java.util.HashMap">
		{CALL sp_vta_sel_mat_ase_inc(#nro_cot#)}
		</procedure>	
		
		<!--  sp_vta_sel_tar_inc(@pro_cod_pro varchar(10), @cod_pln varchar(10), @mto_ase_edi money, @mto_ase_con money, @mto_ase_mer money)-->
		<procedure id="retornaPlanesTarifasIncendio" parameterClass="java.util.HashMap" resultClass="java.util.HashMap">
			{CALL sp_vta_sel_tar_inc(#pro_cod_pro#, #mto_ase_edi#, #mto_ase_con#, #mto_ase_mer#)}
		</procedure>

	<!-- SEGUROS INCENDIO COMERCIAL -->
	
	<!--  sp_cnf_sel_ren(@cia_cod_cia int, @est_ren char(01)) -->
	<procedure id="retornaMultiFondos" parameterClass="java.util.HashMap" resultClass="java.util.HashMap">
		{CALL sp_cnf_sel_ren(#cia_cod_cia#,#est_ren#)}
	</procedure>
	
	<!-- sp_cnf_ins_ren (@cod_ren int, @cia_cod_cia int, @des_ren varchar(50), @val_ren numeric(10,4), 
						 @dis_des int, @dis_has int, @est_ren char(1), @usr_mod char(12), @fec_mod datetime)-->
	<procedure id="guardarMultiFondo" parameterClass="java.util.HashMap" resultClass="java.util.HashMap">
		{CALL sp_cnf_ins_ren(#cod_ren#,#cia_cod_cia#,#des_ren#,#val_ren#,#dis_des#,#dis_has#,#est_ren#,#usr_mod#,#fec_mod#)}
	</procedure>

        <!-- Asigna venta a cajero -->
	<procedure id="modificaEjecutivo" parameterClass="java.util.HashMap" resultClass="java.util.HashMap">
		{CALL sp_vta_upd_cod_eje(#numeroPropuesta#,#cod_ejec#,#des_ejec#,#cod_suc#,#des_suc#)}
	</procedure>
 <procedure id="obtenerParticipante" parameterClass="java.util.HashMap" resultClass="java.util.HashMap">
		{CALL sp_vta_sel_fig_leg(#numOperacion#,#tipo#)}
	</procedure>
	
</sqlMap>
