<?xml version="1.0" encoding="UTF-8" ?>

<!DOCTYPE sqlMap      
    PUBLIC "-//ibatis.apache.org//DTD SQL Map 2.0//EN"      
    "http://ibatis.apache.org/dtd/sql-map-2.dtd">
    
<sqlMap namespace="bcicomex1.procedimientosAlmacenados">
	<!-- Obtener Tasa de Cambio -->
	<parameterMap id="setConsultaTasaMonto" class="java.util.HashMap">
		<parameter property="fld_cvd_rut_ord" jdbcType="VARCHAR"	javaType="String"/>
		<parameter property="fld_cvd_ncm_mmy" jdbcType="INTEGER" 	javaType="java.lang.Integer"/>
		<parameter property="fld_cvd_mda_orf" jdbcType="CHAR" 	javaType="String"/>
		<parameter property="fld_cvd_mto_orf" jdbcType="NUMERIC" 	javaType="java.math.BigDecimal"/>
		<parameter property="fld_cvd_mda_dtf" jdbcType="CHAR" 	javaType="String"/>
		<parameter property="fld_cvd_mto_dtf" jdbcType="NUMERIC" 	javaType="java.math.BigDecimal"/>
	</parameterMap>
	<resultMap id="getConsultaTasaMonto" class="java.util.HashMap">
		<result property="resultadoOperacion"		column="wss_result_sw"		javaType="java.lang.Integer"/>
		<result property="mensajeResultadoOperacion" 	column="wss_result_msg" 	javaType="String"/>
		<result property="monedaOrigen" 			column="fld_cvd_mda_orf" 	javaType="String"/>
		<result property="montoOrigen" 			column="fld_cvd_mto_orf" 	javaType="java.math.BigDecimal"/>
		<result property="monedaDestino" 			column="fld_cvd_mda_dtf" 	javaType="String"/>
		<result property="montoDestino" 			column="fld_cvd_mto_dtf" 	javaType="java.math.BigDecimal"/>
		<result property="tasaCambio" 			column="fld_cvd_exc_rar" 	javaType="java.math.BigDecimal"/>
		<result property="llaveConfirmacionMesaDinero" 	column="fld_cvd_key_mmy" 	javaType="String"/>
	</resultMap>
	<procedure id="consultaTasaMonto" parameterMap="setConsultaTasaMonto" resultMap="getConsultaTasaMonto">
		{ CALL CVDsrv_exc_rat_req ( ?, ?, ?, ?, ?, ? ) }
	</procedure> 

	<!-- Obtener Operación por Compromiso -->
	<parameterMap id="setConsultaOperacionPorCompromiso" class="java.util.HashMap">
		<parameter property="fld_cvd_rut_ord" jdbcType="VARCHAR"	javaType="String"/>
		<parameter property="fld_cvd_ncm_mmy" jdbcType="INTEGER" 	javaType="java.lang.Integer"/>
		<parameter property="fld_cvd_mda_orf" jdbcType="CHAR" 	javaType="String"/>
		<parameter property="fld_cvd_mto_orf" jdbcType="NUMERIC" 	javaType="java.math.BigDecimal"/>
		<parameter property="fld_cvd_mda_dtf" jdbcType="CHAR" 	javaType="String"/>
		<parameter property="fld_cvd_mto_dtf" jdbcType="NUMERIC" 	javaType="java.math.BigDecimal"/>
	</parameterMap>
	<resultMap id="getConsultaOperacionPorCompromiso" class="java.util.HashMap">
		<result property="resultadoOperacion" 		column="wss_result_sw"		javaType="java.lang.Integer"/>
		<result property="mensajeResultadoOperacion" 	column="wss_result_msg" 	javaType="String"/>
		<result property="monedaOrigen" 			column="fld_cvd_mda_orf" 	javaType="String"/>
		<result property="montoOrigen" 			column="fld_cvd_mto_orf" 	javaType="java.math.BigDecimal"/>
		<result property="monedaDestino" 			column="fld_cvd_mda_dtf" 	javaType="String"/>
		<result property="montoDestino" 			column="fld_cvd_mto_dtf" 	javaType="java.math.BigDecimal"/>
		<result property="tasaCambio" 			column="fld_cvd_exc_rar" 	javaType="java.math.BigDecimal"/>
		<result property="llaveConfirmacionMesaDinero" 	column="fld_cvd_key_mmy" 	javaType="String"/>
	</resultMap>
	<procedure id="consultaOperacionPorCompromiso" parameterMap="setConsultaOperacionPorCompromiso" resultMap="getConsultaOperacionPorCompromiso">
		{ CALL CVDsrv_exc_rat_req ( ?, ?, ?, ?, ?, ? ) }
	</procedure>

	<!-- Ejecutar Operación Compra Venta -->
	<parameterMap id="setEjecutarSolicitudCompraVenta" class="java.util.HashMap">
  		<parameter property="fld_cvd_cod_int"	jdbcType="CHAR"		javaType="String" />
		<parameter property="fld_cvd_tip_acc"	jdbcType="CHAR"		javaType="String" />
		<parameter property="fld_cvd_tip_apr"	jdbcType="CHAR"		javaType="String" />
		<parameter property="fld_cvd_sys_num"	jdbcType="INTEGER"	javaType="java.lang.Integer" />
		<parameter property="fld_cvd_SysTms"	jdbcType="VARCHAR"	javaType="String" />
		<parameter property="fld_cvd_usr_eve"	jdbcType="VARCHAR"	javaType="String" />
		<parameter property="fld_cvd_nip_usr"	jdbcType="VARCHAR"	javaType="String" />
		<parameter property="fld_cvd_txt_eve"	jdbcType="VARCHAR"	javaType="String" />
		<parameter property="fld_pre_ack_sts"	jdbcType="VARCHAR"	javaType="String" />
		<parameter property="fld_pre_ack_eve"	jdbcType="SMALLINT"	javaType="java.lang.Integer" />
		<parameter property="fld_pre_nak_eve"	jdbcType="SMALLINT"	javaType="java.lang.Integer" />
		<parameter property="fld_pre_cod_odf"	jdbcType="VARCHAR"	javaType="String" />
		<parameter property="fld_pre_ret_rsw"	jdbcType="INTEGER"	javaType="java.lang.Integer" />
		<parameter property="fld_pre_ret_msg"	jdbcType="VARCHAR"	javaType="String" />
	</parameterMap>
	<resultMap id="getEjecutarSolicitudCompraVenta" 	class="java.util.HashMap">
		<result property="nombreServicio"				column="fld_cur_srv_exe"	javaType="String" />
		<result property="parametros"					column="fld_cvd_par_exe"	javaType="String" />
		<result property="codigoFondos"					column="fld_cvd_cod_odf"	javaType="String" />
		<result property="visacion"						column="fld_cvd_sig_req"	javaType="String" />
		<result property="accion"						column="fld_cvd_ccf_key"	javaType="String" />
		<result property="estado"						column="fld_out_ack_sts"	javaType="String" />
		<result property="codEventoPositivo"			column="fld_out_ack_eve"	javaType="java.lang.Integer" />
		<result property="codEventoNegativo"			column="fld_out_nak_eve"	javaType="java.lang.Integer" />
		<result property="resultadoOperacion"			column="wss_result_sw"		javaType="java.lang.Integer" />
		<result property="mensajeResultadoOperacion"	column="wss_result_msg"		javaType="String" />
	</resultMap>
	<procedure id="ejecutarSolicitudCompraVenta" parameterMap="setEjecutarSolicitudCompraVenta" resultMap="getEjecutarSolicitudCompraVenta">
		{ CALL CVDsrv_exe_ope_cvd ( ?, ?, ?, ?, ?, ?, ?, ?, ?, ?, ?, ?, ?, ?) }
	</procedure>

<!-- Debitar / Acreditar CtaCte MX -->
    <parameterMap id="setDebitarAcreditarCtaCteMX" class="java.util.HashMap">
          <parameter property="fld_ccx_mov_cta"    jdbcType="NUMERIC"    javaType="java.lang.Integer" />
        <parameter property="fld_ccx_mov_mto"    jdbcType="NUMERIC"    javaType="java.math.BigDecimal" />
        <parameter property="fld_ccx_mov_suc"    jdbcType="INT"        javaType="java.lang.Integer" />
        <parameter property="fld_ccx_mov_cod"    jdbcType="INT"        javaType="java.lang.Integer" />
        <parameter property="fld_ccx_mov_col"    jdbcType="NUMERIC"    javaType="java.lang.Integer" />
        <parameter property="fld_ccx_flg_rev"    jdbcType="CHAR"        javaType="String" />
        <parameter property="fld_ccx_mov_inp"    jdbcType="CHAR"        javaType="String" />
        <parameter property="fld_ccx_mov_ope"    jdbcType="CHAR"        javaType="String" />
    </parameterMap>
    <resultMap id="getDebitarAcreditarCtaCteMX" class="java.util.HashMap">
        <result property="codigoRespuesta"                column="fld_ccx_mov_err"    javaType="java.lang.Integer" />
        <result property="mensajeRespuestaCtaCteMx"        column="fld_ccx_mov_msg"    javaType="String" />
        <result property="mensajeResultadoOperacion"    column="wss_result_msg"        javaType="String" />
        <result property="resultadoOperacion"            column="wss_result_sw"        javaType="java.lang.Integer" />
    </resultMap>
    <procedure id="debitarAcreditarCtaCteMX" parameterMap="setDebitarAcreditarCtaCteMX" resultMap="getDebitarAcreditarCtaCteMX">
        { CALL CVDsrv_dbc_cct_mmx ( ?, ?, ?, ?, ?, ?, ?, ?) }
    </procedure>
    
    <!-- Ingresar solicitud compra venta de divisas -->
	<parameterMap id="setIngresarSolicitudCompraVenta" class="java.util.HashMap">
		<parameter property="fld_cvd_cod_int" jdbcType="CHAR"	 javaType="String"/>
		<parameter property="fld_cvd_fec_ope" jdbcType="DATE" 	 javaType="java.util.Date"/>
		<parameter property="fld_cvd_rut_ord" jdbcType="VARCHAR" javaType="String"/>
		<parameter property="fld_cvd_nom_ord" jdbcType="VARCHAR" javaType="String"/>
		<parameter property="fld_cvd_nop_web" jdbcType="CHAR" 	 javaType="String"/>
		<parameter property="fld_cvd_mda_orf" jdbcType="CHAR" 	 javaType="String"/>
		<parameter property="fld_cvd_cod_orf" jdbcType="VARCHAR" javaType="String"/>
		<parameter property="fld_cvd_cta_orf" jdbcType="VARCHAR" javaType="String"/>
		<parameter property="fld_cvd_mto_orf" jdbcType="NUMERIC" javaType="java.math.BigDecimal"/>
		<parameter property="fld_cvd_mda_dtf" jdbcType="CHAR" 	 javaType="String"/>
		<parameter property="fld_cvd_cod_dtf" jdbcType="VARCHAR" javaType="String"/>
		<parameter property="fld_cvd_cta_dtf" jdbcType="VARCHAR" javaType="String"/>
		<parameter property="fld_cvd_mto_dtf" jdbcType="NUMERIC" javaType="java.math.BigDecimal"/>
		<parameter property="fld_cvd_exc_rar" jdbcType="NUMERIC" javaType="java.math.BigDecimal"/>
		<parameter property="fld_cvd_ncm_mmy" jdbcType="INTEGER" javaType="java.lang.Integer"/>
		<parameter property="fld_cvd_key_mmy" jdbcType="VARCHAR" javaType="String"/>
		<parameter property="fld_cvd_mto_vig" jdbcType="NUMERIC" javaType="java.math.BigDecimal"/>
		<parameter property="fld_cvd_usr_eve" jdbcType="VARCHAR" javaType="String"/>
		<parameter property="fld_cvd_nip_usr" jdbcType="VARCHAR" javaType="String"/>
	</parameterMap>
	<resultMap id="getIngresarSolicitudCompraVenta" class="java.util.HashMap">
		<result property="resultadoOperacion" column="wss_result_sw" javaType="java.lang.Integer"/>
		<result property="mensajeResultadoOperacion" column="wss_result_msg" javaType="String"/>
		<result property="numeroOperacionBackOffice" column="fld_cvd_nop_bko" javaType="String"/>
		<result property="numeroCorrelativoSistema" column="fld_cvd_sys_num" javaType="java.lang.Integer"/>
	</resultMap>
	<procedure id="ingresarSolicitudCompraVenta" parameterMap="setIngresarSolicitudCompraVenta" resultMap="getIngresarSolicitudCompraVenta">
		{ CALL CVDsrv_req_bas_cur ( ?, ?, ?, ?, ?, ?, ?, ?, ?, ?, ?, ?, ?, ?, ?, ?, ?, ?, ? ) }
	</procedure>
    
</sqlMap> 