<?xml version="1.0" encoding="UTF-8" ?>

<!DOCTYPE sqlMap PUBLIC "-//ibatis.apache.org//DTD SQL Map 2.0//EN" "http://ibatis.apache.org/dtd/sql-map-2.dtd">

<sqlMap namespace="testing.procedimientosAlmacenados">

  <!-- ========================================================================================== ==
    ==
    == ========================================================================================== -->

  <parameterMap id="InputExtraePagosFactoringMobile" class="java.util.HashMap">
    <parameter property="Fecha_Proc" jdbcType="DATETIME" javaType="java.sql.Timestamp" />
    <parameter property="TipoEvento" jdbcType="VARCHAR"     javaType="String" />
  </parameterMap>

  <resultMap id="OutputExtraePagosFactoringMobile" class="java.util.HashMap">
    <result  property="mcv_rso_abr"     jdbcType="VARCHAR"  javaType="String" />
    <result  property="dop_mto_pag_cbr" jdbcType="CURRENCY" javaType="double" />
    <result  property="prv_tlf_cnc"     jdbcType="VARCHAR"  javaType="String" />
  </resultMap>

  <procedure id="extraePagosFactoringMobile" parameterMap="InputExtraePagosFactoringMobile" resultMap="OutputExtraePagosFactoringMobile">
     { call sp_extraePagosFactoringMobile(?,?) }
  </procedure>

	 <!-- Datos para ingreso de una sesion -->
	<parameterMap id="params_sesion_ing" class="java.util.HashMap">
		<parameter  property="id_sesion" 	jdbcType="CHAR"  javaType="String" />
		<parameter  property="rut" 			jdbcType="CHAR"  javaType="String" />
		<parameter  property="fecha"		jdbcType="TIMESTAMP"  javaType="java.util.Date" />
	</parameterMap>
	<resultMap id="res_ingreso_sesion" class="java.util.HashMap">
		<result property="res" jdbcType="INT"  javaType="Integer"/>
    </resultMap>
	<procedure id="sp_ingresar_sesion" parameterMap="params_sesion_ing" resultMap="res_ingreso_sesion">
		{CALL sp_inserta_sesion (?,?,?)}
	</procedure>


	<!-- Datos para retorno de una sesion -->
	<parameterMap id="params_sesion_bus" class="java.util.HashMap">
		<parameter  property="id_sesion" 	jdbcType="CHAR"  javaType="String" />
	</parameterMap>
	<resultMap id="res_busca_sesion" class="java.util.HashMap">
		<result property="id_sesion" column="id_sesion"	jdbcType="CHAR"  javaType="String"/>
		<result property="rut" column="rut_cliente"	jdbcType="CHAR"  javaType="String"/>
		<result property="fecha" column="fecha"	jdbcType="TIMESTAMP"  javaType="java.util.Date"/>
    </resultMap>
	<procedure id="sp_buscar_sesion" parameterMap="params_sesion_bus" resultMap="res_busca_sesion">
		{CALL sp_busca_sesion (?)}
	</procedure>

	 <!-- Datos para eliminacion de una session -->
	<parameterMap id="params_sesion_del" class="java.util.HashMap">
		<parameter  property="id_sesion" 	jdbcType="CHAR"  javaType="String" />
	</parameterMap>
	<resultMap id="res_del_sesion" class="java.util.HashMap">
		<result property="res" jdbcType="INT"  javaType="Integer"/>
    </resultMap>
	<procedure id="sp_eliminar_sesion" parameterMap="params_sesion_del" resultMap="res_del_sesion">
		{CALL sp_eliminar_sesion (?)}
	</procedure>
	
	 <!-- Datos para ingreso de cuentas de un cliente -->
	<parameterMap id="params_cuentas_ing" class="java.util.HashMap">
		<parameter  property="id_sesion" jdbcType="CHAR"  javaType="String" />
		<parameter  property="num_cuenta" jdbcType="CHAR"  javaType="String" />
	</parameterMap>
	<resultMap id="res_ingreso_cuentas" class="java.util.HashMap">
		<result property="res" jdbcType="INT"  javaType="Integer"/>
    </resultMap>
	<procedure id="sp_inserta_cuentas_cliente" parameterMap="params_cuentas_ing" resultMap="res_ingreso_cuentas">
		{CALL sp_inserta_cuentas_cliente(?,?)}
	</procedure>
	
	 <!-- Datos para eliminacion de cuentas de un cliente -->
	<parameterMap id="params_cuentas_del" class="java.util.HashMap">
		<parameter  property="id_sesion" 	jdbcType="CHAR"  javaType="String" />
	</parameterMap>
	<resultMap id="res_del_cuentas" class="java.util.HashMap">
		<result property="res" jdbcType="INT"  javaType="Integer"/>
    </resultMap>
	<procedure id="sp_elimina_cuentas_cliente" parameterMap="params_cuentas_del" resultMap="res_del_cuentas">
		{CALL sp_elimina_cuentas_cliente (?)}
	</procedure>
	
	<!-- Datos para validacion de una sesion -->
	<parameterMap id="params_valida_cuenta" class="java.util.HashMap">
		<parameter  property="id_sesion" jdbcType="CHAR"  javaType="String" />
		<parameter  property="num_cuenta" jdbcType="CHAR"  javaType="String" />
	</parameterMap>
	<resultMap id="res_valida_cuenta" class="java.util.HashMap">
		<result property="id_sesion" column="id_sesion"	jdbcType="CHAR"  javaType="String"/>
		<result property="num_cuenta" column="num_cuenta"	jdbcType="CHAR"  javaType="String"/>
    </resultMap>
	<procedure id="sp_valida_cuenta" parameterMap="params_valida_cuenta" resultMap="res_valida_cuenta">
		{CALL sp_valida_cuenta (?,?)}
	</procedure>
	
	<parameterMap id="consultaEfactoringClientesNomina" class="java.util.HashMap">
		<parameter property="reg_pag"				jdbcType="NUMBER"		javaType="Integer" />
		<parameter property="continuacion"				jdbcType="NUMBER"		javaType="Integer" />
		<parameter property="odpnumfolUop"				jdbcType="CHAR"		javaType="String" />
	</parameterMap>
	
	<resultMap id="resultadoEfactoringClientesNomina" class="java.util.HashMap">
	  <result property="rutcliente"     	column="bnf_rut"  		jdbcType="NUMBER"  	javaType="long" /> 
	  <result property="digitoverificador"  column="bnf_vrt"  		jdbcType="CHAR"  	javaType="String" />        	
	  <result property="monto"   		column="dop_mto_pag_cbr" 	jdbcType="NUMBER"   	javaType="long"/>        	
	  <result property="fechapago"		column="odp_fec_pag"		jdbcType="CHAR"   	javaType="String"/>        	
	  <result property="empresapagadora"	column="mcv_rso_abr"		jdbcType="CHAR"   	javaType="String"/>        	
	  <result property="continuacion"   		column="continuacion" 	jdbcType="NUMBER"   	javaType="Integer"/>        	
	  <result property="cantidadTotal"   		column="cantidadTotal" 	jdbcType="NUMBER"   	javaType="Integer"/>        	
	</resultMap>

	<procedure id="consultaEfactoringClientesNomina" parameterMap="consultaEfactoringClientesNomina" resultMap="resultadoEfactoringClientesNomina">
		{ CALL sp_con_efacprov( ?, ?, ?) }
	</procedure>
	
</sqlMap>


