<?xml version="1.0" encoding="UTF-8" ?>

<!DOCTYPE sqlMap
    PUBLIC "-//ibatis.apache.org//DTD SQL Map 2.0//EN"
    "http://ibatis.apache.org/dtd/sql-map-2.dtd">

<sqlMap namespace="tab.procedimientosAlmacenados">

	<resultMap id="concepto" class="java.util.HashMap">
		<result property="codigo" column="codigo" />
		<result property="descripcion" column="descripcion" />
	</resultMap>

	<procedure id="obtenerOrigen" resultMap="concepto" parameterClass="java.util.HashMap">
		{CALL sp_cns_ci_ger_suc(#concepto#,#codigo#)}
	</procedure>

	<!-- busca_ofi(@codigo char(3)) -->
	<procedure id="obtenerSucursales" parameterClass="java.util.HashMap" resultClass="java.util.HashMap">
		{CALL busca_ofi(#codigo#)}
	</procedure>

  <procedure id="consultarListaEjecutivos" parameterClass="java.util.HashMap" resultClass="java.util.HashMap" >
    {call sp_cns_ejecutivo(#ofi_cod_ofi:VARCHAR#, #usr_idn:VARCHAR#)}
  </procedure>

        <procedure id="recuperaEjecutivoPorRut" parameterClass="java.util.HashMap" resultClass="java.util.HashMap" >
    	{call sp_busca_usr_rut(#rut_ejec:VARCHAR#)}
  	</procedure>
  	
	<procedure id="recuperaEjecutivoPorUyP" parameterClass="java.util.HashMap" resultClass="java.util.HashMap" >
    	{call sp_gesban_listar_usr(#cod_ejec:VARCHAR#)}
  	</procedure>

	<!-- 
		busca_usr (@tipusr char(3),@ident char(12))
	 -->
	<procedure id="obtenerNombreEjecutivo" parameterClass="java.util.HashMap" resultClass="java.util.HashMap">
		{CALL busca_usr(#tipoUsuario#, #codigoEjecutivo#)}
	</procedure>


	<!-- 
		sp_butab(@tipo char(3),@codigo varchar(12)
	 -->
	<procedure id="obtenerParametros" parameterClass="java.util.HashMap" resultClass="java.util.HashMap">
		{CALL sp_butab(#tipoParametro#, #codigoParametro#)}
	</procedure>

    <resultMap id="salidaConsultarEjecutivoProservice" class="java.util.HashMap">
        <result property="rut" javaType="String" column="ejp_rut" jdbcType="char" />
        <result property="cargo" javaType="String" column="ejp_cgo" jdbcType="char" />
    </resultMap> 
        
    <!-- sp_cns_ejec_pserv(@loginejecutivo char(12)) -->
    <procedure id="consultarEjecutivoProservice" parameterClass="java.util.HashMap" resultMap="salidaConsultarEjecutivoProservice">
        {CALL sp_cns_ejec_pserv(#codEjecutivo#)}
    </procedure> 	

    <procedure id="consultaValorDeCambio" parameterClass="java.util.HashMap" resultClass="java.util.HashMap">
        {CALL sp_cns_val_cam(#fecha#, #moneda#)}
    </procedure>

</sqlMap>
