<?xml version="1.0" encoding="UTF-8" ?>
<!DOCTYPE sqlMap 
	PUBLIC "-//ibatis.apache.org//DTD SQL Map 2.0//EN"
	"http://ibatis.apache.org/dtd/sql-map-2.dtd">
<sqlMap namespace="prgtrf.procedimientosAlmacenados">
<parameterMap id="setConsultaTransferenciasProgramadas" class="java.util.HashMap">
	<parameter property="estadoTransferencia" jdbcType="NUMERIC" javaType="integer" />
</parameterMap>

<resultMap id="getConsultaTransferenciasProgramadas" class="java.util.HashMap">
	<result property="periodoProceso" column="prg_periodo_proceso" javaType="String" />
	<result property="idProgramadas" column="prg_id" javaType="integer" />
    <result property="codBancoDestino" column="banco" javaType="integer" />
    <result property="tipoCuentaOrigen" column="tpc_id" javaType="String" />
    <result property="rutOrigen" column="prg_rut_cliente" javaType="String" />
    <result property="ctaOrigen" column="prg_cuenta_origen" javaType="String" />
    <result property="monto" column="monto" javaType="double" />
    <result property="ctaDestino" column="prg_cuenta_destinatario" javaType="String" />
    <result property="rutDestino" column="prg_rut_destinatario" javaType="String" />
    <result property="nombreDestino" column="prg_nombre_destinatario" javaType="String" />
    <result property="eMailDestino" column="prg_mail_destinatario" javaType="String" />
    <result property="eMailCliente" column="prg_mail_contingencia" javaType="String" />
    <result property="comentario" column="prg_observacion" javaType="String" />
    <result property="tipoCuentaDestino" column="prg_dst_tpc_id" javaType="String" />
</resultMap>

<parameterMap id="setActualizaTransferenciasProgramadas" class="java.util.HashMap">
	<parameter property="periodoProceso" jdbcType="VARCHAR" javaType="String" />
	<parameter property="id" jdbcType="NUMERIC" javaType="integer" />
	<parameter property="estado" jdbcType="NUMERIC" javaType="integer" />
	<parameter property="descripcion" jdbcType="VARCHAR" javaType="String" />
</parameterMap>
	
<procedure id="consultarTransferenciasProgramadas" parameterMap="setConsultaTransferenciasProgramadas" resultMap="getConsultaTransferenciasProgramadas">
	{ CALL sp_consulta_trf_prg_linea_hoy(?) }
</procedure>

<procedure id="actualizarTransferenciasProgramadas" parameterMap="setActualizaTransferenciasProgramadas" resultClass="int">
	{ CALL sp_actualiza_trf_prg_linea(?,?,?,?) }
</procedure>
</sqlMap>
