<?xml version="1.0" encoding="UTF-8" ?>

<!DOCTYPE sqlMap      
    PUBLIC "-//ibatis.apache.org//DTD SQL Map 2.0//EN"      
    "http://ibatis.apache.org/dtd/sql-map-2.dtd">

<sqlMap namespace="transtgo.procedimientosAlmacenados">	
	
	<resultMap id="getDatos" class="java.util.HashMap">
		<result property="num_ext" jdbcType="NUMERIC" javaType="integer" />
		<result property="num_int" jdbcType="VARCHAR" javaType="String"/>
	</resultMap>
	<procedure id="get_codigos_tarjeta_bip" parameterClass="java.util.HashMap" resultMap="getDatos">
				   {CALL sp_cns_num_ext_int(#num_pan#)}
	</procedure>

	<parameterMap id="inputConvenioEmpresa" class="java.util.HashMap">
		<parameter property="ecv_cta_emp"	jdbcType="char" javaType="java.lang.String"  />
	</parameterMap>
	
	<parameterMap id="inputConvenioRar" class="java.util.HashMap">
		<parameter property="cnr_idn_ctx" 	jdbcType="NUMERIC" javaType="java.lang.Long"/>
		<parameter property="cnr_cta_cte"	jdbcType="VARCHAR" javaType="java.lang.String"  />
		<parameter property="cnr_num_emp"   jdbcType="INTEGER" javaType="java.lang.Integer"  />
		<parameter property="cnr_fec_ing"  	javaType="DATE" />
		<parameter property="cnr_est_crg_emp"  		jdbcType="INTEGER" javaType="java.lang.Integer" />
		<parameter property="cnr_num_ra" 	jdbcType="NUMERIC" javaType="java.lang.Long"/>
		<parameter property="cnr_fec_crg"	javaType="DATE"  />
		<parameter property="cnr_fec_con"   javaType="DATE" />
		<parameter property="cnr_mon" 	    jdbcType="NUMERIC" javaType="java.lang.Long"/>
	</parameterMap>
	
	<resultMap id="recargasConConvenio" class="java.util.HashMap">
		<result property="identificadorTransaccionGenerado" column="cnr_idn_ctx"      javaType="java.lang.Long"   jdbcType="NUMERIC"/>
		<result property="cuentaCorriente"  column="cnr_cta_cte"   					  javaType="java.lang.String"  jdbcType="VARCHAR"/>
		<result property="numeroOperacionEmpresaEnConvenio"      column="cnr_num_emp" javaType="java.lang.Long"    jdbcType="INTEGER"/>
		<result property="fechaIngreso"  column="cnr_fec_ing"   					  javaType="Date"/>
	    <result property="estadoRecargaEmpresa"  column="cnr_est_crg_emp"			  javaType="java.lang.Integer" jdbcType="INTEGER"/>
		<result property="identificadorDeLaCompra"  column="cnr_num_ra" 			  javaType="java.lang.Long"    jdbcType="NUMERIC"/>
	    <result property="fechaDeCargo"    column="cnr_fec_crg"						  javaType="Date"/>
		<result property="fechaContable"   column="cnr_fec_con" 					  javaType="Date"/>
	    <result property="montoRecarga"    column="cnr_mon"							  javaType="java.lang.Long"    jdbcType="NUMERIC"/>
	</resultMap>

	<procedure id="actualizarConvenioEmpresa" parameterMap="inputConvenioRar" resultClass="java.util.HashMap">
		{CALL sp_act_cnv_rar (?, ?, ?, ?, ?, ?, ?, ?, ?)}
	</procedure>
	
	<procedure id="consultaConvenioEmpresa" parameterMap="inputConvenioEmpresa"  resultClass="java.util.HashMap">
		{CALL sp_cns_emp_cnv(?)}
	</procedure>
								
	<parameterMap id="inputBusquedaConvenioRar" class="java.util.HashMap">
		<parameter property="fechaInicio"  	javaType="DATE" />
		<parameter property="fechaTermino"  javaType="DATE" />
		<parameter property="cnr_est_crg_emp"  		jdbcType="INTEGER" javaType="java.lang.Integer" />
	</parameterMap>							
	
	<!--    consulta de recarga de tarjetas bip por estado.  -->
	<procedure id="obtenerListadoDeRecargasConConvenio" parameterMap="inputBusquedaConvenioRar"   resultMap="recargasConConvenio"> 
		{CALL sp_cns_cnv_rar (?, ?, ?)}
    </procedure>
	

</sqlMap>