<?xml version="1.0" encoding="UTF-8" ?>

<!DOCTYPE sqlMap      
    PUBLIC "-//ibatis.apache.org//DTD SQL Map 2.0//EN"      
    "http://ibatis.apache.org/dtd/sql-map-2.dtd">

<sqlMap namespace="Evrst.procedimientosAlmancenados">

	<resultMap id="ProductoCliente" class="java.util.HashMap">
	        <result property="codigo" javaType="String" column="codigo" jdbcType="char"/>
	        <result property="fecha" javaType="java.util.Date"
	            column="fecha" jdbcType="datetime"  typeHandler="cl.bci.middleware.aplicacion.persistencia.handler.CalendarTypeHandler" /> 
            <result property="descripcion" javaType="String" column="descripcion" jdbcType="char"/>
     </resultMap>
     <resultMap id="ProductoVigenteCliente" class="java.util.HashMap">
            <result property="rut" javaType="Long" column="rut" jdbcType="numeric"/>
            <result property="codigo" javaType="String" column="codigo" jdbcType="char"/>
            <result property="fecha" javaType="java.util.Date"
                column="fecha" jdbcType="datetime"  typeHandler="cl.bci.middleware.aplicacion.persistencia.handler.CalendarTypeHandler" /> 
            <result property="descripcion" javaType="String" column="descripcion" jdbcType="char"/>
     </resultMap>
     

<procedure id="lealtadCliente" parameterClass="java.util.HashMap" resultClass="java.util.HashMap">
	{CALL sp_cns_cua_cli(#rut_cli#)}
</procedure>
<procedure id="agregarComentario" parameterClass="java.util.HashMap" resultClass="java.util.HashMap">
        {CALL sp_ins_com_cli(#cli_idc#,#dig_vrf#,#cod_ejc#,#tip_com#,#txt_com#)}
</procedure>
<procedure id="traerComentarios" parameterClass="java.util.HashMap" resultClass="java.util.HashMap">
        {CALL sp_cns_com_cli(#cli_idc#,#fec_ini#,#fec_fin#,#tip_com#)}
</procedure>
	<procedure id="consultaProductosNoVigentesCliente" resultMap="ProductoCliente"
		parameterClass="java.util.HashMap">
		{CALL sp_cns_crc_prd_cli(#rut#,#banca#)}
	</procedure>
	<procedure id="consultaProductosVigentesCliente" resultMap="ProductoVigenteCliente"
        parameterClass="java.util.HashMap">
        {CALL sp_cns_prd_vig_cli(#rut#,#banca#)}
    </procedure>
</sqlMap>	