<?xml version="1.0" encoding="UTF-8" ?>

<!DOCTYPE sqlMap      
    PUBLIC "-//ibatis.apache.org//DTD SQL Map 2.0//EN"      
    "http://ibatis.apache.org/dtd/sql-map-2.dtd">
    
<sqlMap namespace="comex.procedimientosAlmacenados">

    	<parameterMap id="setConsultaMensajesSwiftPorFecha" class="java.util.HashMap">
  		<parameter property="numeroOperacion"		jdbcType="CHAR"		javaType="String" />
		<parameter property="fechaInicio"		jdbcType="DATATIME"	javaType="java.util.Date" />
		<parameter property="fechaTermino"		jdbcType="DATATIME"	javaType="java.util.Date" />
		<parameter property="codigoMensaje"		jdbcType="CHAR"		javaType="String" />
	</parameterMap>
	<resultMap id="getConsultaMensajesSwiftPorFecha" class="java.util.HashMap">
		<result property="numeroCorrelativo"	column="fld_swf_num_cor"	javaType="java.lang.Long" />
		<result property="fechaGenerada"	column="fld_swf_fec_gen"	javaType="String" />
	</resultMap>
	<procedure id="consultaMensajesSwiftPorFecha" parameterMap="setConsultaMensajesSwiftPorFecha" resultMap="getConsultaMensajesSwiftPorFecha">
		{ CALL sp_cns_mje_fec ( ?, ?, ?, ? ) }
	</procedure>
	
	<parameterMap id="setConsultaMensajesSwiftPorNroSecuencia" class="java.util.HashMap">
  		<parameter property="numeroCorrelativo"	jdbcType="INTEGER"	javaType="java.lang.Integer" />
		<parameter property="codigoMensaje"		jdbcType="CHAR"		javaType="String" />
	</parameterMap>
	<resultMap id="getConsultaMensajesSwiftPorNroSecuencia" class="java.util.HashMap">
		<result property="numeroOperacion"		column="fld_swf_num_ope"	javaType="java.lang.Long" />
		<result property="fechaGenerada"		column="fld_swf_fec_gen"	javaType="String" />
	</resultMap>
	<procedure id="consultaMensajesSwiftPorNroSecuencia" parameterMap="setConsultaMensajesSwiftPorNroSecuencia" resultMap="getConsultaMensajesSwiftPorNroSecuencia">
		{ CALL sp_cns_mje_sec ( ?, ?) }
	</procedure>
	
	<parameterMap id="setConsultaDetalleMensajesSwiftEnviados" class="java.util.HashMap">
		<parameter property="numeroCorrelativo"	jdbcType="INTEGER"	javaType="java.lang.Integer" />
  		<parameter property="numeroOperacion"	jdbcType="CHAR"		javaType="String" />
	</parameterMap>
	<resultMap id="getConsultaDetalleMensajesSwiftEnviados" class="java.util.HashMap">
		<result property="mensaje"				column="fld_sms_txt_doc_msg"	javaType="String" />
	</resultMap>
	<procedure id="consultaDetalleMensajesSwiftEnviados" parameterMap="setConsultaDetalleMensajesSwiftEnviados" resultMap="getConsultaDetalleMensajesSwiftEnviados">
		{ CALL sp_cns_det_mje ( ?, ? ) }
	</procedure>
	
        <!-- workstation -->
	<resultMap id="solicitudes" class="java.util.HashMap">
		<result property="numSolicitud" column="fld_sope_num_sol" />
		<result property="fechaIngreso" column="fld_sope_fec_ing" />
		<result property="valuta" column="GLS_VALUTA" />
		<result property="monto" column="fld_sope_mto" />
		<result property="nombreBenef" column="fld_sope_ide_ben_1" />
		<result property="referencia" column="fld_sope_ref_pag" />
		<result property="estado" column="GLS" />
		<result property="indicadorPagina" column="indicadorPagina" />
	</resultMap>
	<procedure id="obtenerSolicitudesSinConvenio" resultMap="solicitudes" parameterClass="java.util.HashMap">
		{CALL CMXweb_sope_cns_sope_wks(#rut#,#fechaInicio#,#fechaFin#,#numSolicitud#,#cantidadOperaciones#,#ultimaSolicitud#)}
	</procedure>
    <procedure id="obtenerListaOrdenesDePago" parameterClass="java.util.HashMap" resultClass="java.util.HashMap">
        {CALL sp_comex_cns_ope_env(
            <isNull property="rutCliente">NULL</isNull>
            <isNotNull property="rutCliente">#rutCliente#</isNotNull>, 
            <isNull property="numOperacion">NULL</isNull>
            <isNotNull property="numOperacion">#numOperacion#</isNotNull>, 
            <isNull property="fechaDesde">NULL</isNull> 
            <isNotNull property="fechaDesde">#fechaDesde#</isNotNull>,
            <isNull property="fechaHasta">NULL</isNull> 
            <isNotNull property="fechaHasta">#fechaHasta#</isNotNull>,
            <isNull property="estado">NULL</isNull> 
            <isNotNull property="estado">#estado#</isNotNull>,
            <isNull property="pagina">NULL</isNull>
            <isNotNull property="pagina">#pagina#</isNotNull>,
            <isNull property="registros">NULL</isNull>
            <isNotNull property="registros">#registros#</isNotNull>,
            <isNull property="campoOrden">NULL</isNull>
            <isNotNull property="campoOrden">#campoOrden#</isNotNull>,
            <isNull property="orden">NULL</isNull>
            <isNotNull property="orden">#orden#</isNotNull>
            )}
    </procedure>
	
	<procedure id="obtenerListaCartasCreditoExportacion" parameterClass="java.util.HashMap" resultClass="java.util.HashMap">
        {CALL sp_comex_cns_carta_cre_exp(
            <isNull property="tipo">NULL</isNull>
            <isNotNull property="tipo">#tipo#</isNotNull>,
            <isNull property="rutCliente">NULL</isNull>
            <isNotNull property="rutCliente">#rutCliente#</isNotNull>, 
            <isNull property="estado">NULL</isNull> 
            <isNotNull property="estado">#estado#</isNotNull>,
            <isNull property="tipoOrden">NULL</isNull>
            <isNotNull property="tipoOrden">#tipoOrden#</isNotNull>,
            <isNull property="campoOrden">NULL</isNull>
            <isNotNull property="campoOrden">#campoOrden#</isNotNull> 

            )}
    </procedure>
	
</sqlMap>    
