<?xml version="1.0" encoding="UTF-8" ?>

<!DOCTYPE sqlMap      
    PUBLIC "-//ibatis.apache.org//DTD SQL Map 2.0//EN"      
    "http://ibatis.apache.org/dtd/sql-map-2.dtd">
	
<sqlMap namespace="pagossvp.procedimientosAlmacenados">	

  <!--
create procedure sp_ins_com_pgo(@com_num_bol varchar(15)
                                ,@com_idc_uni varchar(20)
                                ,@com_idc_cli varchar(15)
                                ,@com_cod_srv varchar(15)
                                ,@com_cod_emp varchar(15)
                                ,@com_mto_pag float
                                ,@com_fec_vto datetime
                                ,@com_fec_gen datetime
                                ,@com_fec_pgo datetime
                                ,@com_cod_est char(3)
                                ,@com_rut_emp int
                                ,@com_dig_vrf_emp char(1)
                                ,@com_rut_pag int
                                ,@com_dig_vrf_pag char(1)
                                ,@com_idc_suc char(3)
                                ,@com_idc_caj varchar(8)
                                ,@com_cod_cnl char(3) )
as  
  -->
  <parameterMap id="setComprobante" class = "java.util.HashMap">
    <parameter property = "numeroDeLaBoleta"	    		jdbcType="VARCHAR" javaType="string" nullValue="null"/>
    <parameter property = "identificadorUnicoDelCliente"	jdbcType="VARCHAR" javaType="string" nullValue="null"/>
    <parameter property = "identificadorDelCliente"	    	jdbcType="VARCHAR" javaType="string" nullValue="null"/>
    <parameter property = "codigoDelBiller"		       	jdbcType="VARCHAR" javaType="string" nullValue="null"/>
    <parameter property = "codigoDelServicio"		    	jdbcType="VARCHAR" javaType="string" nullValue="null"/>
    <parameter property = "montoAPagar"	       			jdbcType="DECIMAL" javaType="java.math.BigDecimal" numericScale="2"/>
    <parameter property = "fechaDeVencimiento"	       		jdbcType="DATE"    javaType="java.util.Calendar" typeHandler="cl.bci.middleware.aplicacion.persistencia.handler.CalendarTypeHandler"/>
    <parameter property = "fechaDeGeneracion"		       	jdbcType="DATE"    javaType="java.util.Calendar" typeHandler="cl.bci.middleware.aplicacion.persistencia.handler.CalendarTypeHandler"/>
    <parameter property = "fechaDePago"	        		jdbcType="DATE"    javaType="java.util.Calendar" typeHandler="cl.bci.middleware.aplicacion.persistencia.handler.CalendarTypeHandler"/>
    <parameter property = "estado"	        		jdbcType="CHAR"    javaType="string" nullValue="null"/>
    <parameter property = "rutEmpresaGestora"		        jdbcType="NUMERIC" javaType="integer"/>
    <parameter property = "digitoVerificadorEmpresaGestora"	jdbcType="CHAR"    javaType="string" nullValue="null"/>
    <parameter property = "rutPagador"	       			jdbcType="NUMERIC" javaType="integer"/>
    <parameter property = "digitoVerificadorPagador"	       	jdbcType="CHAR"    javaType="string" nullValue="null"/>
    <parameter property = "nombreDelCanal"	        	jdbcType="VARCHAR" javaType="string" nullValue="null"/>
    <parameter property = "identificadorDeLaSucursal"		jdbcType="VARCHAR" javaType="string" nullValue="null"/>
    <parameter property = "identificadorDeLaCaja" 		jdbcType="CHAR"    javaType="string" nullValue="null"/>
  </parameterMap>
  <procedure id="agregarComprobanteDePago" parameterMap="setComprobante" resultClass="java.util.HashMap"> 
        {CALL sp_ins_com_pgo(?,?,?,?,?,?,?,?,?,?,?,?,?,?,?,?,?)}
  </procedure>
</sqlMap>	