<?xml version="1.0" encoding="UTF-8" ?>
<!DOCTYPE sqlMap      
    PUBLIC "-//ibatis.apache.org//DTD SQL Map 2.0//EN"      
    "http://ibatis.apache.org/dtd/sql-map-2.dtd">
	
<sqlMap namespace="cartfac.procedimientosAlmacenados">
	<resultMap class="java.util.HashMap" id="carteraVigenteMorosa">
		<result property="rutTexto" column="ddr_idc" javaType="java.lang.String" />
		<result property="deudor" column="deudor" javaType="java.lang.String" />
		<result property="tipo" column="tipo_docto" javaType="java.lang.String" />
		<result property="numeroDocumento" column="num_doc" javaType="int" />
		<result property="numeroCuota" column="num_cuo" javaType="int" />
		<result property="saldoNeto" column="sdo_nto" javaType="double" />
		<result property="montoDocumento" column="mto_doc" javaType="double" />
		<result property="montoAnticipado" column="mto_atp" javaType="double" />
		<result property="diferencia" column="dif_dia" javaType="double" />
		<result property="fechaVencimientoTexto" column="fec_ven" javaType="java.lang.String" />
		<result property="fechaProrrogaTexto" column="fec_pag" javaType="java.lang.String" />
		<result property="estadoCobranza" column="cod_cob" javaType="java.lang.String" />
	</resultMap>
	<resultMap class="java.util.HashMap" id="datosEjecutivo">
		<result property="codigoEjecutivo" column="eje_cod" javaType="java.lang.String" />
		<result property="nombre" column="eje_nom" javaType="java.lang.String" />
		<result property="nombreUsuario" column="eje_des_cra" javaType="java.lang.String" />
		<result property="codigoGrupo" column="grp_cod" javaType="java.lang.String" />
		<result property="nombreSucursal" column="suc_nom" javaType="java.lang.String" />
		<result property="ubicacionSucursal" column="suc_ubi" javaType="java.lang.String" />
		<result property="estadoEjecutivo" column="eje_est" javaType="java.lang.String" />
	</resultMap>
	<resultMap class="java.util.HashMap" id="ejecutivoPartner">
		<result property="codigoEjecutivo" column="eje_cod" javaType="java.lang.String" />
		<result property="nombre" column="eje_nom" javaType="java.lang.String" />
	</resultMap>
	<resultMap class="java.util.HashMap" id="buscaCliente">
		<result property="rutCliente" column="cli_idc" javaType="long" />
		<result property="nombreCliente" column="cli_rzn_soc" javaType="java.lang.String" />
		<result property="apellidoPaterno" column="cli_apl_pat" javaType="java.lang.String" />
		<result property="apellidoMaterno" column="cli_apl_mat" javaType="java.lang.String" />
		<result property="digitoVerificador" column="cli_vrt" javaType="java.lang.String" />
		<result property="montoAprobadoLinea" column="cli_mto_apb_lin" javaType="double" />
		<result property="creditoVigente" column="cli_mto_uti" javaType="java.lang.Double" />
		<result property="fechaAsignacionTexto" columnIndex="8" javaType="java.lang.String" />
		<result property="fechaVencimientoTexto" columnIndex="9" javaType="java.lang.String" />
		<result property="saldoCliente" columnIndex="10" javaType="double" />
	</resultMap>
	<resultMap class="java.util.HashMap" id="periodoStockEjecutivos">
		<result property="periodoStockAux" column="stk_mes" javaType="java.lang.String" />
		<result property="codigoEjecutivo" column="eje_cod" javaType="java.lang.String" />
		<result property="cantidadOperaciones" columnIndex="3" javaType="int" />
		<result property="montoStock" columnIndex="4" javaType="double" />
		<result property="stockPromedio" columnIndex="5" javaType="double" />
	</resultMap>
	<resultMap class="java.util.HashMap" id="datosEjecutivoCarteraFactoring">
		<result property="codigoEjecutivo" column="eje_cod" javaType="java.lang.String" />
		<result property="nombre" column="eje_nom" javaType="java.lang.String" />
		<result property="codigoSucursal" column="suc_cod_ftg" javaType="java.lang.String" />
		<result property="nombreSucursal" column="suc_des_cra" javaType="java.lang.String" />
		<result property="nombreUsuario" column="eje_des_cra" javaType="java.lang.String" />
		<result property="codigoGrupo" column="grp_cod" javaType="java.lang.String" />
		<result property="nombreGrupo" columnIndex="10" javaType="java.lang.String" />
	</resultMap>
	<resultMap class="java.util.HashMap" id="resumenStockEjecutivo">
		<result property="periodoAux" column="mes" javaType="java.lang.String" />
		<result property="clientesReales" column="cli_real" javaType="int" />
		<result property="clientesMeta" column="cli_meta" javaType="int" />
		<result property="deltaClientes" columnIndex="3" javaType="int" />
		<result property="stockReal" column="stock_real" javaType="double" />
		<result property="stockMeta" column="stock_meta" javaType="double" />
		<result property="deltaStock" columnIndex="6" javaType="double" />
		<result property="stockPromedioMensual" column="prom_stock" javaType="double" />
		<result property="stockPromedioMetal" column="prom_meta" javaType="double" />
		<result property="deltaStockPromedio" columnIndex="9" javaType="double" />
		<result property="totalClientes" column="total_cli" javaType="int" />
		<result property="clientesLinea" column="cli_linea" javaType="int" />
		<result property="totalLinea" column="stk_lin_tot" javaType="double" />
		<result property="totalActivos" column="stk_acv_tot" javaType="double" />
		<result property="creditoAprobado" column="stk_cre_apr" javaType="double" />
		<result property="totalAprobado" column="stk_tot_apr" javaType="double" />
	</resultMap>
	<resultMap class="java.util.HashMap" id="comisionEjecutivo">
		<result property="periodoAux" columnIndex="1" javaType="java.lang.String" />
		<result property="codigoEjecutivo" column="eje_cod" javaType="java.lang.String" />
		<result property="cantidadOperaciones" columnIndex="3" javaType="int" />
		<result property="montoComision" columnIndex="4" javaType="double" />
	</resultMap>
	<resultMap class="java.util.HashMap" id="datosAnticipoEjecutivo">
		<result property="fechaAnticipoTexto" columnIndex="1" javaType="java.lang.String" />
		<result property="codigoEjecutivo" column="eje_cod" javaType="java.lang.String" />
		<result property="cantidadAnticipos" columnIndex="3" javaType="java.lang.Integer" />
		<result property="totalMontoAnticipoMes" columnIndex="4" javaType="double" />
	</resultMap>
	<resultMap class="java.util.HashMap" id="detalleAnticipos">
		<result property="periodoAnticipoTexto" columnIndex="1" javaType="java.lang.String" />
		<result property="rutCliente" column="cli_idc" javaType="long" />
		<result property="cantidadOperaciones" columnIndex="3" javaType="int" />
		<result property="monto" columnIndex="4" javaType="double" />
		<result property="nombreCliente" columnIndex="5" javaType="java.lang.String" />
	</resultMap>
	<resultMap class="java.util.HashMap" id="detalleRentabilidad">
		<result property="nombreCliente" column="rzn_soc" javaType="java.lang.String" />
		<result property="rutCliente" column="rmc_cli_idc" javaType="long" />
		<result property="stockPromedio" column="rmc_mto_stk" javaType="double" />
		<result property="devengo" column="rmc_mto_dvg" javaType="double" />
		<result property="intereses" column="rmc_int_dvg" javaType="double" />
		<result property="ingresos" column="rmc_mto_ing" javaType="double" />
		<result property="costos" column="rmc_mto_cos" javaType="double" />
		<result property="margen" column="rmc_mto_mrg" javaType="double" />
		<result property="comisiones" column="rmc_cms" javaType="double" />
	</resultMap>
	<resultMap class="java.util.HashMap" id="detalleRentabilidadFaltante">
		<result property="tipoIndicador" columnIndex="2" javaType="java.lang.String" />
		<result property="codigoEjecutivo" columnIndex="3" javaType="java.lang.String" />
		<result property="rutCliente" columnIndex="1" javaType="java.lang.String" />
		<result property="montoIndicador" columnIndex="4" javaType="double" />
	</resultMap>
	<resultMap class="java.util.HashMap" id="IndicadoresRentabilidad">
		<result property="indicadorCodigo" columnIndex="1" javaType="java.lang.String" />
		<result property="indicadorNombre" columnIndex="2" javaType="java.lang.String" />
		<result property="indicadorDescripcion" columnIndex="3" javaType="java.lang.String" />
	</resultMap>
	<resultMap class="java.util.HashMap" id="evoStock">
		<result property="mesTexto" column="evo_mes" javaType="java.lang.String" />
		<result property="monto" column="evo_mto_uti" javaType="double" />
	</resultMap>
	<resultMap class="java.util.HashMap" id="RentabilidadEjecutivoNoPartner">
		<result property="periodoTexto" column="periodo" javaType="java.lang.String" />
		<result property="montoIngreso" column="rme_mto_ing" javaType="double" />
		<result property="montodvg" column="rme_mto_dvg" javaType="double" />
		<result property="interesDevengado" column="rme_int_dvg" javaType="double" />
		<result property="montoCosto" column="rme_mto_cos" javaType="double" />
		<result property="margen" column="rme_mto_mrg" javaType="double" />
		<result property="stock" column="rme_mto_stk" javaType="double" />
		<result property="spread" column="rme_spr" javaType="double" />
		<result property="comisiones" column="rme_cms" javaType="double" />
	</resultMap>
	<resultMap class="java.util.HashMap" id="RentabilidadEjecutivoPartner">
		<result property="periodoTexto" column="periodo" javaType="java.lang.String" />
		<result property="montoIngreso" column="rme_mto_ing" javaType="double" />
		<result property="montodvg" column="rme_mto_dvg" javaType="double" />
		<result property="intDevengado" column="rme_int_dvg" javaType="double" />
		<result property="montoCosto" column="rme_mto_cos" javaType="double" />
		<result property="margen" column="rme_mto_mrg" javaType="double" />
		<result property="stock" column="rme_mto_stk" javaType="double" />
		<result property="spread" column="rme_spr" javaType="double" />
		<result property="comisiones" column="cms" javaType="double" />
	</resultMap>
	<resultMap class="java.util.HashMap" id="detalleRentabilidadEjecutivo">
		<result property="codigoEjecutivo" column="rme_eje_cod" javaType="java.lang.String" />
		<result property="nombreEjecutivo" column="eje_nom" javaType="java.lang.String" />
		<result property="periodoTexto" column="periodo" javaType="java.lang.String" />
		<result property="montoIngreso" column="rme_mto_ing" javaType="double" />
		<result property="montodvg" column="rme_mto_dvg" javaType="double" />
		<result property="intDevengado" column="rme_int_dvg" javaType="double" />
		<result property="montoCosto" column="rme_mto_cos" javaType="double" />
		<result property="margen" column="rme_mto_mrg" javaType="double" />
		<result property="stock" column="rme_mto_stk" javaType="double" />
		<result property="spread" column="rme_spr" javaType="double" />
		<result property="comisiones" column="rme_cms" javaType="double" />
	</resultMap>
	<resultMap class="java.util.HashMap" id="estadoCobranza">
		<result property="codigo" column="ecb_cod" javaType="java.lang.String" />
		<result property="nombre" column="ecb_nom" javaType="java.lang.String" />
	</resultMap>
	<resultMap class="java.util.HashMap" id="sociosEjecutivo">
		<result property="codigoEjecutivo" column="par_cod" javaType="java.lang.String"/>
		<result property="nombre" column="eje_nom" javaType="java.lang.String"/>
	</resultMap>
	<resultMap class="java.util.HashMap" id="EjcecutivoFactoringCliente">
		<result property="codigoEjecutivo" column="eje_cod" javaType="java.lang.String"/>
		<result property="nombreUsuario" column="eje_des_cra" javaType="java.lang.String"/>
	</resultMap>
	<procedure id="sp_sgc_vig_mor" parameterClass="java.util.HashMap" resultMap="carteraVigenteMorosa">
		{CALL sp_sgc_vig_mor(#rut#,#fecha#,#op#,#Producto#)}
	</procedure>
	<procedure id="sp_vigente_morosa_seguim" parameterClass="java.util.HashMap" resultMap="carteraVigenteMorosa">
		{CALL sp_vigente_morosa_seguim(#rut#,#fecha#,#op#)}
	</procedure>

	<procedure id="sp_seg_cod_cob" parameterClass="java.util.HashMap" resultMap="estadoCobranza">
		{CALL sp_seg_cod_cob()}
	</procedure>
	<procedure id="sp_con_eje" parameterClass="java.util.HashMap" resultMap="datosEjecutivo">
		{CALL sp_con_eje(#ejecutivo#)}
	</procedure>
	<procedure id="sp_par_bus_par" parameterClass="java.util.HashMap" resultMap="ejecutivoPartner">
		{CALL sp_par_bus_par(#ejecutivo#)}
	</procedure>
	<procedure id="sp_traer_cliente_por_ejecutivo" parameterClass="java.util.HashMap" resultMap="buscaCliente">
		{CALL sp_traer_cliente_por_ejecutivo(#ejecutivo#)}
	</procedure>
	<procedure id="sp_traer_cliente_rut1" parameterClass="java.util.HashMap" resultMap="buscaCliente">
		{CALL sp_traer_cliente_rut1(#ident#,#ubic#,#grupo#,#grupo1#,#estado#)}
	</procedure>
	<procedure id="sp_traer_cliente_rut2" parameterClass="java.util.HashMap" resultMap="buscaCliente">
		{CALL sp_traer_cliente_rut2(#ident#,#ubic#,#grupo#,#grupo1#,#estado#,#users#)}
	</procedure>
	<procedure id="sp_traer_cliente_nombre1" parameterClass="java.util.HashMap" resultMap="buscaCliente">
		{CALL sp_traer_cliente_nombre1(#nombre#,#ubic#,#grupo#,#grupo1#,#estado#)}
	</procedure>
	<procedure id="sp_traer_cliente_nombre2" parameterClass="java.util.HashMap" resultMap="buscaCliente">
		{CALL sp_traer_cliente_nombre2(#nombre#,#ubic#,#grupo#,#grupo1#,#estado#,#users#)}
	</procedure>
	<procedure id="sp_stock_eje" parameterClass="java.util.HashMap" resultMap="periodoStockEjecutivos">
		{CALL sp_stock_eje(#desde#,#hasta#,#codigogrupo#,#opcion#)}
	</procedure>
	<procedure id="sp_fac_trae_datos_mant_eje" parameterClass="java.util.HashMap"
		resultMap="datosEjecutivoCarteraFactoring">
		{CALL sp_fac_trae_datos_mant_eje(#eje_cod#)}
	</procedure>
	<procedure id="sp_traer_res_stock_eje" parameterClass="java.util.HashMap" resultMap="resumenStockEjecutivo">
		{CALL sp_traer_res_stock_eje(#codigoeje#,#desde#,#hasta#)}
	</procedure>
	<procedure id="sp_com_eje" parameterClass="java.util.HashMap" resultMap="comisionEjecutivo">
		{CALL sp_com_eje(#desde#,#hasta#,#codigogrupo#)}
	</procedure>
	<procedure id="sp_col_eje" parameterClass="java.util.HashMap" resultMap="datosAnticipoEjecutivo">
		{CALL sp_col_eje(#desde#,#hasta#,#codigogrupo#)}
	</procedure>
	<procedure id="sp_col_ant_plata" parameterClass="java.util.HashMap" resultMap="detalleAnticipos">
		{CALL sp_col_ant_plata(#users#,#desde#,#hasta#,#opcion#)}
	</procedure>
	<procedure id="sp_rmc_lst_prd_eje" parameterClass="java.util.HashMap" resultMap="detalleRentabilidad">
		{CALL sp_rmc_lst_prd_eje(#prd#,#eje#)}
	</procedure>
	<procedure id="sp_oig_lst_prd_cli_eje_tds" parameterClass="java.util.HashMap"
		resultMap="detalleRentabilidadFaltante">
		{CALL sp_oig_lst_prd_cli_eje_tds(#prd#,#eje#,#cli#)}
	</procedure>
	<procedure id="sp_tig_lst" parameterClass="java.util.HashMap" resultMap="IndicadoresRentabilidad">
		{CALL sp_tig_lst()}
	</procedure>
	<procedure id="sp_monto_utilizado" parameterClass="java.util.HashMap" resultMap="evoStock">
		{CALL sp_monto_utilizado(#rut#,#desde#,#hasta#)}
	</procedure>
	<procedure id="sp_rme_rtb_prd_eje" parameterClass="java.util.HashMap"
		resultMap="RentabilidadEjecutivoPartner">
		{CALL sp_rme_rtb_prd_eje(#prd1#,#prd2#,#eje#)}
	</procedure>
	<procedure id="sp_rme_rtb_prd" parameterClass="java.util.HashMap" resultMap="RentabilidadEjecutivoNoPartner">
		{CALL sp_rme_rtb_prd(#prd1#,#prd2#)}
	</procedure>
	<procedure id="sp_rme_grp_eje_prd" parameterClass="java.util.HashMap"
		resultMap="detalleRentabilidadEjecutivo">
		{CALL sp_rme_grp_eje_prd(#prd#,#eje#,#grp#)}
	</procedure>
	<procedure id="sp_par_con_eje" parameterClass="java.util.HashMap" resultMap="sociosEjecutivo">
		{CALL sp_par_con_eje(#ejecutivo#)}
	</procedure>
	<procedure id="sp_eje_cli_fac" parameterClass="java.util.HashMap" resultMap="EjcecutivoFactoringCliente">
		{CALL sp_eje_cli_fac(#rut#)}
	</procedure>

	<!-- sp_scf_bus_par (@ejecutivo char(12) = '') -->
	<procedure id="retornarCompanero" parameterClass="java.util.HashMap" resultClass="java.util.HashMap">
		{CALL sp_scf_bus_par(#ejecutivo#)}
	</procedure>

	<!-- procedure sp_scf_det_cli (@ejecutivo char(12) = '', @desde char(07) = '', @hasta char(07) = '', @informacion int = 0) -->
	<procedure id="recuperarDetalleCarteraPorCliente" parameterClass="java.util.HashMap" resultClass="java.util.HashMap">
		{CALL sp_scf_det_cli(#ejecutivo#, #desde#, #hasta#, #informacion#)}
	</procedure>
	
	<!-- procedure sp_scf_det_eje (@usuario char(12) = '', @desde char(07) = '', @hasta char(07) = '', @informacion int = 0, @perfil int = 0) -->
	<procedure id="recuperarDetalleCarteraPorEjecutivo" parameterClass="java.util.HashMap" resultClass="java.util.HashMap">
		{CALL sp_scf_det_eje(#usuario#, #desde#, #hasta#, #informacion#, #perfil#, #plataforma#)}
	</procedure>

	<!--  procedure sp_scf_det_plt (@desde char(07) = '', @hasta char(07) = '', @informacion int = 0, @perfil int = 0) -->
	<procedure id="recuperarDetalleCarteraPorPlataforma" parameterClass="java.util.HashMap" resultClass="java.util.HashMap">
		{CALL sp_scf_det_plt(#desde#, #hasta#, #informacion#, #perfil#)}
	</procedure>

	<!--  sp_scf_plt_eje (@ejecutivo char(12) = '') -->
	<procedure id="recuperarPlataformaEjecutivo" parameterClass="java.util.HashMap" resultClass="java.util.HashMap">
		{CALL sp_scf_plt_eje(#ejecutivo#)}
	</procedure>
</sqlMap>
