<?xml version="1.0" encoding="UTF-8"?>

<!DOCTYPE sqlMap      
    PUBLIC "-//ibatis.apache.org//DTD SQL Map 2.0//EN"      
    "http://ibatis.apache.org/dtd/sql-map-2.dtd">
	
<sqlMap namespace="bcicomex.procedimientosAlmacenados">
  	  	<parameterMap id="setConsultaConfiguracionMensajesSwift" class="java.util.HashMap">
		<parameter property="rutCliente" jdbcType="CHAR" javaType="String"/>
		<parameter property="numeroCtaCte" jdbcType="CHAR" javaType="java.lang.Double"/>
		<parameter property="codigoMoneda" jdbcType="CHAR" javaType="java.lang.Integer"/>
		<parameter property="tipoServicio" jdbcType="CHAR" javaType="String"/>

	</parameterMap>
	<resultMap id="getConsultaConfiguracionMensajesSwift" class="java.util.HashMap">
		<result property="movimientoCartola" column="fld_icl_car_smo" javaType="String"/>
		<result property="bancodestinatario" column="fld_icl_bic_dst" javaType="String"/>
		<result property="estado" column="fld_icl_est" javaType="String"/>
		<result property="tipoCliente" column="fld_icl_tip_cli" javaType="String"/>
		<result property="fechaActualizada" column="fld_icl_fec_act" javaType="String"/>
		<result property="nombreBanco" column="fld_cor_nom_suc" javaType="String"/>
	</resultMap>
	<procedure id="consultaConfiguracionMensajesSwift" parameterMap="setConsultaConfiguracionMensajesSwift" resultMap="getConsultaConfiguracionMensajesSwift">
		{ CALL sp_cns_cfg_mje ( ?, ?, ?, ? ) }
	</procedure>
	  	<parameterMap id="setConsultaraConfiguracionCartolaElectronica" class="java.util.HashMap">
		<parameter property="rutCliente" jdbcType="CHAR" javaType="String"/>
		<parameter property="numeroCtaCte" jdbcType="CHAR" javaType="java.lang.Double"/>
		<parameter property="codigoMoneda" jdbcType="CHAR" javaType="java.lang.Integer"/>
		<parameter property="tipoServicio" jdbcType="CHAR" javaType="String"/>

	</parameterMap>
	<resultMap id="getConsultaraConfiguracionCartolaElectronica" class="java.util.HashMap">
		<result property="estado" column="fld_icl_est" javaType="String"/>
		<result property="tipoCliente" column="fld_icl_tip_cli" javaType="String"/>
		<result property="fechaActualizada" column="fld_icl_fec_act" javaType="String"/>
		<result property="envioCorreo" column="fld_icl_env_car" javaType="String"/>
		<result property="correo" column="fld_icl_mail" javaType="String"/>
	</resultMap>
	<procedure id="consultaraConfiguracionCartolaElectronica" parameterMap="setConsultaraConfiguracionCartolaElectronica" resultMap="getConsultaraConfiguracionCartolaElectronica">
		{ CALL sp_cns_cfg_car ( ?, ?, ?, ? ) }
	</procedure>
		<parameterMap id="setActualizaConfiguracionMensajeSwift" class="java.util.HashMap">
		<parameter property="rutCliente" jdbcType="CHAR" javaType="String"/>
		<parameter property="tipoServicio" jdbcType="CHAR" javaType="String"/>
		<parameter property="numeroCtaCte" jdbcType="DECIMAL" javaType="java.lang.Double"/>
		<parameter property="moneda" jdbcType="INTEGER" javaType="java.lang.Integer"/>
		<parameter property="cartola" jdbcType="CHAR" javaType="String"/>
		<parameter property="bicBanco" jdbcType="CHAR" javaType="String"/>
		<parameter property="estado" jdbcType="CHAR" javaType="String"/>
		<parameter property="tipoCliente" jdbcType="CHAR" javaType="String"/>
		<parameter property="fecha" jdbcType="DATATIME" javaType="java.util.Date"/>
		<parameter property="numeroConvenio" jdbcType="CHAR" javaType="String"/>
		<parameter property="nombreEmpresa" jdbcType="CHAR" javaType="String"/>

	</parameterMap>
	<procedure id="actualizaConfiguracionMensajeSwift" parameterMap="setActualizaConfiguracionMensajeSwift" resultClass="int">
		{ CALL sp_act_cfg_mje ( ?, ?, ?, ?, ?, ?, ?, ?, ?, ?, ? ) }
	</procedure>
		<parameterMap id="setActualizaConfiguracionCartolaElectronica" class="java.util.HashMap">
		<parameter property="rutCliente" jdbcType="CHAR" javaType="String"/>
		<parameter property="tipoServicio" jdbcType="CHAR" javaType="String"/>
		<parameter property="numeroCtaCte" jdbcType="DECIMAL" javaType="java.lang.Double"/>
		<parameter property="moneda" jdbcType="INTEGER" javaType="java.lang.Integer"/>
		<parameter property="estado" jdbcType="CHAR" javaType="String"/>
		<parameter property="fecha" jdbcType="DATATIME" javaType="java.util.Date"/>
		<parameter property="numeroConvenio" jdbcType="CHAR" javaType="String"/>
		<parameter property="nombreEmpresa" jdbcType="CHAR" javaType="String"/>
		<parameter property="email" jdbcType="CHAR" javaType="String"/>
		<parameter property="envioEmail" jdbcType="CHAR" javaType="String"/>

	</parameterMap>
	<procedure id="actualizaConfiguracionCartolaElectronica" parameterMap="setActualizaConfiguracionCartolaElectronica" resultClass="int">
		{ CALL sp_act_cfg_car ( ?, ?, ?, ?, ?, ?, ?, ?, ?, ? ) }
	</procedure>
		<!-- Inicio Transferencia Monex Masivo-->
		
	<parameterMap id="setObtenerNumeroProceso" class="java.util.HashMap">
		<parameter property="fld_fbp_num_job" jdbcType="NUMERIC" javaType="java.lang.Integer" mode="INOUT"/>
		<parameter property="wss_result_sw" jdbcType="int" javaType="java.lang.Integer" mode="INOUT"/>
		<parameter property="wss_result_msg" jdbcType="varchar" javaType="String" mode="INOUT"/>
		</parameterMap>
		<procedure id="obtenerNumeroProceso" parameterMap="setObtenerNumeroProceso">
		{ CALL FBPsrv_sol_njb_web(?,?,?)}
	</procedure>
		<!-- Obtener listado de nominas -->
	<resultMap id="getObtenerListadoNominas" class="java.util.HashMap">
		<result property="wss_result_sw" column="wss_result_sw" jdbcType="INTEGER" javaType="java.lang.Integer"/>
		<result property="wss_result_msg" column="wss_result_msg" jdbcType="VARCHAR" javaType="java.lang.String"/>
		<result property="fld_ndphdr_num_job" column="fld_ndphdr_num_job" jdbcType="NUMERIC" javaType="java.math.BigDecimal"/>
		<result property="fld_ndphdr_fec_cga" column="fld_ndphdr_fec_cga" jdbcType="DATE" javaType="java.util.Calendar" typeHandler="cl.bci.middleware.aplicacion.persistencia.handler.CalendarTypeHandler"/>
		<result property="fld_ndphdr_nro_fol" column="fld_ndphdr_nro_fol" jdbcType="VARCHAR" javaType="java.lang.String"/>
		<result property="fld_ndphdr_yrs_fol" column="fld_ndphdr_yrs_fol" jdbcType="SMALLINT" javaType="java.lang.Integer"/>
		<result property="fld_ndphdr_mda_itf" column="fld_ndphdr_mda_itf" jdbcType="VARCHAR" javaType="java.lang.String"/>
		<result property="fld_ndpctr_mto_inf" column="fld_ndpctr_mto_inf" jdbcType="NUMERIC" javaType="java.math.BigDecimal"/>
		<result property="fld_ndphdr_sts_ndp" column="fld_ndphdr_sts_ndp" jdbcType="VARCHAR" javaType="java.lang.String"/>
		<result property="fld_ndphdr_sys_num" column="fld_ndphdr_sys_num" jdbcType="INTEGER" javaType="java.lang.Integer"/>
	</resultMap>
		<parameterMap id="setObtenerListadoNominas" class="java.util.HashMap">
		<parameter property="fld_ndp_tip_apr" jdbcType="CHAR" javaType="java.lang.String"/>
		<parameter property="fld_fbp_rut_ord" jdbcType="VARCHAR" javaType="java.lang.String"/>
		<parameter property="fld_fbp_nro_fol" jdbcType="VARCHAR" javaType="java.lang.String"/>
		<parameter property="fld_fbp_num_job" jdbcType="NUMERIC" javaType="java.lang.Integer" numericScale="0"/>
		<parameter property="fld_ndp_fec_ini" jdbcType="DATETIME" javaType="java.util.Calendar" typeHandler="cl.bci.middleware.aplicacion.persistencia.handler.CalendarTypeHandler"/>
		<parameter property="fld_ndp_fec_fin" jdbcType="DATETIME" javaType="java.util.Calendar" typeHandler="cl.bci.middleware.aplicacion.persistencia.handler.CalendarTypeHandler"/>
	</parameterMap>
	<procedure id="obtenerListadoNominas" parameterMap="setObtenerListadoNominas" resultMap="getObtenerListadoNominas">
				{ CALL FBPsrv_shh_ndp_web(?, ?, ?, ?, ?, ?) }
	</procedure>
	<!-- Obtener encabezado detalle de nominas -->
	<parameterMap id="setObtenerEncabezadoDetalleNomina" class="java.util.HashMap">
		<parameter property="fld_ndp_tip_apr" jdbcType="VARCHAR" javaType="String"/>
		<parameter property="fld_ndphdr_tip_acc" jdbcType="VARCHAR" javaType="String"/>
		<parameter property="fld_ndphdr_sys_num" jdbcType="INT" javaType="java.lang.Integer"/>
	</parameterMap>
	<resultMap id="getObtenerEncabezadoDetalleNomina" class="java.util.HashMap">
		<result property="wss_result_sw" jdbcType="INTEGER" javaType="java.lang.Integer"/>
		<result property="wss_result_msg" jdbcType="VARCHAR" javaType="java.lang.String"/>
		<result property="fld_ndphdr_num_job" jdbcType="NUMERIC" javaType="java.lang.Integer"/>
		<result property="fld_ndphdr_rut_ord" jdbcType="VARCHAR" javaType="java.lang.String"/>
		<result property="fld_ndphdr_nom_ord" jdbcType="VARCHAR" javaType="java.lang.String"/>
		<result property="fld_ndphdr_nro_fol" jdbcType="VARCHAR" javaType="java.lang.String"/>
		<result property="fld_ndphdr_yrs_fol" jdbcType="SMALLINT" javaType="java.lang.Integer"/>
		<result property="fld_ndphdr_for_ndp" jdbcType="VARCHAR" javaType="java.lang.String"/>
		<result property="fld_ndphdr_bco_cor" jdbcType="VARCHAR" javaType="java.lang.String"/>
		<result property="fld_ndphdr_mda_itf" jdbcType="VARCHAR" javaType="java.lang.String"/>
		<result property="fld_ndphdr_fec_ope" jdbcType="DATE" javaType="java.util.Date"/>
		<result property="fld_ndphdr_cta_orf" jdbcType="VARCHAR" javaType="java.lang.String"/>
		<result property="fld_ndphdr_mda_orf" jdbcType="VARCHAR" javaType="java.lang.String"/>
		<result property="fld_ndphdr_mto_orf" jdbcType="NUMERIC" javaType="java.math.BigDecimal"/>
		<result property="fld_ndphdr_est_nom" jdbcType="VARCHAR" javaType="java.lang.String"/>
		<result property="fld_ndphdr_sys_num" jdbcType="INT" javaType="java.lang.Integer"/>
		<result property="fld_ndphdr_SysTms" jdbcType="VARCHAR" javaType="java.lang.String"/>
	</resultMap>
	<procedure id="obtenerEncabezadoDetalleNomina" parameterMap="setObtenerEncabezadoDetalleNomina" resultMap="getObtenerEncabezadoDetalleNomina">
				{ CALL FBPsrv_rnp_hdt_web (?,?,?) }
	</procedure>
	<!-- Obtener detalle de nominas -->
	<parameterMap id="setObtenerDetalleNomina" class="java.util.HashMap">
		<parameter property="fld_ndp_tip_apr" jdbcType="VARCHAR" javaType="String"/>
		<parameter property="fld_ndphdr_tip_acc" jdbcType="VARCHAR" javaType="String"/>
		<parameter property="fld_ndphdr_sys_num" jdbcType="int" javaType="java.lang.Integer"/>
	</parameterMap>
	<resultMap id="getObtenerDetalleNomina" class="java.util.HashMap">
		<result property="wss_result_sw" jdbcType="INTEGER" javaType="java.lang.Integer"/>
		<result property="wss_result_msg" jdbcType="VARCHAR" javaType="java.lang.String"/>
		<result property="fld_ndpdet_cor_pag" jdbcType="INTEGER" javaType="java.lang.Integer"/>
		<result property="fld_ndpdet_cod_ben" jdbcType="VARCHAR" javaType="java.lang.String"/>
		<result property="fld_ndpdet_nbn_ln1" jdbcType="VARCHAR" javaType="java.lang.String"/>
		<result property="fld_ndpdet_fec_val" jdbcType="VARCHAR" javaType="java.util.Date"/>
		<result property="fld_ndpdet_mto_pag" jdbcType="NUMERIC" javaType="java.math.BigDecimal"/>
		<result property="fld_ndpdet_ctr_ben" jdbcType="VARCHAR" javaType="java.lang.String"/>
		<result property="fld_ndpdet_bco_bbn" jdbcType="VARCHAR" javaType="java.lang.String"/>
		<result property="fld_ndpdet_num_cta" jdbcType="VARCHAR" javaType="java.lang.String"/>
		<result property="fld_ndpdet_bic_bin" jdbcType="VARCHAR" javaType="java.lang.String"/>
		<result property="fld_ndpdet_bco_cor" jdbcType="VARCHAR" javaType="java.lang.String"/>
		<result property="fld_ndpdet_est_itf" jdbcType="VARCHAR" javaType="java.lang.String"/>
	</resultMap>
	<procedure id="obtenerDetalleNomina" parameterMap="setObtenerDetalleNomina" resultMap="getObtenerDetalleNomina">
				{ CALL FBPsrv_rnp_hdt_web (?,?,?) }
	</procedure>
	<!-- Obtener totales detalle de nominas -->
	<parameterMap id="setObtenerTotalesDetalleNomina" class="java.util.HashMap">
		<parameter property="fld_ndp_tip_apr" jdbcType="VARCHAR" javaType="String"/>
		<parameter property="fld_ndphdr_tip_acc" jdbcType="VARCHAR" javaType="String"/>
		<parameter property="fld_ndphdr_sys_num" jdbcType="INT" javaType="java.lang.Integer"/>
	</parameterMap>
	<resultMap id="getObtenerTotalesDetalleNomina" class="java.util.HashMap">
		<result property="wss_result_sw" jdbcType="INTEGER" javaType="java.lang.Integer"/>
		<result property="wss_result_msg" jdbcType="VARCHAR" javaType="java.lang.String"/>
		<result property="fld_ndpctr_num_inf" jdbcType="INT" javaType="java.lang.Integer"/>
		<result property="fld_ndpctr_mto_inf" jdbcType="NUMERIC" javaType="java.math.BigDecimal"/>
		<result property="fld_ndpctr_num_rch" jdbcType="INT" javaType="java.lang.Integer"/>
		<result property="fld_ndpctr_mto_rch" jdbcType="NUMERIC" javaType="java.math.BigDecimal"/>
		<result property="fld_ndpctr_num_app" jdbcType="INT" javaType="java.lang.Integer"/>
		<result property="fld_ndpctr_mto_app" jdbcType="NUMERIC" javaType="java.math.BigDecimal"/>
	</resultMap>
	<procedure id="obtenerTotalesDetalleNomina" parameterMap="setObtenerTotalesDetalleNomina" resultMap="getObtenerTotalesDetalleNomina">
				{ CALL FBPsrv_rnp_hdt_web (?,?,?) }
	</procedure>
	<!-- Obtener detalle de pago de nÃ³minas -->
	<parameterMap id="setObtenerDetallePagoNomina" class="java.util.HashMap">
		<parameter property="fld_ndphdr_sys_num" jdbcType="INT" javaType="java.lang.Integer"/>
		<parameter property="fld_ndpdet_cor_pag" jdbcType="SMALLINT" javaType="java.lang.Integer"/>
	</parameterMap>
	<resultMap id="getObtenerDetallePagoNomina" class="java.util.HashMap">
		<result property="wss_result_sw" jdbcType="INTEGER" javaType="java.lang.Integer"/>
		<result property="wss_result_msg" jdbcType="VARCHAR" javaType="java.lang.String"/>
		<result property="fld_ndpdet_tip_ope" jdbcType="VARCHAR" javaType="java.lang.String"/>
		<result property="fld_ndpdet_cod_ben" jdbcType="VARCHAR" javaType="java.lang.String"/>
		<result property="fld_ndpdet_ctr_ben" jdbcType="VARCHAR" javaType="java.lang.String"/>
		<result property="fld_ndpdet_num_cta" jdbcType="VARCHAR" javaType="java.lang.String"/>
		<result property="fld_ndpdet_nbn_ln1" jdbcType="VARCHAR" javaType="java.lang.String"/>
		<result property="fld_ndpdet_nbn_ln2" jdbcType="VARCHAR" javaType="java.lang.String"/>
		<result property="fld_ndpdet_nbn_ln3" jdbcType="VARCHAR" javaType="java.lang.String"/>
		<result property="fld_ndpdet_nbn_ln4" jdbcType="VARCHAR" javaType="java.lang.String"/>
		<result property="fld_ndpdet_eml_dr1" jdbcType="VARCHAR" javaType="java.lang.String"/>
		<result property="fld_ndpdet_eml_dr2" jdbcType="VARCHAR" javaType="java.lang.String"/>
		<result property="fld_ndpdet_eml_dr3" jdbcType="VARCHAR" javaType="java.lang.String"/>
		<result property="fld_ndpdet_bco_bbn" jdbcType="VARCHAR" javaType="java.lang.String"/>
		<result property="fld_ndpdet_rpg_bbn" jdbcType="VARCHAR" javaType="java.lang.String"/>
		<result property="fld_ndpdet_nd1_bbn" jdbcType="VARCHAR" javaType="java.lang.String"/>
		<result property="fld_ndpdet_nd2_bbn" jdbcType="VARCHAR" javaType="java.lang.String"/>
		<result property="fld_ndpdet_nd3_bbn" jdbcType="VARCHAR" javaType="java.lang.String"/>
		<result property="fld_ndpdet_nd4_bbn" jdbcType="VARCHAR" javaType="java.lang.String"/>
		<result property="fld_ndpdet_bic_bin" jdbcType="VARCHAR" javaType="java.lang.String"/>
		<result property="fld_ndpdet_rpg_bin" jdbcType="VARCHAR" javaType="java.lang.String"/>
		<result property="fld_ndpdet_nd1_bin" jdbcType="VARCHAR" javaType="java.lang.String"/>
		<result property="fld_ndpdet_nd2_bin" jdbcType="VARCHAR" javaType="java.lang.String"/>
		<result property="fld_ndpdet_nd3_bin" jdbcType="VARCHAR" javaType="java.lang.String"/>
		<result property="fld_ndpdet_nd4_bin" jdbcType="VARCHAR" javaType="java.lang.String"/>
		<result property="fld_ndpdet_fec_val" jdbcType="DATE" javaType="java.util.Date"/>
		<result property="fld_ndpdet_mto_pag" jdbcType="NUMERIC" javaType="java.math.BigDecimal"/>
		<result property="fld_ndpdet_det_gto" jdbcType="VARCHAR" javaType="java.lang.String"/>
		<result property="fld_ndpdet_inf_rem" jdbcType="VARCHAR" javaType="java.lang.String"/>
		<result property="fld_ndpdet_nak_cod" jdbcType="VARCHAR" javaType="java.lang.String"/>
		<result property="fld_ndpdet_nak_det" jdbcType="VARCHAR" javaType="java.lang.String"/>
		<result property="fld_ndpdet_cod_cmb" jdbcType="VARCHAR" javaType="java.lang.String"/>
		<result property="fld_ndpdet_SysTms" jdbcType="VARCHAR" javaType="java.lang.String"/>
	</resultMap>
	<procedure id="obtenerDetallePagoNomina" parameterMap="setObtenerDetallePagoNomina" resultMap="getObtenerDetallePagoNomina">
				{ CALL FBPsrv_shw_det_nom_web (?,?) }
	</procedure>
	<!-- Obtener detalle de posiciÃ³n de cambio de nÃ³minas -->
	<parameterMap id="setObtenerDetallePosicionCambio" class="java.util.HashMap">
		<parameter property="fld_ndphdr_sys_num" jdbcType="INT" javaType="java.lang.Integer"/>
		<parameter property="fld_ndpdet_cor_pag" jdbcType="SMALLINT" javaType="java.lang.Integer"/>
		<parameter property="fld_ndpdet_cod_cmb" jdbcType="VARCHAR" javaType="java.lang.String"/>
	</parameterMap>
	<resultMap id="getObtenerDetallePosicionCambio" class="java.util.HashMap">
		<result property="wss_result_sw" jdbcType="INTEGER" javaType="java.lang.Integer"/>
		<result property="wss_result_msg" jdbcType="VARCHAR" javaType="java.lang.String"/>
		<result property="fld_ndppoc_gls_cmb" jdbcType="VARCHAR" javaType="java.lang.String"/>
		<result property="fld_ndppoc_obs_ope" jdbcType="VARCHAR" javaType="java.lang.String"/>
		<result property="fld_ndppoc_ind_der" jdbcType="CHAR" javaType="java.lang.String"/>
		<result property="fld_ndppoc_num_cdv" jdbcType="NUMERIC" javaType="java.math.BigDecimal"/>
		<result property="fld_ndppoc_fec_cdv" jdbcType="DATETIME" javaType="java.util.Date"/>
		<result property="fld_ndppoc_ind_srf" jdbcType="CHAR" javaType="java.lang.String"/>
		<result property="fld_ndppoc_for_pag" jdbcType="TINYINT" javaType="java.lang.Integer"/>
		<result property="fld_ndppoc_mto_fob" jdbcType="VARCHAR" javaType="java.math.BigDecimal"/>
		<result property="fld_ndppoc_mto_flt" jdbcType="VARCHAR" javaType="java.math.BigDecimal"/>
		<result property="fld_ndppoc_mto_seg" jdbcType="VARCHAR" javaType="java.math.BigDecimal"/>
		<result property="fld_ndppoc_fec_vop" jdbcType="DATETIME" javaType="java.util.Date"/>
		<result property="fld_ndppoc_num_cpg" jdbcType="VARCHAR" javaType="java.lang.String"/>
		<result property="fld_ndppoc_sec_ben" jdbcType="SMALLINT" javaType="java.lang.Integer"/>
		<result property="fld_ndppoc_sec_inv" jdbcType="SMALLINT" javaType="java.lang.Integer"/>
		<result property="fld_ndppoc_fin_ext" jdbcType="VARCHAR" javaType="java.lang.String"/>
		<result property="fld_ndppoc_num_ins" jdbcType="NUMERIC" javaType="java.math.BigDecimal"/>
		<result property="fld_ndppoc_vto_cap" jdbcType="DATETIME" javaType="java.util.Date"/>
		<result property="fld_ndppoc_fec_des" jdbcType="DATETIME" javaType="java.util.Date"/>
		<result property="fld_ndppoc_opr_cip" jdbcType="SMALLINT" javaType="java.lang.Integer"/>
		<result property="fld_ndppoc_opr_fpp" jdbcType="DATETIME" javaType="java.util.Date"/>
		<result property="fld_ndppoc_opr_npp" jdbcType="INT" javaType="java.lang.Integer"/>
		<result property="fld_ndppoc_pzo_vto" jdbcType="NUMERIC" javaType="java.math.BigDecimal"/>
		<result property="fld_ndppoc_nom_com" jdbcType="VARCHAR" javaType="java.lang.String"/>
	</resultMap>
	<procedure id="obtenerDetallePosicionCambio" parameterMap="setObtenerDetallePosicionCambio" resultMap="getObtenerDetallePosicionCambio">
				{ CALL FBPsrv_shw_det_poc_web (?,?,?) }
	</procedure>
	<!-- Grabar nÃ³mina -->
	<resultMap id="getGrabarNominaPorLinea" class="java.util.HashMap">
		<result property="wss_result_sw" jdbcType="int" javaType="int"/>
		<result property="wss_result_msg" jdbcType="varchar" javaType="String"/>
	</resultMap>
	<parameterMap id="setGrabarNominaPorLinea" class="java.util.HashMap">
		<parameter property="fld_fbp_num_job" jdbcType="NUMERIC" javaType="java.lang.Integer" mode="IN"/>
		<parameter property="fld_ief_cor_lin" jdbcType="int" javaType="int" mode="IN"/>
		<parameter property="fld_ief_lin_det11" jdbcType="char" javaType="String" mode="IN"/>
		<parameter property="fld_ief_lin_det12" jdbcType="char" javaType="String" mode="IN"/>
		<parameter property="fld_ief_lin_det13" jdbcType="char" javaType="String" mode="IN"/>
		<parameter property="fld_ief_lin_det14" jdbcType="char" javaType="String" mode="IN"/>
		<parameter property="fld_ief_lin_det15" jdbcType="char" javaType="String" mode="IN"/>
		<parameter property="fld_ief_lin_det16" jdbcType="char" javaType="String" mode="IN"/>
		<parameter property="fld_ief_lin_det17" jdbcType="char" javaType="String" mode="IN"/>
		<parameter property="fld_ief_lin_det21" jdbcType="char" javaType="String" mode="IN"/>
		<parameter property="fld_ief_lin_det22" jdbcType="char" javaType="String" mode="IN"/>
		<parameter property="fld_ief_lin_det23" jdbcType="char" javaType="String" mode="IN"/>
		<parameter property="fld_ief_lin_det24" jdbcType="char" javaType="String" mode="IN"/>
		<parameter property="fld_ief_lin_det25" jdbcType="char" javaType="String" mode="IN"/>
		<parameter property="fld_ief_lin_det26" jdbcType="char" javaType="String" mode="IN"/>
		<parameter property="fld_ief_lin_det27" jdbcType="char" javaType="String" mode="IN"/>
		<parameter property="fld_ief_lin_det31" jdbcType="char" javaType="String" mode="IN"/>
		<parameter property="fld_ief_lin_det32" jdbcType="char" javaType="String" mode="IN"/>
		<parameter property="fld_ief_lin_det33" jdbcType="char" javaType="String" mode="IN"/>
		<parameter property="fld_ief_lin_det34" jdbcType="char" javaType="String" mode="IN"/>
		<parameter property="fld_ief_lin_det35" jdbcType="char" javaType="String" mode="IN"/>
		<parameter property="fld_ief_lin_det36" jdbcType="char" javaType="String" mode="IN"/>
		<parameter property="fld_ief_lin_det37" jdbcType="char" javaType="String" mode="IN"/>
		<parameter property="fld_ief_lin_det41" jdbcType="char" javaType="String" mode="IN"/>
		<parameter property="fld_ief_lin_det42" jdbcType="char" javaType="String" mode="IN"/>
		<parameter property="fld_ief_lin_det43" jdbcType="char" javaType="String" mode="IN"/>
		<parameter property="fld_ief_lin_det44" jdbcType="char" javaType="String" mode="IN"/>
		<parameter property="fld_ief_lin_det45" jdbcType="char" javaType="String" mode="IN"/>
		<parameter property="fld_ief_lin_det46" jdbcType="char" javaType="String" mode="IN"/>
		<parameter property="fld_ief_lin_det47" jdbcType="char" javaType="String" mode="IN"/>
		<parameter property="fld_ief_lin_det51" jdbcType="char" javaType="String" mode="IN"/>
		<parameter property="fld_ief_lin_det52" jdbcType="char" javaType="String" mode="IN"/>
		<parameter property="fld_ief_lin_det53" jdbcType="char" javaType="String" mode="IN"/>
		<parameter property="fld_ief_lin_det54" jdbcType="char" javaType="String" mode="IN"/>
		<parameter property="fld_ief_lin_det55" jdbcType="char" javaType="String" mode="IN"/>
		<parameter property="fld_ief_lin_det56" jdbcType="char" javaType="String" mode="IN"/>
		<parameter property="fld_ief_lin_det57" jdbcType="char" javaType="String" mode="IN"/>
		<parameter property="fld_ief_lin_det61" jdbcType="char" javaType="String" mode="IN"/>
		<parameter property="fld_ief_lin_det62" jdbcType="char" javaType="String" mode="IN"/>
		<parameter property="fld_ief_lin_det63" jdbcType="char" javaType="String" mode="IN"/>
		<parameter property="fld_ief_lin_det64" jdbcType="char" javaType="String" mode="IN"/>
		<parameter property="fld_ief_lin_det65" jdbcType="char" javaType="String" mode="IN"/>
		<parameter property="fld_ief_lin_det66" jdbcType="char" javaType="String" mode="IN"/>
		<parameter property="fld_ief_lin_det67" jdbcType="char" javaType="String" mode="IN"/>
		<parameter property="fld_ief_lin_det71" jdbcType="char" javaType="String" mode="IN"/>
		<parameter property="fld_ief_lin_det72" jdbcType="char" javaType="String" mode="IN"/>
		<parameter property="fld_ief_lin_det73" jdbcType="char" javaType="String" mode="IN"/>
		<parameter property="fld_ief_lin_det74" jdbcType="char" javaType="String" mode="IN"/>
		<parameter property="fld_ief_lin_det75" jdbcType="char" javaType="String" mode="IN"/>
		<parameter property="fld_ief_lin_det76" jdbcType="char" javaType="String" mode="IN"/>
		<parameter property="fld_ief_lin_det77" jdbcType="char" javaType="String" mode="IN"/>
		<parameter property="fld_ief_lin_det81" jdbcType="char" javaType="String" mode="IN"/>
		<parameter property="fld_ief_lin_det82" jdbcType="char" javaType="String" mode="IN"/>
		<parameter property="fld_ief_lin_det83" jdbcType="char" javaType="String" mode="IN"/>
		<parameter property="fld_ief_lin_det84" jdbcType="char" javaType="String" mode="IN"/>
		<parameter property="fld_ief_lin_det85" jdbcType="char" javaType="String" mode="IN"/>
		<parameter property="fld_ief_lin_det86" jdbcType="char" javaType="String" mode="IN"/>
		<parameter property="fld_ief_lin_det87" jdbcType="char" javaType="String" mode="IN"/>
		<parameter property="wss_result_sw" jdbcType="int" javaType="java.lang.Integer" mode="INOUT"/>
		<parameter property="wss_result_msg" jdbcType="varchar" javaType="java.lang.String" mode="INOUT"/>
	</parameterMap>
	<procedure id="grabarNominaPorLinea" parameterMap="setGrabarNominaPorLinea" resultMap="getGrabarNominaPorLinea">
		{ CALL FBPsrv_bcp_fil_web(?,?,?,?,?,?,?,?,?,?,?,?,?,?,?,?,?,?,?,?,?,?,?,?,?,?,?,?,?,?,?,?,?,?,?,?,?,?,?,?,?,?,?,?,?,?,?,?,?,?,?,?,?,?,?,?,?,?,?,?)}
	</procedure>
	<!-- cambiar estado nÃ³minas -->
	<parameterMap id="setCambiarEstadoNomina" class="java.util.HashMap">
		<parameter property="fld_ndphdr_sys_num" jdbcType="INT" javaType="java.lang.Integer"/>
		<parameter property="fld_ndphdr_tip_apr" jdbcType="CHAR" javaType="java.lang.String"/>
		<parameter property="fld_ndphdr_tip_acc" jdbcType="CHAR" javaType="java.lang.String"/>
		<parameter property="fld_ndphdr_SysTms" jdbcType="VARCHAR" javaType="java.lang.String"/>
		<parameter property="fld_ndphdr_usr_eve" jdbcType="varchar" javaType="java.lang.String"/>
		<parameter property="fld_ndphdr_nip_usr" jdbcType="varchar" javaType="java.lang.String"/>
		<parameter property="fld_fbpeve_txt_eve" jdbcType="varchar" javaType="java.lang.String" nullValue=" "/>
	</parameterMap>
	<resultMap id="getCambiarEstadoNomina" class="java.util.HashMap">
		<result property="wss_result_sw" jdbcType="INTEGER" javaType="java.lang.Integer"/>
		<result property="wss_result_msg" jdbcType="VARCHAR" javaType="java.lang.String"/>
		<result property="fld_ndphdr_SysTms" jdbcType="VARCHAR" javaType="java.lang.String"/>
	</resultMap>
	<procedure id="cambiarEstadoNomina" parameterMap="setCambiarEstadoNomina" resultMap="getCambiarEstadoNomina">
		{CALL FBPsrv_chg_sts_ndp_web(?,?,?,?,?,?,?)}
	</procedure>
	<!-- validar nÃ³minas -->
	<parameterMap id="setValidarNomina" class="java.util.HashMap">
		<parameter property="fld_fbp_num_job" jdbcType="numeric" javaType="java.lang.Integer" mode="IN"/>
		<parameter property="fld_fbp_usr_eve" jdbcType="varchar" javaType="java.lang.String" mode="IN"/>
		<parameter property="fld_fbp_nip_usr" jdbcType="varchar" javaType="java.lang.String" mode="IN"/>
	</parameterMap>
	<procedure id="validarNomina" parameterMap="setValidarNomina">
		{CALL FBPsrv_imp_fil_web(?,?,?)}
	</procedure>
	<!-- validar disponibilidad cuenta -->
	<parameterMap id="setValidarDisponibilidadCuenta" class="java.util.HashMap">
		<parameter property="fld_ndphdr_rut_ord" jdbcType="VARCHAR" javaType="java.lang.String"/>
		<parameter property="fld_ndphdr_mda_orf" jdbcType="VARCHAR" javaType="java.lang.String"/>
		<parameter property="fld_ndphdr_cta_orf" jdbcType="VARCHAR" javaType="java.lang.String"/>
		<parameter property="fld_ndphdr_mto_orf" jdbcType="NUMERIC" javaType="java.math.BigDecimal" numericScale="2"/>
	</parameterMap>
	<resultMap id="getValidarDisponibilidadCuenta" class="java.util.HashMap">
		<result property="wss_result_sw" jdbcType="INTEGER" javaType="java.lang.Integer"/>
		<result property="wss_result_msg" jdbcType="VARCHAR" javaType="java.lang.String"/>
	</resultMap>
	<procedure id="validarDisponibilidadCuenta" parameterMap="setValidarDisponibilidadCuenta" resultMap="getValidarDisponibilidadCuenta">
		{CALL FBPsrv_chk_cmx_web(?,?,?,?)}
	</procedure>
	<!-- obtener listado beneficiario -->
	<parameterMap id="setObtenerListadoBeneficiario" class="java.util.HashMap">
		<parameter property="fld_fbpcln_rut_emp" jdbcType="VARCHAR" javaType="java.lang.String"/>
	</parameterMap>
	<resultMap id="getObtenerListadoBeneficiario" class="java.util.HashMap">
		<result property="fld_fbpben_ide_ben" jdbcType="VARCHAR" javaType="java.lang.String"/>
		<result property="fld_fbpben_ctr_ben" jdbcType="CHAR" javaType="java.lang.String"/>
		<result property="fld_fbpben_ctr_nam" jdbcType="CHAR" javaType="java.lang.String"/>
		<result property="fld_fbpben_mda_cta" jdbcType="VARCHAR" javaType="java.lang.String"/>
		<result property="fld_fbpben_nbn_ln1" jdbcType="VARCHAR" javaType="java.lang.String"/>
		<result property="fld_fbpben_num_cta" jdbcType="VARCHAR" javaType="java.lang.String"/>
		<result property="fld_fbpben_bco_bbn" jdbcType="VARCHAR" javaType="java.lang.String"/>
		<result property="fld_fbpben_rpg_bbn" jdbcType="VARCHAR" javaType="java.lang.String"/>
		<result property="fld_fbpben_SysTms" jdbcType="VARCHAR" javaType="java.lang.String"/>
		<result property="wss_result_sw" jdbcType="INTEGER" javaType="java.lang.Integer"/>
		<result property="wss_result_msg" jdbcType="VARCHAR" javaType="java.lang.String"/>
	</resultMap>
	<procedure id="obtenerListadoBeneficiario" parameterMap="setObtenerListadoBeneficiario" resultMap="getObtenerListadoBeneficiario">
		{CALL FBPsrv_shw_csb_web(?)}
	</procedure>
	<!-- obtener detalle beneficiario -->
	<parameterMap id="setObtenerDetalleBeneficiario" class="java.util.HashMap">
		<parameter property="fld_fbpcln_rut_emp" jdbcType="VARCHAR" javaType="java.lang.String"/>
		<parameter property="fld_fbpben_ide_ben" jdbcType="VARCHAR" javaType="java.lang.String"/>
		<parameter property="fld_fbpben_mda_cta" jdbcType="VARCHAR" javaType="java.lang.String"/>
		<parameter property="fld_fbpben_ctr_ben" jdbcType="CHAR" javaType="java.lang.String"/>
	</parameterMap>
	<resultMap id="getObtenerDetalleBeneficiario" class="java.util.HashMap">
		<result property="fld_fbpben_nbn_ln1" jdbcType="VARCHAR" javaType="java.lang.String"/>
		<result property="fld_fbpben_nbn_ln2" jdbcType="VARCHAR" javaType="java.lang.String"/>
		<result property="fld_fbpben_nbn_ln3" jdbcType="VARCHAR" javaType="java.lang.String"/>
		<result property="fld_fbpben_nbn_ln4" jdbcType="VARCHAR" javaType="java.lang.String"/>
		<result property="fld_fbpben_num_cta" jdbcType="VARCHAR" javaType="java.lang.String"/>
		<result property="fld_fbpben_bco_bbn" jdbcType="VARCHAR" javaType="java.lang.String"/>
		<result property="fld_fbpben_rpg_bbn" jdbcType="VARCHAR" javaType="java.lang.String"/>
		<result property="fld_fbpben_nd1_bbn" jdbcType="VARCHAR" javaType="java.lang.String"/>
		<result property="fld_fbpben_nd2_bbn" jdbcType="VARCHAR" javaType="java.lang.String"/>
		<result property="fld_fbpben_nd3_bbn" jdbcType="VARCHAR" javaType="java.lang.String"/>
		<result property="fld_fbpben_nd4_bbn" jdbcType="VARCHAR" javaType="java.lang.String"/>
		<result property="fld_fbpben_bic_bin" jdbcType="VARCHAR" javaType="java.lang.String"/>
		<result property="fld_fbpben_rpg_bin" jdbcType="VARCHAR" javaType="java.lang.String"/>
		<result property="fld_fbpben_nd1_bin" jdbcType="VARCHAR" javaType="java.lang.String"/>
		<result property="fld_fbpben_nd2_bin" jdbcType="VARCHAR" javaType="java.lang.String"/>
		<result property="fld_fbpben_nd3_bin" jdbcType="VARCHAR" javaType="java.lang.String"/>
		<result property="fld_fbpben_nd4_bin" jdbcType="VARCHAR" javaType="java.lang.String"/>
		<result property="fld_fbpben_eml_dr1" jdbcType="VARCHAR" javaType="java.lang.String"/>
		<result property="fld_fbpben_eml_dr2" jdbcType="VARCHAR" javaType="java.lang.String"/>
		<result property="fld_fbpben_eml_dr3" jdbcType="VARCHAR" javaType="java.lang.String"/>
		<result property="fld_fbpben_SysTms" jdbcType="VARCHAR" javaType="java.lang.String"/>
		<result property="wss_result_sw" jdbcType="INTEGER" javaType="java.lang.Integer"/>
		<result property="wss_result_msg" jdbcType="VARCHAR" javaType="java.lang.String"/>
	</resultMap>
	<procedure id="obtenerDetalleBeneficiario" parameterMap="setObtenerDetalleBeneficiario" resultMap="getObtenerDetalleBeneficiario">
		{CALL FBPsrv_shw_dbn_web(?,?,?,?)}
	</procedure>
	<!-- actualizar beneficiario -->
	<parameterMap id="setCrearActualizarBeneficiario" class="java.util.HashMap">
		<parameter property="fld_fbpcln_rut_emp" jdbcType="VARCHAR" javaType="java.lang.String"/>
		<parameter property="fld_fbpben_ide_ben" jdbcType="VARCHAR" javaType="java.lang.String"/>
		<parameter property="fld_fbpben_mda_cta" jdbcType="VARCHAR" javaType="java.lang.String"/>
		<parameter property="fld_fbpben_ctr_ben" jdbcType="CHAR" javaType="java.lang.String"/>
		<parameter property="fld_fbpben_nbn_ln1" jdbcType="VARCHAR" javaType="java.lang.String"/>
		<parameter property="fld_fbpben_nbn_ln2" jdbcType="VARCHAR" javaType="java.lang.String"/>
		<parameter property="fld_fbpben_nbn_ln3" jdbcType="VARCHAR" javaType="java.lang.String"/>
		<parameter property="fld_fbpben_nbn_ln4" jdbcType="VARCHAR" javaType="java.lang.String"/>
		<parameter property="fld_fbpben_num_cta" jdbcType="VARCHAR" javaType="java.lang.String"/>
		<parameter property="fld_fbpben_bco_bbn" jdbcType="VARCHAR" javaType="java.lang.String"/>
		<parameter property="fld_fbpben_rpg_bbn" jdbcType="VARCHAR" javaType="java.lang.String"/>
		<parameter property="fld_fbpben_nd1_bbn" jdbcType="VARCHAR" javaType="java.lang.String"/>
		<parameter property="fld_fbpben_nd2_bbn" jdbcType="VARCHAR" javaType="java.lang.String"/>
		<parameter property="fld_fbpben_nd3_bbn" jdbcType="VARCHAR" javaType="java.lang.String"/>
		<parameter property="fld_fbpben_nd4_bbn" jdbcType="VARCHAR" javaType="java.lang.String"/>
		<parameter property="fld_fbpben_bic_bin" jdbcType="VARCHAR" javaType="java.lang.String"/>
		<parameter property="fld_fbpben_rpg_bin" jdbcType="VARCHAR" javaType="java.lang.String"/>
		<parameter property="fld_fbpben_nd1_bin" jdbcType="VARCHAR" javaType="java.lang.String"/>
		<parameter property="fld_fbpben_nd2_bin" jdbcType="VARCHAR" javaType="java.lang.String"/>
		<parameter property="fld_fbpben_nd3_bin" jdbcType="VARCHAR" javaType="java.lang.String"/>
		<parameter property="fld_fbpben_nd4_bin" jdbcType="VARCHAR" javaType="java.lang.String"/>
		<parameter property="fld_fbpben_eml_dr1" jdbcType="VARCHAR" javaType="java.lang.String"/>
		<parameter property="fld_fbpben_eml_dr2" jdbcType="VARCHAR" javaType="java.lang.String"/>
		<parameter property="fld_fbpben_eml_dr3" jdbcType="VARCHAR" javaType="java.lang.String"/>
		<parameter property="fld_fbpben_SysTms" jdbcType="VARCHAR" javaType="java.lang.String"/>
	</parameterMap>
	<resultMap id="getCrearActualizarBeneficiario" class="java.util.HashMap">
		<result property="fld_fbpben_SysTms " jdbcType="VARCHAR" javaType="java.lang.String"/>
		<result property="wss_result_sw" jdbcType="INTEGER" javaType="java.lang.Integer"/>
		<result property="wss_result_msg" jdbcType="VARCHAR" javaType="java.lang.String"/>
	</resultMap>
	<procedure id="crearActualizarBeneficiario" parameterMap="setCrearActualizarBeneficiario" resultMap="getCrearActualizarBeneficiario">
		{CALL FBPsrv_upd_ben_web(?,?,?,?,?,?,?,?,?,?,?,?,?,?,?,?,?,?,?,?,?,?,?,?,?)}
	</procedure>
	<!-- eliminar beneficiario -->
	<parameterMap id="setEliminarBeneficiario" class="java.util.HashMap">
		<parameter property="fld_fbpcln_rut_emp" jdbcType="VARCHAR" javaType="java.lang.String"/>
		<parameter property="fld_fbpben_ide_ben" jdbcType="VARCHAR" javaType="java.lang.String"/>
		<parameter property="fld_fbpben_mda_cta" jdbcType="VARCHAR" javaType="java.lang.String"/>
		<parameter property="fld_fbpben_ctr_ben" jdbcType="CHAR" javaType="java.lang.String"/>
		<parameter property="fld_fbpben_SysTms" jdbcType="VARCHAR" javaType="java.lang.String"/>
	</parameterMap>
	<resultMap id="getEliminarBeneficiario" class="java.util.HashMap">
		<result property="wss_result_sw" jdbcType="INT" javaType="java.lang.Integer"/>
		<result property="wss_result_msg" jdbcType="VARCHAR" javaType="java.lang.String"/>
	</resultMap>
	<procedure id="eliminarBeneficiario" parameterMap="setEliminarBeneficiario" resultMap="getEliminarBeneficiario">
		{CALL FBPsrv_del_dbn_web(?,?,?,?,?)}
	</procedure>
	<!-- obtener listado paises -->
	<resultMap id="getObtenerPaises" class="java.util.HashMap">
		<result property="CTR_ISOCTY" jdbcType="VARCHAR" javaType="java.lang.String"/>
		<result property="CTR_CTYNAM" jdbcType="VARCHAR" javaType="java.lang.String"/>
		<result property="wss_result_sw" jdbcType="INTEGER" javaType="java.lang.Integer"/>
		<result property="wss_result_msg" jdbcType="VARCHAR" javaType="java.lang.String"/>
	</resultMap>
	<procedure id="obtenerPaises" resultMap="getObtenerPaises">
		{CALL FBPsrv_shw_cnr_web()}
	</procedure>
	<!-- obtener banco por codigo swift -->
	<parameterMap id="setObtenerBancoPorSwift" class="java.util.HashMap">
		<parameter property="fld_cor_dir_swf" jdbcType="VARCHAR" javaType="java.lang.String"/>
	</parameterMap>
	<resultMap id="getObtenerBancoPorSwift" class="java.util.HashMap">
		<result property="fld_cor_nom_suc" jdbcType="CHAR" javaType="java.lang.String"/>
		<result property="fld_cor_dir_bco" jdbcType="VARCHAR" javaType="java.lang.String"/>
		<result property="fld_cor_nom_plz" jdbcType="VARCHAR" javaType="java.lang.String"/>
		<result property="fld_cor_ctr_nam" jdbcType="VARCHAR" javaType="java.lang.String"/>
		<result property="wss_result_sw" jdbcType="INT" javaType="java.lang.Integer"/>
		<result property="wss_result_msg" jdbcType="VARCHAR" javaType="java.lang.String"/>
	</resultMap>
	<procedure id="obtenerBancoPorSwift" parameterMap="setObtenerBancoPorSwift" resultMap="getObtenerBancoPorSwift">
		{CALL FBPsrv_shw_bic_web(?)}
	</procedure>
	<!-- obtener listado ciudades -->
	<parameterMap id="setObtenerListadoCiudades" class="java.util.HashMap">
		<parameter property="CTR_ISOCTY" jdbcType="VARCHAR" javaType="java.lang.String"/>
	</parameterMap>
	<resultMap id="getObtenerListadoCiudades" class="java.util.HashMap">
		<result property="fld_cor_cod_plz" jdbcType="SMALLINT" javaType="java.lang.Integer"/>
		<result property="fld_cor_nom_plz" jdbcType="VARCHAR" javaType="java.lang.String"/>
		<result property="wss_result_sw" jdbcType="INT" javaType="java.lang.Integer"/>
		<result property="wss_result_msg" jdbcType="VARCHAR" javaType="java.lang.String"/>
	</resultMap>
	<procedure id="obtenerListadoCiudades" parameterMap="setObtenerListadoCiudades" resultMap="getObtenerListadoCiudades">
		{CALL FBPsrv_shw_bsq_web(?)}
	</procedure>
	<!-- obtener listado bancos -->
	<parameterMap id="setObtenerListadoBancos" class="java.util.HashMap">
		<parameter property="fld_cor_cod_plz" jdbcType="SMALLINT" javaType="java.lang.Integer"/>
	</parameterMap>
	<resultMap id="getObtenerListadoBancos" class="java.util.HashMap">
		<result property="fld_cor_dir_swf" jdbcType="VARCHAR" javaType="java.lang.String"/>
		<result property="fld_cor_nom_suc" jdbcType="CHAR" javaType="java.lang.String"/>
		<result property="fld_cor_dir_bco" jdbcType="VARCHAR" javaType="java.lang.String"/>
		<result property="fld_cor_nom_plz" jdbcType="VARCHAR" javaType="java.lang.String"/>
		<result property="fld_cor_ctr_nam" jdbcType="VARCHAR" javaType="java.lang.String"/>
		<result property="wss_result_sw" jdbcType="INT" javaType="java.lang.Integer"/>
		<result property="wss_result_msg" jdbcType="VARCHAR" javaType="java.lang.String"/>
	</resultMap>
	<procedure id="obtenerListadoBancos" parameterMap="setObtenerListadoBancos" resultMap="getObtenerListadoBancos">
		{CALL FBPsrv_shw_bpz_web(?)}
	</procedure>
	<!-- obtener listado ruta pagos -->
	<parameterMap id="setObtenerListadoRutaPago" class="java.util.HashMap">
		<parameter property="CTR_ISOCTY" jdbcType="VARCHAR" javaType="java.lang.String"/>
	</parameterMap>
	<resultMap id="getObtenerListadoRutaPago" class="java.util.HashMap">
		<result property="PRT_CODPRT" jdbcType="VARCHAR" javaType="java.lang.String"/>
		<result property="PRT_NAMCTY" jdbcType="VARCHAR" javaType="java.lang.String"/>
		<result property="wss_result_sw" jdbcType="INT" javaType="java.lang.Integer"/>
		<result property="wss_result_msg" jdbcType="VARCHAR" javaType="java.lang.String"/>
	</resultMap>
		<procedure id="obtenerListadoRutaPago" parameterMap="setObtenerListadoRutaPago" resultMap="getObtenerListadoRutaPago">
		{CALL FBPsrv_shw_rpy_web(?)}
	</procedure>
		<!-- obtener listado monedas -->
	<resultMap id="getObtenerListadoMonedas" class="java.util.HashMap">
		<result property="COD_MDANDP" jdbcType="VARCHAR" javaType="java.lang.String"/>
		<result property="GLO_MDANDP" jdbcType="VARCHAR" javaType="java.lang.String"/>
		<result property="wss_result_sw" jdbcType="INT" javaType="java.lang.Integer"/>
		<result property="wss_result_msg" jdbcType="VARCHAR" javaType="java.lang.String"/>
	</resultMap>
		<procedure id="obtenerListadoMonedas" resultMap="getObtenerListadoMonedas">
		{CALL FBPsrv_shw_cdf_web()}
	</procedure>
	<!-- FIN Transferencia Monex Masivo-->
	<!-- CompraVenta de Divisas -->
	<!-- obtiene el listado de monedas permitidas para operar en CV de divisas -->
	<resultMap id="getMonedasPermitidas" class="java.util.HashMap">
		<result property="wss_result_sw" jdbcType="INT" javaType="java.lang.Integer"/>
		<result property="wss_result_msg" jdbcType="VARCHAR" javaType="java.lang.String"/>
		<result property="COD_MDANDP" jdbcType="VARCHAR" javaType="java.lang.String"/>
		<result property="GLO_MDANDP" jdbcType="VARCHAR" javaType="java.lang.String"/>
		<result property="MTO_MAXIMO" jdbcType="VARCHAR" javaType="java.lang.Double"/>
	</resultMap>
	<procedure id="obtenerMonedasPermitidas" resultMap="getMonedasPermitidas">
		{CALL CVDsrv_shw_cur_vps()}
	</procedure>
	<!-- obtenerFondosProvisionados obtiene los fondos provisionados a partir de un rut y una moneda -->
	<resultMap id="getFondosProvisionados" class="java.util.HashMap">
		<result property="wss_result_sw" jdbcType="INT" javaType="java.lang.Integer"/>
		<result property="wss_result_msg" jdbcType="VARCHAR" javaType="java.lang.String"/>
		<result property="fld_cvd_cod_orf" jdbcType="VARCHAR" javaType="java.lang.String"/>
		<result property="fld_cvd_sdo_vig" jdbcType="VARCHAR" javaType="java.lang.Double"/>
	</resultMap>
	<parameterMap id="setFondosProvisionados" class="java.util.HashMap">
		<parameter property="rut" jdbcType="VARCHAR" javaType="java.lang.String"/>
		<parameter property="moneda" jdbcType="CHAR" javaType="java.lang.String"/>
	</parameterMap>
	<procedure id="obtenerFondosProvisionados" parameterMap="setFondosProvisionados" resultMap="getFondosProvisionados">
		{CALL CVDsrv_shw_sdo_fpv(?,?)}
	</procedure>
	
	<!-- Obtener ListadoOperacionesCompraVenta -->
	<parameterMap id="setListarOperacionesCompraVenta" class="java.util.HashMap">
		<parameter property="origenSolicitud" jdbcType="VARCHAR" javaType="String"/>
		<parameter property="tipo" jdbcType="VARCHAR" javaType="String"/>
		<parameter property="rut" jdbcType="VARCHAR" javaType="String"/>
		<parameter property="fechaInicio" jdbcType="VARCHAR" javaType="java.util.Date"/>
		<parameter property="fechaTermino" jdbcType="VARCHAR" javaType="java.util.Date"/>
		<parameter property="mdaOrigen" jdbcType="VARCHAR" javaType="String"/>
		<parameter property="mdaDestino" jdbcType="VARCHAR" javaType="String"/>
		<parameter property="estado" jdbcType="VARCHAR" javaType="String"/>
		<parameter property="numeroOperacion" jdbcType="VARCHAR" javaType="String"/>
	</parameterMap>
	<resultMap id="getListadoOperacionesCompraVenta" class="java.util.HashMap">
		<result property="resultadoOperacion" column="wss_result_sw" javaType="java.lang.Integer"/>
		<result property="mensajeResultadoOperacion" column="wss_result_msg" javaType="String"/>
		<result property="fld_cvd_fec_ope" column="fld_cvd_fec_ope" javaType="String"/>
		<result property="fld_cvd_nop_web" column="fld_cvd_nop_web" javaType="String"/>
		<result property="fld_cvd_mda_orf" column="fld_cvd_mda_orf" javaType="String"/>
		<result property="fld_cvd_mto_orf" column="fld_cvd_mto_orf" javaType="java.math.BigDecimal"/>
		<result property="fld_cvd_mda_dtf" column="fld_cvd_mda_dtf" javaType="String"/>
		<result property="fld_cvd_mto_dtf" column="fld_cvd_mto_dtf" javaType="java.math.BigDecimal"/>
		<result property="fld_cvd_cod_orf" column="fld_cvd_cod_orf" javaType="String"/>
		<result property="fld_cvd_cta_orf" column="fld_cvd_cta_orf" javaType="String"/>
		<result property="fld_cvd_cod_dtf" column="fld_cvd_cod_dtf" javaType="String"/>
		<result property="fld_cvd_cta_dtf" column="fld_cvd_cta_dtf" javaType="String"/>
		<result property="fld_cvd_sts_gls" column="fld_cvd_cta_dtf" javaType="String"/>
		<result property="fld_cvd_sts_pay" column="fld_cvd_sts_pay" javaType="String"/>
		<result property="fld_cvd_sys_num" column="fld_cvd_sys_num" javaType="String"/>
		<result property="fld_cvd_exc_rar" column="fld_cvd_exc_rar" javaType="java.math.BigDecimal"/>
		<result property="fld_cvd_SysTms" column="fld_cvd_SysTms" javaType="String"/>
	</resultMap>
	<procedure id="obtenerOperacionesCompraVenta" parameterMap="setListarOperacionesCompraVenta" resultMap="getListadoOperacionesCompraVenta">
		{ CALL CVDsrv_shw_sol_cvd ( ?,?,?,?,?,?,?,?,?) }
	</procedure>
	
	<!-- Registrar Firma Operación por Compromiso -->
	<parameterMap id="setRegistrarFirmaOperacionCompraVenta" class="java.util.HashMap">
  		<parameter property="fld_cvd_sys_num"	jdbcType="INTEGER"	javaType="java.lang.Integer" />
		<parameter property="fld_cvd_tip_apr"	jdbcType="CHAR"		javaType="String" />
		<parameter property="fld_cvd_SysTms"	jdbcType="VARCHAR"	javaType="String" />
		<parameter property="fld_cvd_usr_eve"	jdbcType="VARCHAR"	javaType="String" />
		<parameter property="fld_cvd_nip_usr"	jdbcType="VARCHAR"	javaType="String" />
		<parameter property="fld_cvd_txt_eve"	jdbcType="VARCHAR"	javaType="String" />
	</parameterMap>
	<resultMap id="getRegistrarFirmaOperacionCompraVenta" class="java.util.HashMap">
		<result property="resultadoOperacion"			column="wss_result_sw"		javaType="java.lang.Integer" />
		<result property="mensajeResultadoOperacion"	column="wss_result_msg"		javaType="String" />
		<result property="timeStamp"					column="fld_cvd_SysTms"		javaType="String" />
	</resultMap>
	<procedure id="registrarFirmaOperacionCompraVenta" parameterMap="setRegistrarFirmaOperacionCompraVenta" resultMap="getRegistrarFirmaOperacionCompraVenta">
		{ CALL CVDsrv_reg_sig_ope ( ?, ?, ?, ?, ?, ? ) }
	</procedure>
	
	<!-- FIN CompraVenta de Divisas -->
</sqlMap>
		