<?xml version="1.0" encoding="UTF-8" ?>
<!DOCTYPE sqlMap
	PUBLIC "-//ibatis.apache.org//DTD SQL Map 2.0//EN"
	"http://ibatis.apache.org/dtd/sql-map-2.dtd">


<sqlMap namespace="sol.procedimientosAlmacenados">

	<parameterMap id="setAgendarRetiro" class="java.util.HashMap">
		<parameter property="rutCliente"		jdbcType="integer"	javaType="java.lang.Long" />
		<parameter property="digitoVerificador"	jdbcType="CHAR" 	javaType="String" />
		<parameter property="nombreCliente"		jdbcType="CHAR" 	javaType="String" />
		<parameter property="numeroCuenta"		jdbcType="CHAR" 	javaType="String" />
		<parameter property="fechaSolicitud"	jdbcType="DATE"    	javaType="java.util.Calendar" typeHandler="cl.bci.middleware.aplicacion.persistencia.handler.CalendarTypeHandler"  />
		<parameter property="fechaRetiro"		jdbcType="DATE"    	javaType="java.util.Calendar" typeHandler="cl.bci.middleware.aplicacion.persistencia.handler.CalendarTypeHandler"  />
		<parameter property="sucursalRetiro"	jdbcType="CHAR" 	javaType="String" />
		<parameter property="nombreSucursal"	jdbcType="CHAR" 	javaType="String" />
		<parameter property="estado"			jdbcType="CHAR" 	javaType="String" />
		<parameter property="ipCliente"			jdbcType="CHAR" 	javaType="String" />		
		<parameter property="canal"				jdbcType="CHAR" 	javaType="String" />
		<parameter property="codigoEjecutivo"	jdbcType="CHAR" 	javaType="String" />
		<parameter property="fechaActualizacion"	jdbcType="DATE"    		javaType="java.util.Calendar" typeHandler="cl.bci.middleware.aplicacion.persistencia.handler.CalendarTypeHandler"  />
		
	</parameterMap>

	<procedure id="agendarRetiro" parameterMap="setAgendarRetiro" resultClass="int">
        	{ CALL sp_ins_age_ret_tal( ?,?,?,?,?,?,?,?,?,?,?,?,? ) }
	</procedure>

	<parameterMap id="setRecuperaAgendamiento" class="java.util.HashMap">
	    <parameter property="rutCliente"		jdbcType="integer"	javaType="java.lang.Long" />
		<parameter property="cuentaCliente"		jdbcType="CHAR"		javaType="java.lang.String" />
	</parameterMap>


	<resultMap id="getRecuperaAgendamiento" class="java.util.HashMap">
		<result property="rutCliente"			column="rutCliente" 		javaType="long" />
		<result property="digitoVerificador"	column="digitoVerificador"	javaType="String" />
		<result property="nombreCliente"		column="nombreCliente"		javaType="String" />
		<result property="numeroCuenta"			column="numeroCuenta"		javaType="String" />
		<result property="fechaSolicitud"		column="fechaSolicitud"	javaType="java.util.Calendar" typeHandler="cl.bci.middleware.aplicacion.persistencia.handler.CalendarTypeHandler"  />
		<result property="fechaRetiro"			column="fechaRetiro"		javaType="java.util.Calendar" typeHandler="cl.bci.middleware.aplicacion.persistencia.handler.CalendarTypeHandler"  />
		<result property="numeroComprobante" 	column="numeroComprobante"	javaType="int" />
		<result property="sucursalRetiro"		column="sucursalRetiro"	javaType="String" />
		<result property="nombreSucursal"		column="nombreSucursal"	javaType="String" />
		<result property="estado"				column="estado" 			javaType="String" />
		<result property="ipCliente"			column="ipCliente" 			javaType="String" />
		<result property="canal"				column="canal"			javaType="String" />
		<result property="codigoEjecutivo"		column="codigoEjecutivo"	javaType="String" />
		<result property="fechaActualizacion" 	column="fechaActualizacion"	javaType="java.util.Calendar" typeHandler="cl.bci.middleware.aplicacion.persistencia.handler.CalendarTypeHandler"  />
	</resultMap>

	<procedure id="recuperaAgendamiento" parameterMap="setRecuperaAgendamiento" resultMap="getRecuperaAgendamiento" >
        	{ CALL sp_rec_age_cli( ?, ? ) }
	</procedure>
	
</sqlMap>