<?xml version="1.0" encoding="UTF-8" ?>

<!DOCTYPE sqlMap      
    PUBLIC "-//ibatis.apache.org//DTD SQL Map 2.0//EN"      
    "http://ibatis.apache.org/dtd/sql-map-2.dtd">
	
<sqlMap namespace="gestionweb.procedimientosAlmacenados">	

    <!-- Parametros de entrada -->
    <parameterMap id="setDatosactualizaInserta" class="java.util.HashMap">
		<parameter property="p_cmt_rut_rut"        jdbcType="NUMERIC" javaType="integer" />
		<parameter property="p_cmt_dv_digito"      jdbcType="VARCHAR" javaType="String" />
		<parameter property="p_cmt_nom_nombre"     jdbcType="VARCHAR" javaType="String" />
		<parameter property="p_cmt_mto_promedio"   jdbcType="DOUBLE" javaType="double"/>
		<parameter property="p_cmt_mto_meta1"	   jdbcType="DOUBLE" javaType="double" />
		<parameter property="p_cmt_mto_meta2"	   jdbcType="DOUBLE" javaType="double" />
		<parameter property="p_cmt_mto_meta3"      jdbcType="DOUBLE" javaType="double" />
        <parameter property="p_cmt_mto_meta4"      jdbcType="DOUBLE" javaType="double" />
		<parameter property="p_cmt_mto_meta5"      jdbcType="DOUBLE" javaType="double" />
        <parameter property="p_cmt_mto_meta6"	   jdbcType="DOUBLE" javaType="double"/>
		<parameter property="p_cmt_txt_correo"     jdbcType="VARCHAR" javaType="String" />
		<parameter property="p_cmt_ind_flag"       jdbcType="VARCHAR" javaType="String" />
		<parameter property="p_cmt_fec_actualiza"  jdbcType="DATE"    javaType="java.util.Calendar" typeHandler="cl.bci.middleware.aplicacion.persistencia.handler.CalendarTypeHandler" />
		<parameter property="p_cmt_nom_usuario"    jdbcType="VARCHAR" javaType="String" />
	</parameterMap>

    <resultMap id="getDatosactualizaInserta" class="java.util.HashMap">
	    <result	 property="resultado"   jdbcType="NUMERIC"  javaType="integer" />
	</resultMap> 	
	<!-- sp_cmt_insert_update (@p_cmt_rut_rut int, @p_cmt_dv_digito char(1), @p_cmt_nom_nombre varchar(100),
                               @p_cmt_mto_promedio decimal(18,4), @p_cmt_mto_meta1 decimal(18,4), @p_cmt_mto_meta2 decimal(18,4),
                               @p_cmt_mto_meta3 decimal(18,4), @p_cmt_mto_meta4 decimal(18,4), @p_cmt_mto_meta5 decimal(18,4),
                               @p_cmt_mto_meta6 decimal(18,4), @p_cmt_txt_correo varchar(50), @p_cmt_ind_flag char(1),
                               @p_cmt_fec_actualiza smalldatetime, @p_cmt_nom_usuario varchar(50))  
	-->
	<procedure id="actualizaInserta" parameterMap="setDatosactualizaInserta" resultMap="getDatosactualizaInserta">
	   {CALL sp_cmt_insert_update( ?, ?, ?, ?, ?, ?, ?, ?, ?, ?, ?, ?, ?, ?)}
	</procedure>

    <parameterMap id="setDatosConsulta" class="java.util.HashMap">
		<parameter property="p_cmt_rut_rut"        jdbcType="NUMERIC" javaType="integer" />
		<parameter property="p_cmt_dv_digito"      jdbcType="VARCHAR" javaType="String" />
    </parameterMap>

    <resultMap id="getDatosConsulta" class="java.util.HashMap">
	    <result property="cmt_rut_rut"        jdbcType="NUMERIC" javaType="java.lang.Integer" />
		<result property="cmt_dv_digito"      jdbcType="VARCHAR" javaType="String" />
        <result property="cmt_nom_nombre"     jdbcType="VARCHAR" javaType="String" />
		<result property="cmt_mto_promedio"   jdbcType="DECIMAL" javaType="java.math.BigDecimal"/>
		<result property="cmt_mto_meta1"	   jdbcType="DECIMAL" javaType="java.math.BigDecimal" />
		<result property="cmt_mto_meta2"	   jdbcType="DECIMAL" javaType="java.math.BigDecimal" />
		<result property="cmt_mto_meta3"      jdbcType="DECIMAL" javaType="java.math.BigDecimal" />
        <result property="cmt_mto_meta4"      jdbcType="DECIMAL" javaType="java.math.BigDecimal" />
		<result property="cmt_mto_meta5"      jdbcType="DECIMAL" javaType="java.math.BigDecimal" />
        <result property="cmt_mto_meta6"	   jdbcType="DECIMAL" javaType="java.math.BigDecimal"/>
		<result property="cmt_txt_correo"     jdbcType="VARCHAR" javaType="String" />
		<result property="cmt_ind_flag"       jdbcType="VARCHAR" javaType="String" />
		<result property="cmt_fec_actualiza"  jdbcType="DATE"    javaType="java.util.Calendar" typeHandler="cl.bci.middleware.aplicacion.persistencia.handler.CalendarTypeHandler" />
        <result property="cmt_nom_usuario"    jdbcType="VARCHAR" javaType="String" />
	</resultMap> 
	<procedure id="consulta" parameterMap="setDatosConsulta" resultMap="getDatosConsulta">
	   {CALL sp_cmt_select_row( ?, ?)}
	</procedure>

</sqlMap>	


