<?xml version="1.0" encoding="UTF-8" ?>
<!DOCTYPE sqlMap
	PUBLIC "-//ibatis.apache.org//DTD SQL Map 2.0//EN"
	"http://ibatis.apache.org/dtd/sql-map-2.dtd">


<sqlMap namespace="Trxpend.procedimientosAlmacenados">
	
		<parameterMap id="setRegistraTransaccionesPendientes" class="java.util.HashMap">
			<parameter property="rut"			jdbcType="INTEGER"  javaType="integer" />
			<parameter property="dv"			jdbcType="CHAR"     javaType="String" />
			<parameter property="canal"			jdbcType="CHAR"		javaType="String" />
			<parameter property="producto"		jdbcType="CHAR"		javaType="String" />
			<parameter property="convenio"		jdbcType="CHAR"     javaType="String" />
			<parameter property="adicional1"	jdbcType="CHAR"		javaType="String" />
			<parameter property="adicional2"	jdbcType="CHAR"		javaType="String" />
			<parameter property="adicional3"	jdbcType="CHAR"		javaType="String" />
			<parameter property="trx"			jdbcType="CHAR" 	javaType="String" />
			<parameter property="param1"		jdbcType="CHAR"		javaType="String" />
			<parameter property="param2"		jdbcType="CHAR"		javaType="String" />
			<parameter property="param3"		jdbcType="CHAR"		javaType="String" />
			<parameter property="param4"		jdbcType="CHAR"		javaType="String" />
			<parameter property="param5"		jdbcType="CHAR"		javaType="String" />
			<parameter property="param6"		jdbcType="CHAR"		javaType="String" />
			<parameter property="intentos"		jdbcType="INTEGER"	javaType="integer" />
			<parameter property="estado"		jdbcType="CHAR"		javaType="String" />

		</parameterMap>
		
		<procedure id="registraTransaccionesPendientes" parameterMap="setRegistraTransaccionesPendientes" resultClass="int">
			{ CALL sp_ins_trn_pen ( ?,?,?,?,?,?,?,?,?,?,?,?,?,?,?,?,? ) }
		</procedure>

</sqlMap>
