<?xml version="1.0" encoding="UTF-8" ?>

<!DOCTYPE sqlMap      
    PUBLIC "-//ibatis.apache.org//DTD SQL Map 2.0//EN"      
    "http://ibatis.apache.org/dtd/sql-map-2.dtd">
	
<sqlMap namespace="Reclamos_seguros.procedimientosAlmacenados">	
	<resultMap id="mantenedorArea" class="java.util.HashMap">
		<result property="codigo" column="OPE_COD_AREA"/>
		<result property="descripcion" column="OPE_DES_AREA"/>
		<result property="codEstado" column="OPE_IND_ESTADO"/>
		<result property="estado" column="estadoGlosa"/>
	</resultMap>
	
	<resultMap id="companiaSeguro" class="java.util.HashMap">
		<result property="rut" column="OPE_rut_compania"/>
		<result property="dvCompania" column="OPE_dv_compania"/>
		<result property="nombre" column="OPE_nom_compania"/>
		<result property="direccion" column="OPE_des_direccion"/>
		<result property="descripcion" column="OPE_des_compania"/>
		<result property="comuna" column="OPE_des_comuna"/>
		<result property="ciudad" column="OPE_des_ciudad"/>
		<result property="nombreContacto" column="OPE_nom_contacto"/>
		<result property="apPaternoContacto" column="OPE_ape_pat_contacto"/>
		<result property="apMaternoContacto" column="OPE_ape_mat_contacto"/>
		<result property="fonoContacto" column="OPE_des_fono_contacto"/>
		<result property="mailContacto" column="OPE_des_mail_contacto"/>
		<result property="estado" column="OPE_ind_estado"/>
		<result property="estadoGlosa" column="estadoGlosa"/>
	</resultMap>
	
	<resultMap id="mantenedorTipoResolucion" class="java.util.HashMap">
		<result property="codigoResolucion" column="OPE_COD_TIPO_RESOLUCION"/>
		<result property="descripcionResolucion" column="OPE_DES_RESOLUCION"/>
		<result property="codEstadoResolucion" column="OPE_IND_ESTADO"/>
		<result property="desEstadoResolucion" column="DESCRIPCION"/>
	</resultMap>
	
	<resultMap id="mantenedorTipoReclamo" class="java.util.HashMap">
		<result property="codigoTipoReclamo" column="OPE_COD_TIPO_RECLAMO"/>
		<result property="codigoArea" column="OPE_COD_AREA"/>
		<result property="descripcionTipoReclamo" column="OPE_DES_TIPO_RECLAMO"/>
		<result property="diasMaximo" column="OPE_NRO_DIA_MAXIMO"/>
		<result property="codEstadoTipoReclamo" column="OPE_IND_ESTADO"/>
		<result property="desEstadoTipoReclamo" column="DESCRIPCION"/>
		<result property="descripcionArea" column="OPE_DES_AREA"/>
	</resultMap>
	
	<resultMap id="mantenedorEstado" class="java.util.HashMap">
		<result property="idEstado" column="OPE_cod_estado"/>
		<result property="glosa" column="OPE_des_estado"/>
	</resultMap>
	
	<resultMap id="mantenedorParametros" class="java.util.HashMap">
		<result property="tablaPadre" column="OPE_COD_TABLA_PADRE"/>
		<result property="tablaParametro" column="OPE_COD_TABLA_PARAMETRO"/>
		<result property="fechaInicio" column="OPE_FEC_INI" javaType="java.util.Date"/>
		<result property="fechaFin" column="OPE_FEC_FIN" javaType="java.util.Date"/>
		<result property="monto" column="OPE_MTO_PARAMETRO"/>
		<result property="porcentaje" column="OPE_PCT_PARAMETRO"/>		
		<result property="descripcion" column="OPE_VAR_PARAMETRO"/>
	</resultMap>
			
	<resultMap id="fichaConsulta" class="java.util.HashMap">
		<result property="numeroReclamo" column="OPE_NRO_RECLAMO"/>
		<result property="rutCliente" column="OPE_RUT_CLIENTE"/>
		<result property="nombreCliente" column="NOMBRE"/>
		<result property="codigoArea" column="OPE_COD_AREA"/>
		<result property="descripcionArea" column="OPE_DES_AREA"/>
		<result property="codigoTipoReclamo" column="OPE_COD_TIPO_RECLAMO"/>
		<result property="descripcionTipoReclamo" column="OPE_DES_TIPO_RECLAMO"/>		
		<result property="fechaIngresoDesde" column="OPE_FEC_RESOLUCION" javaType="java.util.Date"/>
	</resultMap>
		
	<resultMap id="datosReclamos" class="java.util.HashMap">
		<result property="numeroReclamo" column="OPE_NRO_RECLAMO"/>
		<result property="rutCliente" column="OPE_RUT_CLIENTE"/>
		<result property="observacion" column="OBSERVACION"/>
		<result property="ejecutivo" column="EJECUTIVO"/>
		<result property="canal" column="OPE_NOM_CANAL"/>
		<result property="rutCompania" column="OPE_RUT_COMPANIA"/>		
		<result property="compania" column="OPE_NOM_COMPANIA"/>
		<result property="tipoReclamo" column="OPE_DES_TIPO_RECLAMO"/>
		<result property="area" column="OPE_DES_AREA"/>
		<result property="fechaIngreso" column="FECHA_INGRESO" javaType="java.util.Date"/>
		<result property="fechaUltima" column="FECHA_ULTIMA" javaType="java.util.Date"/>
		<result property="codEstado" column="OPE_COD_ESTADO"/>
		<result property="estado" column="OPE_DES_ESTADO"/>
		<result property="gestionador" column="GESTIONADOR"/>
		<result property="fechaAsignacion" column="FECHA_ASIGNACION" javaType="java.util.Date"/>
		<result property="fechaEstimada" column="FECHA_ESTIMADA" javaType="java.util.Date"/>
		<result property="fechaTermino" column="FECHA_TERMINO" javaType="java.util.Date"/>
		<result property="fechaRechazo" column="FECHA_RECHAZO" javaType="java.util.Date"/>
		<result property="fechaAnulacion" column="FECHA_ANULACION" javaType="java.util.Date"/>
		<result property="fechaAceptacion" column="FECHA_ACEPTACION" javaType="java.util.Date"/>		
	</resultMap>	

	<resultMap id="estadoMant" class="java.util.HashMap">
		<result property="codigo" column="CODIGO"/>
		<result property="descripcion" column="DESCRIPCION"/>		
	</resultMap>
	
	<resultMap id="reclamo" class="java.util.HashMap">
		<result property="numeroReclamo" column="OPE_NRO_RECLAMO"/>
		<result property="codigoCanal" column="OPE_COD_CANAL"/>		
		<result property="rutUsuario" column="OPE_RUT_USUARIO"/>	
		<result property="rutCompaniaSeguro" column="OPE_RUT_COMPANIA"/>	
		<result property="codigoArea" column="OPE_COD_AREA"/>	
		<result property="codigoTipoReclamo" column="OPE_COD_TIPO_RECLAMO"/>	
		<result property="codigoEstado" column="OPE_COD_ESTADO"/>	
		<result property="rutCliente" column="OPE_RUT_CLIENTE"/>
		<result property="dvCliente" column="OPE_DV_CLIENTE"/>		
		<result property="descripcionReclamo" column="OPE_DES_TIPO_RECLAMO"/>	
		<result property="rutEjecutivo" column="OPE_RUT_EJECUTIVO"/>
		<result property="dvEjecutivo" column="OPE_DV_EJECUTIVO"/>	
		<result property="nombreCliente" column="OPE_NOM_CLIENTE"/>	
		<result property="apellidoPaternoCliente" column="OPE_APE_PAT_CLIENTE"/>	
		<result property="apellidoMaternoCliente" column="OPE_APE_MAT_CLIENTE"/>	
		<result property="mailCliente" column="OPE_DES_MAIL_CLIENTE"/>	
		<result property="telefonoCliente" column="OPE_DES_FONO_CLIENTE"/>	
		<result property="movilCliente" column="OPE_DES_MOVIL_CLIENTE"/>
		<result property="direccionCliente" column="OPE_DES_DIREC_CLIENTE"/>
		<result property="uypEjecutivo" column="OPE_UYP_EJEC"/>
		<result property="nombreCompletoEjecutivo" column="OPE_NOM_COMPLETO_EJEC"/>
		<result property="correoEjecutivo" column="OPE_DES_MAIL_EJEC"/>
		<result property="codigoSucursalEjecutivo" column="OPE_COD_SUC_EJEC"/>		
		<result property="nombreSucursalEjecutivo" column="OPE_NOM_SUC_EJEC"/>
		<result property="codigoRegionEjecutivo" column="OPE_COD_REG_EJEC"/>
		<result property="nombreRegionEjecutivo" column="OPE_NOM_REG_EJEC"/>
		<result property="codigoCargoEjecutivo" column="OPE_COD_CARGO_EJEC"/>
		<result property="nombreCargoEjecutivo" column="OPE_DES_CARGO_EJEC"/>
	</resultMap>	
	
	<resultMap id="adjuntos" class="java.util.HashMap">
		<result property="idAdjunto" column="OPE_ID_ADJUNTO"/>
		<result property="nroReclamo" column="OPE_NRO_RECLAMO"/>		
		<result property="nombreArchivo" column="OPE_NOM_ARCHIVO"/>
		<result property="fechaIngreso" column="OPE_FEC_INGRESO" javaType="java.util.Date"/>
		<result property="rutUsuario" column="OPE_RUT_USUARIO"/>
		<result property="desUsuario" column="OPE_DES_LOGIN"/>
	</resultMap>		

	<resultMap id="datosHistoricos" class="java.util.HashMap">
		<result property="fechaResolucion" column="OPE_FEC_RESOLUCION" javaType="java.util.Date"/>
		<result property="descripcionUsuario" column="OPE_DES_LOGIN"/>		
		<result property="descripcionEtapa" column="OPE_DES_ETAPA"/>
		<result property="observacion" column="OPE_GLS_OBSERVACION"/>
	</resultMap>

	<resultMap id="consultaReclamo" class="java.util.HashMap">
		<result property="numeroReclamo" column="OPE_NRO_RECLAMO"/>
		<result property="rutCliente" column="OPE_RUT_CLIENTE"/>
		<result property="nombreCliente" column="NOMBRE"/>
		<result property="codigoArea" column="OPE_COD_AREA"/>
		<result property="descripcionArea" column="OPE_DES_AREA"/>
		<result property="codigoTipoReclamo" column="OPE_COD_TIPO_RECLAMO"/>
		<result property="descripcionTipoReclamo" column="OPE_DES_TIPO_RECLAMO"/>
		<result property="fechaIngresoDesde" column="OPE_FEC_RESOLUCION" javaType="java.util.Date"/>
		<result property="fechaIngresoHasta" column="OPE_FEC_RESOLUCION" javaType="java.util.Date"/>
		<result property="estadoReclamo" column="OPE_COD_ESTADO"/>
		<result property="gestionador" column="GESTIONADOR"/>
	</resultMap>

	<resultMap id="usuario" class="java.util.HashMap">
		<result property="rutUsuario" column="OPE_RUT_USUARIO"/>
		<result property="dvUsuario" column="OPE_DV_USUARIO"/>
		<result property="codigoPerfil" column="OPE_COD_PERFIL"/>		
		<result property="descripcionPerfil" column="OPE_NOM_PERFIL"/>
		<result property="nombre" column="OPE_NOM_USUARIO"/>
		<result property="apellidoPaterno" column="OPE_APE_PAT_USUARIO"/>
		<result property="apellidoMaterno" column="OPE_APE_MAT_USUARIO"/>
		<result property="login" column="OPE_DES_LOGIN"/>
		<result property="mail" column="OPE_DES_MAIL_CONTACTO"/>
		<result property="codigoEstado" column="OPE_IND_ESTADO"/>
		<result property="descripcionEstado" column="DES_ESTADO"/>
	</resultMap>

	<resultMap id="consultaReasignar" class="java.util.HashMap">
		<result property="numeroReclamo" column="OPE_NRO_RECLAMO"/>
		<result property="rutCliente" column="OPE_RUT_CLIENTE"/>		
		<result property="nombreCliente" column="NOMBRE"/>
		<result property="codigoArea" column="OPE_COD_AREA"/>
		<result property="descripcionArea" column="OPE_DES_AREA"/>
		<result property="codigoTipoReclamo" column="OPE_COD_TIPO_RECLAMO"/>
		<result property="descripcionTipoReclamo" column="OPE_DES_TIPO_RECLAMO"/>
		<result property="fechaIngresoDesde" column="OPE_FEC_RESOLUCION" javaType="java.util.Date"/>
		<result property="gestionador" column="OPE_DES_LOGIN"/>
		<result property="codGestionador" column="OPE_RUT_RESPONSABLE"/>
	</resultMap>

	<resultMap id="perfiles" class="java.util.HashMap">
		<result property="codigoPerfil" column="OPE_COD_PERFIL"/>
		<result property="nombrePerfil" column="OPE_NOM_PERFIL"/>		
		<result property="descripcionPerfil" column="OPE_DES_PERFIL"/>
		<result property="estadoPerfil" column="OPE_IND_ESTADO"/>
	</resultMap>

	<resultMap id="canales" class="java.util.HashMap">
		<result property="codigo" column="OPE_COD_CANAL"/>
		<result property="descripcion" column="OPE_NOM_CANAL"/>		
		<result property="codEstado" column="OPE_DES_EST_CANAL"/>
		<result property="estado" column="DESCRIPCION"/>
	</resultMap>

<resultMap id="informeDiario" class="java.util.HashMap">
		<result property="numeroReclamo" column="OPE_NRO_RECLAMO"/>
		<result property="tipoReclamo" column="OPE_DES_TIPO_RECLAMO"/>		
		<result property="fechaIngreso" column="FECHA_INGRESO" javaType="java.util.Date"/>
		<result property="fechaAsignacion" column="FECHA_ASIGNACION" javaType="java.util.Date"/>
		<result property="fechaEstimada" column="FECHA_ESTIMADA" javaType="java.util.Date"/>
		<result property="fechaTermino" column="FECHA_TERMINO" javaType="java.util.Date"/>
		<result property="diasAtraso" column="DIAS_ATRASO"/>		
	</resultMap>
	
	<resultMap id="canal" class="java.util.HashMap">
		<result property="codigo" column="OPE_COD_CANAL"/>
		<result property="descripcion" column="OPE_NOM_CANAL"/>		
		<result property="codEstado" column="OPE_DES_EST_CANAL"/>
		<result property="estado" column="DESCRIPCION"/>	
	</resultMap>
	
	<resultMap id="responsableCompania" class="java.util.HashMap">
		<result property="rutResponsable" column="OPE_RUT_RESP"/>
		<result property="rutCompania" column="OPE_RUT_COMPANIA"/>		
		<result property="nombreCompania" column="OPE_NOM_COMPANIA"/>
		<result property="nombre" column="OPE_NOM_RESP"/>	
		<result property="apellidoPaterno" column="OPE_APE_PAT_RESP"/>	
		<result property="apellidoMaterno" column="OPE_APE_MAT_RESP"/>	
		<result property="mail" column="OPE_DES_MAIL_RESP"/>	
		<result property="telefono" column="OPE_DES_FONO_RESP"/>	
		<result property="telefonoMovil" column="OPE_DES_MOVIL_RESP"/>	
	</resultMap>
	
	<resultMap id="tipoObservacion" class="java.util.HashMap">
		<result property="codigo" column="CODIGO"/>
		<result property="descripcion" column="DESCRIPCION"/>		
	</resultMap>
	
	<resultMap id="areaAsignada" class="java.util.HashMap">
		<result property="codigo" column="OPE_COD_AREA_CIA"/>
		<result property="descripcion" column="OPE_NOM_AREA_CIA"/>		
	</resultMap>
	
	<resultMap id="responsableCompania" class="java.util.HashMap">
		<result property="rutResponsable" column="OPE_RUT_RESP"/>
		<result property="dvResponsable" column="OPE_DV_RESP"/>
		<result property="rutCompania" column="OPE_RUT_COMPANIA"/>
		<result property="nombreCompania" column="OPE_NOM_COMPANIA"/>
		<result property="nombre" column="OPE_NOM_RESP"/>
		<result property="apellidoPaterno" column="OPE_APE_PAT_RESP"/>
		<result property="apellidoMaterno" column="OPE_APE_MAT_RESP"/>
		<result property="mail" column="OPE_DES_MAIL_RESP"/>
		<result property="telefono" column="OPE_DES_FONO_RESP"/>
		<result property="telefonoMovil" column="OPE_DES_MOVIL_RESP"/>
	</resultMap>

	<resultMap id="areaCompania" class="java.util.HashMap">
		<result property="codigo" column="OPE_COD_AREA_CIA"/>
		<result property="descripcion" column="OPE_NOM_AREA_CIA"/>
		<result property="codEstado" column="OPE_EST_AREA_CIA"/>
		<result property="estado" column="DESCRIPCION"/>
	</resultMap>

	<resultMap id="agnosInformes" class="java.util.HashMap">
		<result property="agno" column="AGNO"/>
	</resultMap>

	<resultMap id="informeReclamosXCompania" class="java.util.HashMap">
		<result property="rutCompania" column="OPE_RUT_COMPANIA"/>
		<result property="nombreCompania" column="OPE_NOM_COMPANIA"/>
		<result property="cantidad" column="CANTIDAD"/>
		<result property="total" column="TOTAL"/>
		<result property="porcentaje" column="PORCENTAJE"/>
	</resultMap>

	<resultMap id="detalleReclamosXCompania" class="java.util.HashMap">
		<result property="rutCompania" column="OPE_RUT_COMPANIA"/>
		<result property="nombreCompania" column="OPE_NOM_COMPANIA"/>
		<result property="reclamosEnero" column="ENE"/>
		<result property="reclamosFebrero" column="FEB"/>
		<result property="reclamosMarzo" column="MAR"/>
		<result property="reclamosAbril" column="ABR"/>
		<result property="reclamosMayo" column="MAY"/>
		<result property="reclamosJunio" column="JUN"/>
		<result property="reclamosJulio" column="JUL"/>
		<result property="reclamosAgosto" column="AGO"/>
		<result property="reclamosSeptiembre" column="SEP"/>
		<result property="reclamosOctubre" column="OCT"/>
		<result property="reclamosNoviembre" column="NOV"/>
		<result property="reclamosDiciembre" column="DIC"/>
		<result property="cantidad" column="CANTIDAD"/>
		<result property="total" column="TOTAL"/>
		<result property="porcentaje" column="PORCENTAJE"/>
	</resultMap>

	<resultMap id="informeGestionGlobal" class="java.util.HashMap">
		<result property="agno" column="AGNO"/>
		<result property="reclamosIngresados" column="INGRESADOS"/>
		<result property="reclamosEnProceso" column="ENPROCESO"/>
		<result property="reclamosCerrados" column="CERRADOS"/>
		<result property="diasPromedio" column="PROMEDIORESOLUCION"/>
		<result property="porcentajeDentroEstandar" column="PRJDENTROESTANDAR"/>
	</resultMap>

	<resultMap id="detalleGestionGlobal" class="java.util.HashMap">
		<result property="mes" column="DES_MES"/>
		<result property="reclamosIngresados" column="INGRESADOS"/>
		<result property="reclamosEnProceso" column="ENPROCESO"/>
		<result property="reclamosCerrados" column="CERRADOS"/>
		<result property="diasPromedio" column="PROMEDIORESOLUCION"/>
		<result property="porcentajeDentroEstandar" column="PRJDENTROESTANDAR"/>
	</resultMap>

	<resultMap id="informeCumplimiento" class="java.util.HashMap">
		<result property="agno" column="AGNO"/>
		<result property="reclamosIngresados" column="INGRESADOS"/>
		<result property="diasPromedio" column="PROMEDIORESOLUCION"/>
		<result property="porcentajeDentroEstandar" column="PRJDENTROESTANDAR"/>
		<result property="alMes" column="ALMES"/>
		<result property="dosMeses" column="DOSMESES"/>
		<result property="reclamosPendientes" column="ENPROCESO"/>
	</resultMap>

	<resultMap id="detalleCumplimiento" class="java.util.HashMap">
		<result property="mes" column="DES_MES"/>
		<result property="reclamosIngresados" column="INGRESADOS"/>
		<result property="diasPromedio" column="PROMEDIORESOLUCION"/>
		<result property="porcentajeDentroEstandar" column="PRJDENTROESTANDAR"/>
		<result property="alMes" column="ALMES"/>
		<result property="dosMeses" column="DOSMESES"/>
		<result property="reclamosPendientes" column="ENPROCESO"/>
	</resultMap>
	<resultMap id="informeResultadoLlamados" class="java.util.HashMap">
		<result property="resultado" column="OPE_DES_RESOLUCION"/>
		<result property="cantidad" column="CANTIDAD"/>
		<result property="total" column="TOTAL"/>
		<result property="porcentaje" column="PORCENTAJE"/>
	</resultMap>

	<resultMap id="detalleResultadoLlamados" class="java.util.HashMap">
		<result property="resultado" column="OPE_DES_RESOLUCION"/>
		<result property="reclamosEnero" column="ENE"/>
		<result property="reclamosFebrero" column="FEB"/>
		<result property="reclamosMarzo" column="MAR"/>
		<result property="reclamosAbril" column="ABR"/>
		<result property="reclamosMayo" column="MAY"/>
		<result property="reclamosJunio" column="JUN"/>
		<result property="reclamosJulio" column="JUL"/>
		<result property="reclamosAgosto" column="AGO"/>
		<result property="reclamosSeptiembre" column="SEP"/>
		<result property="reclamosOctubre" column="OCT"/>
		<result property="reclamosNoviembre" column="NOV"/>
		<result property="reclamosDiciembre" column="DIC"/>
		<result property="cantidad" column="CANTIDAD"/>
		<result property="total" column="TOTAL"/>
		<result property="porcentaje" column="PORCENTAJE"/>
	</resultMap>

	<resultMap id="informeArea" class="java.util.HashMap">
		<result property="descripcionArea" column="OPE_DES_AREA"/>
		<result property="cantidad" column="CANTIDAD"/>
		<result property="total" column="TOTAL"/>
		<result property="porcentaje" column="PORCENTAJE"/>
	</resultMap>

	<resultMap id="detalleArea" class="java.util.HashMap">
		<result property="codigoArea" column="OPE_COD_AREA"/>
		<result property="descripcionArea" column="OPE_DES_AREA"/>
		<result property="reclamosEnero" column="ENE"/>
		<result property="reclamosFebrero" column="FEB"/>
		<result property="reclamosMarzo" column="MAR"/>
		<result property="reclamosAbril" column="ABR"/>
		<result property="reclamosMayo" column="MAY"/>
		<result property="reclamosJunio" column="JUN"/>
		<result property="reclamosJulio" column="JUL"/>
		<result property="reclamosAgosto" column="AGO"/>
		<result property="reclamosSeptiembre" column="SEP"/>
		<result property="reclamosOctubre" column="OCT"/>
		<result property="reclamosNoviembre" column="NOV"/>
		<result property="reclamosDiciembre" column="DIC"/>
		<result property="cantidad" column="CANTIDAD"/>
		<result property="total" column="TOTAL"/>
		<result property="porcentaje" column="PORCENTAJE"/>
	</resultMap>

	<resultMap id="informeTipoReclamo" class="java.util.HashMap">
		<result property="descripcionArea" column="OPE_DES_AREA"/>
		<result property="descripcionTipo" column="OPE_DES_TIPO_RECLAMO"/>
		<result property="cantidad" column="CANTIDAD"/>
		<result property="total" column="TOTAL"/>
		<result property="porcentaje" column="PORCENTAJE"/>
	</resultMap>

	<resultMap id="detalleTipoReclamo" class="java.util.HashMap">
		<result property="descripcionArea" column="OPE_DES_AREA"/>
		<result property="descripcionTipo" column="OPE_DES_TIPO_RECLAMO"/>
		<result property="reclamosEnero" column="ENE"/>
		<result property="reclamosFebrero" column="FEB"/>
		<result property="reclamosMarzo" column="MAR"/>
		<result property="reclamosAbril" column="ABR"/>
		<result property="reclamosMayo" column="MAY"/>
		<result property="reclamosJunio" column="JUN"/>
		<result property="reclamosJulio" column="JUL"/>
		<result property="reclamosAgosto" column="AGO"/>
		<result property="reclamosSeptiembre" column="SEP"/>
		<result property="reclamosOctubre" column="OCT"/>
		<result property="reclamosNoviembre" column="NOV"/>
		<result property="reclamosDiciembre" column="DIC"/>
		<result property="cantidad" column="CANTIDAD"/>
		<result property="total" column="TOTAL"/>
		<result property="porcentaje" column="PORCENTAJE"/>
	</resultMap>

	<resultMap id="informeCanales" class="java.util.HashMap">
		<result property="descripcionCanal" column="OPE_NOM_CANAL"/>
		<result property="cantidad" column="CANTIDAD"/>
		<result property="total" column="TOTAL"/>
		<result property="porcentaje" column="PORCENTAJE"/>
	</resultMap>

	<resultMap id="detalleCanales" class="java.util.HashMap">
		<result property="codigoCanal" column="OPE_COD_CANAL"/>
		<result property="descripcionCanal" column="OPE_NOM_CANAL"/>
		<result property="reclamosEnero" column="ENE"/>
		<result property="reclamosFebrero" column="FEB"/>
		<result property="reclamosMarzo" column="MAR"/>
		<result property="reclamosAbril" column="ABR"/>
		<result property="reclamosMayo" column="MAY"/>
		<result property="reclamosJunio" column="JUN"/>
		<result property="reclamosJulio" column="JUL"/>
		<result property="reclamosAgosto" column="AGO"/>
		<result property="reclamosSeptiembre" column="SEP"/>
		<result property="reclamosOctubre" column="OCT"/>
		<result property="reclamosNoviembre" column="NOV"/>
		<result property="reclamosDiciembre" column="DIC"/>
		<result property="cantidad" column="CANTIDAD"/>
		<result property="total" column="TOTAL"/>
		<result property="porcentaje" column="PORCENTAJE"/>
	</resultMap>

	<resultMap id="informeTiempoResolucion" class="java.util.HashMap">
		<result property="rutGestionador" column="OPE_RUT_RESPONSABLE"/>
		<result property="gestionador" column="OPE_DES_LOGIN"/>
		<result property="reclamosIngresados" column="INGRESADOS"/>
		<result property="reclamosEnProceso" column="ENPROCESO"/>
		<result property="diasResolucion" column="PROMEDIORESOLUCION"/>
		<result property="porcentajeDentroEstandar" column="PRJDENTROESTANDAR"/>
	</resultMap>

	<resultMap id="detalleTiempoResolucion" class="java.util.HashMap">
		<result property="numeroReclamo" column="OPE_NRO_RECLAMO"/>
		<result property="descripcionTipoReclamo" column="OPE_DES_TIPO_RECLAMO"/>
		<result property="fechaIngreso" column="FECHA_INGRESO" javaType="java.util.Date"/>
		<result property="fechaAsignacion" column="FECHA_ASIGNACION" javaType="java.util.Date"/>
		<result property="fechaEstimada" column="FECHA_ESTIMADA" javaType="java.util.Date"/>
		<result property="fechaTermino" column="FECHA_TERMINO" javaType="java.util.Date"/>
		<result property="diasAtraso" column="DIAS_ATRASO"/>
		<result property="situacion" column="SITUACION"/>
	</resultMap>

	<resultMap id="mesesInformes" class="java.util.HashMap">
		<result property="codigoMes" column="COD_MES"/>
		<result property="descripcionMes" column="DES_MES"/>
	</resultMap>

	<resultMap id="informeTiempoLlamado" class="java.util.HashMap">
		<result property="diasLlamado" column="OPE_NRO_DIAS_LLAMADO"/>
		<result property="reclamosEnero" column="ENE"/>
		<result property="reclamosFebrero" column="FEB"/>
		<result property="reclamosMarzo" column="MAR"/>
		<result property="reclamosAbril" column="ABR"/>
		<result property="reclamosMayo" column="MAY"/>
		<result property="reclamosJunio" column="JUN"/>
		<result property="reclamosJulio" column="JUL"/>
		<result property="reclamosAgosto" column="AGO"/>
		<result property="reclamosSeptiembre" column="SEP"/>
		<result property="reclamosOctubre" column="OCT"/>
		<result property="reclamosNoviembre" column="NOV"/>
		<result property="reclamosDiciembre" column="DIC"/>
		<result property="cantidad" column="CANTIDAD"/>
	</resultMap>

	<resultMap id="informeTiempoCarta" class="java.util.HashMap">
		<result property="diasCarta" column="OPE_NRO_DIAS_CARTA"/>
		<result property="reclamosEnero" column="ENE"/>
		<result property="reclamosFebrero" column="FEB"/>
		<result property="reclamosMarzo" column="MAR"/>
		<result property="reclamosAbril" column="ABR"/>
		<result property="reclamosMayo" column="MAY"/>
		<result property="reclamosJunio" column="JUN"/>
		<result property="reclamosJulio" column="JUL"/>
		<result property="reclamosAgosto" column="AGO"/>
		<result property="reclamosSeptiembre" column="SEP"/>
		<result property="reclamosOctubre" column="OCT"/>
		<result property="reclamosNoviembre" column="NOV"/>
		<result property="reclamosDiciembre" column="DIC"/>
		<result property="cantidad" column="CANTIDAD"/>
	</resultMap>

	<resultMap id="informeRegional" class="java.util.HashMap">
		<result property="codigoRegional" column="OPE_COD_REG_EJEC"/>
		<result property="descripcionRegional" column="OPE_NOM_REG_EJEC"/>
		<result property="reclamosEnero" column="ENE"/>
		<result property="reclamosFebrero" column="FEB"/>
		<result property="reclamosMarzo" column="MAR"/>
		<result property="reclamosAbril" column="ABR"/>
		<result property="reclamosMayo" column="MAY"/>
		<result property="reclamosJunio" column="JUN"/>
		<result property="reclamosJulio" column="JUL"/>
		<result property="reclamosAgosto" column="AGO"/>
		<result property="reclamosSeptiembre" column="SEP"/>
		<result property="reclamosOctubre" column="OCT"/>
		<result property="reclamosNoviembre" column="NOV"/>
		<result property="reclamosDiciembre" column="DIC"/>
		<result property="fueraEstandar" column="FUERAESTANDAR"/>
		<result property="cantidad" column="CANTIDAD"/>
		<result property="promedioResolucion" column="PROMEDIORESOLUCION"/>
		<result property="total" column="TOTAL"/>
		<result property="porcentaje" column="PORCENTAJE"/>
	</resultMap>
	
	<resultMap id="traerCarta" class="java.util.HashMap">
		<result property="codigoCarta" column="CODIGO"/>
		<result property="descripcionCarta" column="DESCRIPCION"/>
	</resultMap>	
	
	<resultMap id="datosCorreo" class="java.util.HashMap">
		<result property="nombreOrigen" column="NOMBREORIGEN"/>
		<result property="correoOrigen" column="CORREOORIGEN"/>
		<result property="correoDestinatario" column="CORREODESTINO"/>
		<result property="correoCopia" column="CORREOCOPIA"/>
		<result property="asunto" column="ASUNTO"/>
		<result property="cuerpo" column="CUERPO"/>
	</resultMap>	

	<procedure id="traerMantenedorArea" parameterClass="java.util.HashMap" resultMap="mantenedorArea">
		{ CALL Sp_MantenedorArea(#OPCION:NUMERIC#) }
	</procedure>
	
	<procedure id="traerCompaniaSeguros" parameterClass="java.util.HashMap" resultMap="companiaSeguro">
		{ CALL Sp_MantenedorCompaniaSeguro(#OPCION:NUMERIC#) }
	</procedure>
	
	<procedure id="guardarCompaniaSeguros" parameterClass="java.util.HashMap">
		{ CALL Sp_MantenedorCompaniaSeguro(#OPCION#,#RUT_COMPANIA#,#DV_COMPANIA#,#NOM_COMPANIA#,#DES_COMPANIA#,#DES_DIRECCION#,#DES_COMUNA#,#DES_CIUDAD#,#NOM_CONTACTO#,#APE_PAT_CONTACTO#,#APE_MAT_CONTACTO#,#DES_MAIL_CONTACTO#,#DES_FONO_CONTACTO#,#IND_ESTADO#) }
	</procedure>
	
	<procedure id="guardarMantenedorArea" parameterClass="java.util.HashMap">
		{ CALL Sp_MantenedorArea(#OPCION#,#COD_AREA#,#DES_AREA#,#IND_ESTADO#) }
	</procedure>
	
	<procedure id="traerMantenedorTipoResolucion" parameterClass="java.util.HashMap" resultMap="mantenedorTipoResolucion">
		{ CALL Sp_MantenedorTipoResolucion(#OPCION:NUMERIC#) }
	</procedure>
	
	<procedure id="guardarMantenedorTipoResolucion" parameterClass="java.util.HashMap">
		{ CALL Sp_MantenedorTipoResolucion(#opcion#,#codtipo#,#descripcion#,#estado#) }
	</procedure>
	
	<procedure id="traerMantenedorTipoReclamo" parameterClass="java.util.HashMap" resultMap="mantenedorTipoReclamo">
		{ CALL Sp_MantenedorTipoReclamo(#opcion:NUMERIC#,#codtipo:NUMERIC#,#codarea:NUMERIC#) }
	</procedure>
	
	<procedure id="traerMantenedorTipoReclamoConCodigoNull" parameterClass="java.util.HashMap" resultMap="mantenedorTipoReclamo">
		{ CALL Sp_MantenedorTipoReclamo(#opcion:NUMERIC#) }
	</procedure>
	
	<procedure id="guardarMantenedorTipoReclamo" parameterClass="java.util.HashMap">
		{ CALL Sp_MantenedorTipoReclamo(#opcion#,#codtipo#,#codarea#,#descripcion#,#nrodias#,#estado#) }
	</procedure>
	
	<procedure id="traerMantenedorEstado" parameterClass="java.util.HashMap" resultMap="mantenedorEstado">
		{ CALL Sp_MantenedorEstado(#OPCION:NUMERIC#) }
	</procedure>
	
	<procedure id="traerMantenedorParametros" parameterClass="java.util.HashMap" resultMap="mantenedorParametros">
		{ CALL Sp_MantenedorParametros(#opcion:NUMERIC#) }
	</procedure>
	
	<procedure id="guardarMantenedorParametros" parameterClass="java.util.HashMap">
		{ CALL Sp_MantenedorParametros(#opcion#,#tablapadre#,#tablaparametro#,#fechainicio:DATE#,#fechafin:DATE#,#monto#,#porcentaje#,#descripcion#) }
	</procedure>
	
	<procedure id="traerFichaConsulta" parameterClass="java.util.HashMap" resultMap="fichaConsulta">
		{ CALL Sp_FichaConsulta(#opcion:NUMERIC#,#nroreclamo:NUMERIC#,#codtiporeclamo:NUMERIC#,#codestado:NUMERIC#,#rutcliente:NUMERIC#,#fechainicio:DATE#,#fechafin:DATE#,#codarea:NUMERIC#,#gestionador:NUMERIC#) }
	</procedure>
	
	<procedure id="traerDatosReclamos" parameterClass="java.util.HashMap" resultMap="datosReclamos">
		{ CALL Sp_FichaConsulta(#opcion:NUMERIC#,#nroreclamo:NUMERIC#) }
	</procedure>
	
	<procedure id="devuelveEstadoMant" parameterClass="java.util.HashMap" resultMap="estadoMant">
		{ CALL Sp_DevuelveEstadoMant() }
	</procedure>
	
	<procedure id="devuelveReclamos" parameterClass="java.util.HashMap" resultMap="reclamo">
		{ CALL Sp_Reclamo(#opcion:NUMERIC#) }
	</procedure>	
	
	<procedure id="devuelveUnReclamo" parameterClass="java.util.HashMap" resultMap="reclamo">
		{ CALL Sp_Reclamo(#opcion:NUMERIC#,#numeroreclamo:NUMERIC#) }
	</procedure>
	
	<procedure id="agregaReclamo" parameterClass="java.util.HashMap" resultMap="reclamo">
		{ CALL Sp_Reclamo(#opcion#,#numeroReclamo#,#canal#,#rutUsuario#,#dvUsuario#,#rutCompania#,#codigoTipoReclamo#,#estado#,#rutCliente#,#dvCliente#,#descripcionReclamo#,#rutEjecutivo#,#dvEjecutivo#,#nombreCliente#,#apellidoPaternoCliente#,#apellidoMaternoCliente#,#mailCliente#,#telefonoCliente#,#movilCliente#,#direccionCliente#,#uypEjecutivo#,#nombreCompletoEjecutivo#,#correoEjecutivo#,#codigoSucursalEjecutivo#,#nombreSucursalEjecutivo#,#codigoRegionEjecutivo#,#nombreRegionEjecutivo#,#codigoCargoEjecutivo#,#nombreCargoEjecutivo#,#fechaEstimada:DATE#) }
	</procedure>
	
	<procedure id="modificaReclamo" parameterClass="java.util.HashMap">
		{ CALL Sp_Reclamo(#opcion#,#numeroReclamo#,#canal#,#rutUsuario#,#dvUsuario#,#rutCompania#,#codigoTipoReclamo#,#estado#,#rutCliente#,#dvCliente#,#descripcionReclamo#,#rutEjecutivo#,#dvEjecutivo#,#nombreCliente#,#apellidoPaternoCliente#,#apellidoMaternoCliente#,#mailCliente#,#telefonoCliente#,#movilCliente#,#direccionCliente#,#uypEjecutivo#,#nombreCompletoEjecutivo#,#correoEjecutivo#,#codigoSucursalEjecutivo#,#nombreSucursalEjecutivo#,#codigoRegionEjecutivo#,#nombreRegionEjecutivo#,#codigoCargoEjecutivo#,#nombreCargoEjecutivo#) }
	</procedure>	
	
	<procedure id="devuelveAdjuntos" parameterClass="java.util.HashMap" resultMap="adjuntos">
		{ CALL Sp_FichaConsulta(#opcion:NUMERIC#,#numeroReclamo:NUMERIC#) }
	</procedure>	

	<procedure id="agregarAdjunto" parameterClass="java.util.HashMap">
		{ CALL Sp_Adjuntos(#opcion:NUMERIC#,#idAdjunto:NUMERIC#,#numeroReclamo:NUMERIC#,#nombreArchivo:VARCHAR#,#fechaIngreso:DATE#,#rutUsuario:NUMERIC#) }
	</procedure>

	<procedure id="devuelveDatosHistoricos" parameterClass="java.util.HashMap" resultMap="datosHistoricos">
		{ CALL Sp_FichaConsulta(#opcion:NUMERIC#,#numeroReclamo:NUMERIC#) }
	</procedure>

	<procedure id="agregaResolucion" parameterClass="java.util.HashMap">
		{ CALL Sp_EventoReclamo(#opcion#,#numeroReclamo#,#codigoResolucion#,#codigoEtapa#,#observacion#,#rutResponsable#,#usuarioIngreso#)}
	</procedure>

	<procedure id="devuelveConsultaAnular" parameterClass="java.util.HashMap" resultMap="consultaReclamo">
		{ CALL Sp_FichaConsulta(#opcion:NUMERIC#,#numeroReclamo:NUMERIC#,#codigoTipoReclamo:NUMERIC#,#estado:NUMERIC#,#rutCliente:NUMERIC#,#fechaDesde:DATE#,#fechaHasta:DATE#,#codigoArea:NUMERIC#,#usuarioIngreso:NUMERIC#)}
	</procedure>

	<procedure id="anulaReclamo" parameterClass="java.util.HashMap">
		{ CALL Sp_EventoReclamo(#opcion#,#numeroReclamo#,#codigoResolucion#,#codigoEtapa#,#observacion#,#rutResponsable#,#usuarioIngreso#)}
	</procedure>

	<procedure id="devuelveConsultaAceptar" parameterClass="java.util.HashMap" resultMap="consultaReclamo">
		{ CALL Sp_FichaConsulta(#opcion:NUMERIC#,#numeroReclamo:NUMERIC#,#codigoTipoReclamo:NUMERIC#,#estado:NUMERIC#,#rutCliente:NUMERIC#,#fechaDesde:DATE#,#fechaHasta:DATE#,#codigoArea:NUMERIC#)}
	</procedure>

	<procedure id="aceptaReclamo" parameterClass="java.util.HashMap">
		{ CALL Sp_EventoReclamo(#opcion#,#numeroReclamo#,#codigoResolucion#,#codigoEtapa#,#observacion#,#rutResponsable#,#usuarioIngreso#,0,0,#numeroDiasLlamado:NUMERIC#)}
	</procedure>

	<procedure id="devuelveTipoResolucionActivas" parameterClass="java.util.HashMap" resultMap="mantenedorTipoResolucion">
		{ CALL Sp_MantenedorTipoResolucion(#opcion:NUMERIC#) }
	</procedure>

	<procedure id="devuelveConsultaAprobar" parameterClass="java.util.HashMap" resultMap="consultaReclamo">
		{ CALL Sp_FichaConsulta(#opcion:NUMERIC#,#numeroReclamo:NUMERIC#,#codigoTipoReclamo:NUMERIC#,#estado:NUMERIC#,#rutCliente:NUMERIC#,#fechaDesde:DATE#,#fechaHasta:DATE#,#codigoArea:NUMERIC#,#gestionador:NUMERIC#)}
	</procedure>

	<procedure id="devuelveGestionadores" parameterClass="java.util.HashMap" resultMap="usuario">
		{ CALL Sp_MantenedorUsuarios(#opcion:NUMERIC#) }
	</procedure>

	<procedure id="rechazaReclamo" parameterClass="java.util.HashMap">
		{ CALL Sp_EventoReclamo(#opcion#,#numeroReclamo#,#codigoResolucion#,#codigoEtapa#,#observacion#,#rutResponsable#,#usuarioIngreso#)}
	</procedure>

	<procedure id="apruebaReclamo" parameterClass="java.util.HashMap">
		{ CALL Sp_EventoReclamo(#opcion#,#numeroReclamo#,#codigoResolucion#,#codigoEtapa#,#observacion#,#rutResponsable#,#usuarioIngreso#,0,#codigoArea:NUMERIC#,#numeroDiasResolucion:NUMERIC#)}
	</procedure>

	<procedure id="devuelveConsultaGestion" parameterClass="java.util.HashMap" resultMap="consultaReclamo">
		{ CALL Sp_FichaConsulta(#opcion:NUMERIC#,#numeroReclamo:NUMERIC#,#codigoTipoReclamo:NUMERIC#,#estado:NUMERIC#,#rutCliente:NUMERIC#,#fechaDesde:DATE#,#fechaHasta:DATE#,#codigoArea:NUMERIC#,#usuarioIngreso:NUMERIC#)}
	</procedure>

	<procedure id="devuelveConsultaAsignar" parameterClass="java.util.HashMap" resultMap="consultaReclamo">
		{ CALL Sp_FichaConsulta(#opcion:NUMERIC#) }
	</procedure>

	<procedure id="asignaReclamo" parameterClass="java.util.HashMap">
		{ CALL Sp_EventoReclamo(#opcion#,#numeroReclamo#,#codigoResolucion#,#codigoEtapa#,#observacion#,#rutResponsable#,#usuarioIngreso#)}
	</procedure>

	<procedure id="reasignaReclamo" parameterClass="java.util.HashMap">
		{ CALL Sp_EventoReclamo(#opcion#,#numeroReclamo#,#codigoResolucion#,#codigoEtapa#,#observacion#,#rutResponsable#,#usuarioIngreso#)}
	</procedure>

	<procedure id="devuelveConsultaReasignar" parameterClass="java.util.HashMap" resultMap="consultaReasignar">
		{ CALL Sp_FichaConsulta(#opcion:NUMERIC#,#responsable:NUMERIC#) }
	</procedure>

	<procedure id="devuelveUsuarios" parameterClass="java.util.HashMap" resultMap="usuario">
		{ CALL Sp_MantenedorUsuarios(#opcion:NUMERIC#) }
	</procedure>

	<procedure id="devuelvePerfiles" parameterClass="java.util.HashMap" resultMap="perfiles">
		{ CALL Sp_MantenedorUsuarios(#opcion:NUMERIC#) }
	</procedure>

	<procedure id="agregaUsuario" parameterClass="java.util.HashMap">
		{ CALL Sp_MantenedorUsuarios(#opcion#,#rutUsuario#,#dvUsuario#,#codigoPerfil#,#nombre#,#apellidoPaterno#,#apellidoMaterno#,#login#,#mail#,#estado#)}
	</procedure>

	<procedure id="devuelveCanales" parameterClass="java.util.HashMap" resultMap="canales">
		{ CALL Sp_MantenedorCanal(#opcion:NUMERIC#)}
	</procedure>

	<procedure id="agregaCanal" parameterClass="java.util.HashMap">
		{ CALL Sp_MantenedorCanal(#opcion#,#codigo#,#descripcion#,#estado#)}
	</procedure>

	<procedure id="traerInformeDiario" parameterClass="java.util.HashMap" resultMap="informeDiario">
		{ CALL Sp_InformeDiario(#codarea:NUMERIC#,#codtipo:NUMERIC#,#estado:NUMERIC#,#ejecutivo:NUMERIC#,#fechaingreso:DATE#) }
	</procedure>
	
	<procedure id="traerCanalesActivos" parameterClass="java.util.HashMap" resultMap="canal">
		{ CALL Sp_MantenedorCanal(#opcion:NUMERIC#) }
	</procedure>
	
	<procedure id="gestionaReclamo" parameterClass="java.util.HashMap" >
		{ CALL Sp_EventoReclamo(#opcion#,#nroreclamo#,#codresolucion#,#codetapa#,#observacion#,#responsable#,#rutingreso#) }
	</procedure>
	
	<procedure id="guardaEventoReclamo" parameterClass="java.util.HashMap" >
		{ CALL Sp_EventoReclamo(#opcion#,#nroreclamo#,#codresolucion#,#codetapa#,#observacion#,#responsable#,#rutingreso#,#responsablecomp#,#areacompania#) }
	</procedure>
	
	<procedure id="traerResponsables" parameterClass="java.util.HashMap" resultMap="responsableCompania">
		{ CALL Sp_FichaGestion(#opcion:NUMERIC#,#rutcompania:NUMERIC#) }
	</procedure>
	
	<procedure id="traerTipoObservacion" parameterClass="java.util.HashMap" resultMap="tipoObservacion">
		{ CALL Sp_FichaGestion(#opcion:NUMERIC#) }
	</procedure>

	<procedure id="ejecutaResponsableArea" parameterClass="java.util.HashMap">
		{ CALL Sp_MantenedorResponsableComp(#opcion:NUMERIC#,#rutresponsable:NUMERIC#,#dvresponsable:VARCHAR#,#rutcompania:NUMERIC#,#nombre:VARCHAR#,#apepaterno:VARCHAR#,#apematerno:VARCHAR#,#correo:VARCHAR#,#telefono:VARCHAR#,#telefonomovil:VARCHAR#,#codigoarea:NUMERIC#) }
	</procedure>
	
	<procedure id="traerAreasAsociadaResponsable" parameterClass="java.util.HashMap" resultMap="areaAsignada">
		{ CALL Sp_MantenedorResponsableComp(#opcion:NUMERIC#,#rutresponsable:NUMERIC#,#rutcompania:NUMERIC#,#nombre:VARCHAR#,#apepaterno:VARCHAR#,#apematerno:VARCHAR#,#correo:VARCHAR#,#telefono:VARCHAR#,#telefonomovil:VARCHAR#,#codigoarea:NUMERIC#) }
	</procedure>
	
	<procedure id="traerResponsablesCompania" parameterClass="java.util.HashMap" resultMap="responsableCompania">
		{ CALL Sp_MantenedorResponsableComp(#opcion:NUMERIC#) }
	</procedure>
	
	<procedure id="ejecutaMantenedorAreaCompania" parameterClass="java.util.HashMap">
		{ CALL Sp_MantenedorAreaCompania(#opcion#,#codarea#,#descripcion#,#estado#) }
	</procedure>
	
	<procedure id="traerAreaCompania" parameterClass="java.util.HashMap" resultMap="areaCompania">
		{ CALL Sp_MantenedorAreaCompania(#opcion:NUMERIC#) }
	</procedure>

	<procedure id="devuelveAgnosReclamosXCompania" parameterClass="java.util.HashMap" resultMap="agnosInformes">
		{ CALL Sp_InformeRecXCompania(#opcion:NUMERIC#) }
	</procedure>

	<procedure id="devuelveAgnosResultadoLLamados" parameterClass="java.util.HashMap" resultMap="agnosInformes">
		{ CALL Sp_InformeResultadoLlamado(#opcion:NUMERIC#) }
	</procedure>

	<procedure id="devuelveAgnosAreas" parameterClass="java.util.HashMap" resultMap="agnosInformes">
		{ CALL Sp_InformeAreas(#opcion:NUMERIC#) }
	</procedure>
	
	<procedure id="devuelveAgnosTipoReclamo" parameterClass="java.util.HashMap" resultMap="agnosInformes">
		{ CALL Sp_InformeTipoReclamo(#opcion:NUMERIC#) }
	</procedure>
	
	<procedure id="devuelveAgnosCanales" parameterClass="java.util.HashMap" resultMap="agnosInformes">
		{ CALL Sp_InformeCanales(#opcion:NUMERIC#) }
	</procedure>

	<procedure id="devuelveAgnosTiempoResolucion" parameterClass="java.util.HashMap" resultMap="agnosInformes">
		{ CALL Sp_InformeTiempoResolucion(#opcion:NUMERIC#) }
	</procedure>

	<procedure id="devuelveAgnosRegional" parameterClass="java.util.HashMap" resultMap="agnosInformes">
		{ CALL Sp_InformeRegional(#opcion:NUMERIC#) }
	</procedure>

	<procedure id="devuelveAgnosTiempoLlamado" parameterClass="java.util.HashMap" resultMap="agnosInformes">
		{ CALL Sp_InformeTiempoLlamado(#opcion:NUMERIC#) }
	</procedure>

	<procedure id="devuelveAgnosTiempoCarta" parameterClass="java.util.HashMap" resultMap="agnosInformes">
		{ CALL Sp_InformeTiempoCarta(#opcion:NUMERIC#) }
	</procedure>

	<procedure id="traerInformeReclamosXCompania" parameterClass="java.util.HashMap" resultMap="informeReclamosXCompania">
		{ CALL Sp_InformeRecXCompania(#opcion:NUMERIC#,#agno:NUMERIC#) }
	</procedure>

	<procedure id="traerDetalleReclamosXCompania" parameterClass="java.util.HashMap" resultMap="detalleReclamosXCompania">
		{ CALL Sp_InformeRecXCompania(#opcion:NUMERIC#,#agno:NUMERIC#) }
	</procedure>

	<procedure id="traerInformeGestionGlobal" parameterClass="java.util.HashMap" resultMap="informeGestionGlobal">
		{ CALL Sp_InformeGestionGlobal(#opcion:NUMERIC#) }
	</procedure>

	<procedure id="traerDetalleGestionGlobal" parameterClass="java.util.HashMap" resultMap="detalleGestionGlobal">
		{ CALL Sp_InformeGestionGlobal(#opcion:NUMERIC#,#agno:NUMERIC#) }
	</procedure>

	<procedure id="traerInformeCumplimiento" parameterClass="java.util.HashMap" resultMap="informeCumplimiento">
		{ CALL Sp_InformeCumplimiento(#opcion:NUMERIC#,#agno:NUMERIC#) }
	</procedure>

	<procedure id="traerDetalleCumplimiento" parameterClass="java.util.HashMap" resultMap="detalleCumplimiento">
		{ CALL Sp_InformeCumplimiento(#opcion:NUMERIC#,#agno:NUMERIC#) }
	</procedure>

	<procedure id="traerInformeResultadoLlamado" parameterClass="java.util.HashMap" resultMap="informeResultadoLlamados">
		{ CALL Sp_InformeResultadoLlamado(#opcion:NUMERIC#,#agno:NUMERIC#) }
	</procedure>

	<procedure id="traerDetalleResultadoLlamados" parameterClass="java.util.HashMap" resultMap="detalleResultadoLlamados">
		{ CALL Sp_InformeResultadoLlamado(#opcion:NUMERIC#,#agno:NUMERIC#) }
	</procedure>

	<procedure id="traerInformeArea" parameterClass="java.util.HashMap" resultMap="informeArea">
		{ CALL Sp_InformeAreas(#opcion:NUMERIC#,#agno:NUMERIC#) }
	</procedure>

	<procedure id="traerDetalleArea" parameterClass="java.util.HashMap" resultMap="detalleArea">
		{ CALL Sp_InformeAreas(#opcion:NUMERIC#,#agno:NUMERIC#) }
	</procedure>

	<procedure id="traerInformeTipoReclamo" parameterClass="java.util.HashMap" resultMap="informeTipoReclamo">
		{ CALL Sp_InformeTipoReclamo(#opcion:NUMERIC#,#agno:NUMERIC#,#area:NUMERIC#) }
	</procedure>

	<procedure id="traerDetalleTipoReclamo" parameterClass="java.util.HashMap" resultMap="detalleTipoReclamo">
		{ CALL Sp_InformeTipoReclamo(#opcion:NUMERIC#,#agno:NUMERIC#,#area:NUMERIC#,#orden:VARCHAR#) }
	</procedure>

	<procedure id="traerInformeCanales" parameterClass="java.util.HashMap" resultMap="informeCanales">
		{ CALL Sp_InformeCanales(#opcion:NUMERIC#,#agno:NUMERIC#) }
	</procedure>

	<procedure id="traerDetalleCanales" parameterClass="java.util.HashMap" resultMap="detalleCanales">
		{ CALL Sp_InformeCanales(#opcion:NUMERIC#,#agno:NUMERIC#) }
	</procedure>

	<procedure id="traerInformeTiempoResolucion" parameterClass="java.util.HashMap" resultMap="informeTiempoResolucion">
		{ CALL Sp_InformeTiempoResolucion(#opcion:NUMERIC#,#agno:NUMERIC#,#mes:NUMERIC#) }
	</procedure>

	<procedure id="traerDetalleTiempoResolucion" parameterClass="java.util.HashMap" resultMap="detalleTiempoResolucion">
		{ CALL Sp_InformeTiempoResolucion(#opcion:NUMERIC#,#agno:NUMERIC#,#mes:NUMERIC#,#rutGestionador:NUMERIC#) }
	</procedure>

	<procedure id="traerMeses" parameterClass="java.util.HashMap" resultMap="mesesInformes">
		{ CALL Sp_InformeTiempoResolucion(#opcion:NUMERIC#) }
	</procedure>

	<procedure id="traerInformeTiempoLlamado" parameterClass="java.util.HashMap" resultMap="informeTiempoLlamado">
		{ CALL Sp_InformeTiempoLlamado(#opcion:NUMERIC#,#agno:NUMERIC#) }
	</procedure>

	<procedure id="traerInformeRegional" parameterClass="java.util.HashMap" resultMap="informeRegional">
		{ CALL Sp_InformeRegional(#opcion:NUMERIC#,#agno:NUMERIC#) }
	</procedure>

	<procedure id="rechazaAsignacion" parameterClass="java.util.HashMap" >
		{ CALL Sp_EventoReclamo(#opcion#,#nroreclamo#,#codresolucion#,#codetapa#,#observacion#,#responsable#,#rutingreso#) }
	</procedure>

	<procedure id="traerFichaCartas" parameterClass="java.util.HashMap" resultMap="fichaConsulta">
		{ CALL Sp_FichaConsulta(#opcion:NUMERIC#,#nroreclamo:NUMERIC#,#codtiporeclamo:NUMERIC#,#codestado:NUMERIC#,#rutcliente:NUMERIC#,#fechainicio:DATE#,#fechafin:DATE#,#codarea:NUMERIC#,#gestionador:NUMERIC#) }
	</procedure>

	<procedure id="envioDeCarta" parameterClass="java.util.HashMap">
		{ CALL Sp_EventoReclamo(#opcion#,#numeroReclamo#,#codigoResolucion#,#codigoEtapa#,#observacion#,#rutResponsable#,#usuarioIngreso#,0,0,#numeroDias:NUMERIC#)}
	</procedure>

	<procedure id="traerInformeTiempoCarta" parameterClass="java.util.HashMap" resultMap="informeTiempoCarta">
		{ CALL Sp_InformeTiempoCarta(#opcion:NUMERIC#,#agno:NUMERIC#) }
	</procedure>

	<procedure id="eliminaCarta" parameterClass="java.util.HashMap">
		{ CALL Sp_MantenedorCarta(#opcion:NUMERIC#) }
	</procedure>

	<procedure id="agregaCarta" parameterClass="java.util.HashMap">
		{ CALL Sp_MantenedorCarta(#opcion:NUMERIC#,#texto:VARCHAR#) }
	</procedure>
	
	<procedure id="devuelveDatosCorreo" parameterClass="java.util.HashMap" resultMap="datosCorreo">
		{ CALL Sp_InformacionCorreo(#opcion:NUMERIC#,#numeroReclamo:NUMERIC#) }
	</procedure>	

	<procedure id="devuelveCarta" parameterClass="java.util.HashMap" resultMap="traerCarta">
		{ CALL Sp_MantenedorCarta(#opcion:NUMERIC#) }
	</procedure>

	<procedure id="devuelveCartaReclamo" parameterClass="java.util.HashMap" resultMap="traerCarta">
		{ CALL Sp_MantenedorCarta(#opcion:NUMERIC#,#texto:VARCHAR#,#numeroReclamo:NUMERIC#) }
	</procedure>	
</sqlMap>