<?xml version="1.0" encoding="UTF-8" ?>

<!DOCTYPE sqlMap      
    PUBLIC "-//ibatis.apache.org//DTD SQL Map 2.0//EN"      
    "http://ibatis.apache.org/dtd/sql-map-2.dtd">
	 
<sqlMap namespace="bancrt.procedimientosAlmacenados">	

    <parameterMap id="setInsertarDatoCCE" class="java.util.HashMap">
		<parameter property="cnv_num"			jdbcType="VARCHAR" javaType="String" />
		<parameter property="emp_num_rut"		jdbcType="VARCHAR" javaType="String" />
		<parameter property="emp_vrt_rut"		jdbcType="VARCHAR" javaType="String" />
		<parameter property="cec_num_cta"		jdbcType="VARCHAR" javaType="String" />
		<parameter property="cce_fmt_fec"		jdbcType="VARCHAR" javaType="String" />
        <parameter property="cce_acu_fre"		jdbcType="VARCHAR" javaType="String" />
		<parameter property="cce_fre_dia"		jdbcType="VARCHAR" javaType="String" />
		<parameter property="cce_fre_sem"		jdbcType="VARCHAR" javaType="String" />
		<parameter property="cce_fre_qnl"		jdbcType="VARCHAR" javaType="String" />
		<parameter property="cce_fre_msl"		jdbcType="VARCHAR" javaType="String" />
		<parameter property="cce_acm_dia"		jdbcType="NUMERIC" javaType="integer" />
		<parameter property="cce_acm_sem"		jdbcType="NUMERIC" javaType="integer" />
		<parameter property="cce_acm_qnl"       jdbcType="NUMERIC" javaType="integer" />
		<parameter property="cce_acm_msl"		jdbcType="NUMERIC" javaType="integer" />
		<parameter property="cce_tip_via"		jdbcType="VARCHAR" javaType="String" />
		<parameter property="cce_num_fol"		jdbcType="NUMERIC" javaType="integer" />
		<parameter property="cce_fmt_rec"		jdbcType="VARCHAR" javaType="String" />
		<parameter property="cce_fmt_pac"		jdbcType="VARCHAR" javaType="String" />
		<parameter property="cce_ind_ofi"		jdbcType="VARCHAR" javaType="String" />
	</parameterMap>
    <!-- InsertCCE (@cnv_num char(10), @emp_num_rut char(12), @emp_vrt_rut char(1), @cec_num_cta char(12),
         		    @cce_fmt_fec char(1), @cce_acu_fre char(1), @cce_fre_dia char(1), @cce_fre_sem char(1),
		            @cce_fre_qnl char(1),
		   @cce_fre_msl     char   (1),
		   @cce_acm_dia     int,
		   @cce_acm_sem     int,
		   @cce_acm_qnl     int,
		   @cce_acm_msl     int,
		   @cce_tip_via     char   (5),
		   @cce_num_fol     int,
		   @cce_fmt_rec	    char   (1),
		   @cce_fmt_pac	    char   (1),
		   @cce_ind_ofi     char   (1)
		  )-->
	<procedure id="insertarDatoCCE" parameterMap="setInsertarDatoCCE" resultClass="java.util.HashMap">
		 {CALL InsertCCE (?, ?, ?, ?, ?, ?, ?, ?, ?, ?, ?, ?, ?, ?, ?, ?, ?, ?, ?)}
		<!-- {CALL InsertCCE (#cnv_num#, #emp_num_rut#, #emp_vrt_rut#, #cec_num_cta#, #cce_fmt_fec#, #cce_acu_fre#, #cce_fre_dia#, #cce_fre_sem#, #cce_fre_qnl#, #cce_fre_msl#, #cce_acm_dia#, #cce_acm_sem#, #cce_acm_qnl#, #cce_acm_msl#, #cce_tip_via#, #cce_num_fol#, #cce_fmt_rec#, #cce_fmt_pac#, #cce_ind_ofi#)}-->
	</procedure>



    <parameterMap id="setEliminarCtaMarcadasCCE" class="java.util.HashMap">
		<parameter property="p_cnv_num"			jdbcType="VARCHAR" javaType="String" />
		<parameter property="p_emp_num_rut"		jdbcType="VARCHAR" javaType="String" />
		<parameter property="p_cec_num_cta"		jdbcType="VARCHAR" javaType="String" />
	</parameterMap>
	<resultMap id="getEliminarCtaMarcadasCCE" class="java.util.HashMap">
		<result  property="resultado" jdbcType="VARCHAR"  javaType="String" />
	</resultMap>
	<!-- sp_CEII_elimina_ctas_marc_CCE (@p_cnv_num char(10), @p_emp_num_rut char(12), @p_cec_num_cta char(12)) -->
    <procedure id="eliminarCtaMarcadasCCE" parameterMap="setEliminarCtaMarcadasCCE" resultMap="getEliminarCtaMarcadasCCE">
		 {CALL sp_CEII_elimina_ctas_marc_CCE (?, ?, ?)}
	</procedure>


	<!--
		sp_CEII_actualizarCartolaERP (	@cerpfmtfec char(1), @cerpacufre char(1), @cerpfredia char(1),
	                                 	@cerpfresem char(1), @cerpfreqnc char(1), @cerpfremns char(1),
									 	@cerpindofi char(1), @cnvnum char (10), @empnumrut char(12),
									 	@cecnumcta char(12)) 
	-->
	<parameterMap id="setActualizarCartolaERP" 	class="java.util.HashMap">
		<parameter property="p_cerpfmtfec"			jdbcType="VARCHAR" javaType="String" />
		<parameter property="p_cerpacufre"			jdbcType="VARCHAR" javaType="String" />
		<parameter property="p_cerpfredia"			jdbcType="VARCHAR" javaType="String" />
		<parameter property="p_cerpfresem"			jdbcType="VARCHAR" javaType="String" />
		<parameter property="p_cerpfreqnc"			jdbcType="VARCHAR" javaType="String" />
		<parameter property="p_cerpfremns"			jdbcType="VARCHAR" javaType="String" />
		<parameter property="p_cerpindofi"			jdbcType="VARCHAR" javaType="String" />
		<parameter property="p_cnvnum"				jdbcType="VARCHAR" javaType="String" />
		<parameter property="p_empnumrut"			jdbcType="VARCHAR" javaType="String" />
		<parameter property="p_cecnumcta"			jdbcType="VARCHAR" javaType="String" />
	</parameterMap>
	
	<resultMap id="getActualizarCartolaERP" class="java.util.HashMap">
		<result  property="estado" 	jdbcType="VARCHAR"  javaType="String" />
		<result  property="mensaje" jdbcType="VARCHAR"  javaType="String" />
	</resultMap>
	
    <procedure id="actualizarCartolaERP" parameterMap="setActualizarCartolaERP" resultMap="getActualizarCartolaERP">
		 {CALL sp_CEII_actualizarCartolaERP (?, ?, ?, ?, ?, ?, ?, ?, ?, ?)}
	</procedure>
	
	
	<!--
		sp_CEII_obtenerCtasCartolaERP (@p_cnv_num char (10)    , 
                                       @p_emp_num_rut char (12))
	-->
	
	<parameterMap id="setObtenerCartolasERP" 	class="java.util.HashMap">
		<parameter property="p_cnvnum"				jdbcType="VARCHAR" javaType="String"  />
		<parameter property="p_empnumrut"			jdbcType="VARCHAR" javaType="String" />
	</parameterMap>
		
	<resultMap id="getObtenerCartolasERP" class="java.util.HashMap">
		<result  property="cec_num_cta" 	jdbcType="VARCHAR"  javaType="String" />
		<result  property="cerp_fmt_fec" 	jdbcType="VARCHAR"  javaType="String" />
		<result  property="cerp_acu_fre" 	jdbcType="VARCHAR"  javaType="String" />
		<result  property="cerp_fre_dia" 	jdbcType="VARCHAR"  javaType="String" />
		<result  property="cerp_fre_sem" 	jdbcType="VARCHAR"  javaType="String" />
		<result  property="cerp_fre_qnl" 	jdbcType="VARCHAR"  javaType="String" />
		<result  property="cerp_fre_msl" 	jdbcType="VARCHAR"  javaType="String" />
		<result  property="cerp_ind_ofi" 	jdbcType="VARCHAR"  javaType="String" />
	</resultMap>

    <procedure id="obtenerCartolasERP" parameterMap="setObtenerCartolasERP" resultMap="getObtenerCartolasERP">
		 {CALL sp_CEII_obtenerCtasCartolaERP (?, ?)}
	</procedure>
			   
    
</sqlMap>	


