<?xml version="1.0" encoding="UTF-8" ?>

<!DOCTYPE sqlMap      
    PUBLIC "-//ibatis.apache.org//DTD SQL Map 2.0//EN"      
    "http://ibatis.apache.org/dtd/sql-map-2.dtd">
	
<sqlMap namespace="opebcapriv.procedimientosAlmacenados">


    <!-- INICIO Cuaderno MiddleOfice-->
	
	<!--
			sp_MO_lista_atributos(@tipoDeDato     		varchar(2),
								  @clienteProducto		varchar(1)) 
	-->
	<resultMap id="getAtributos" class="java.util.HashMap">
		<result property="id" 						jdbcType="INTEGER"  javaType="java.lang.Integer"/>
		<result property="nombre"  					jdbcType="VARCHAR" 	javaType="java.lang.String"/>
		<result property="descripcion"      		jdbcType="VARCHAR" 	javaType="java.lang.String"/>
		<result property="idTipoDato"  				jdbcType="NUMERIC"  javaType="java.lang.Integer"/> 
		<result property="valorPorDefecto"  		jdbcType="VARCHAR" 	javaType="java.lang.String"/>
		<result property="clienteOProducto"  		jdbcType="CHAR" 	javaType="java.lang.String"/>
		<result property="nombreTipoDato"  			jdbcType="VARCHAR" 	javaType="java.lang.String"/>
          <result property="atr_ord"          jdbcType="NUMERIC" javaType="java.lang.Integer"/>
          <result property="atr_on_off"       jdbcType="NUMERIC" javaType="java.lang.Integer"/>		
	</resultMap>
	
	<parameterMap id="setAtributos" class="java.util.HashMap">
		<parameter property="tipoDeDato"			jdbcType="VARCHAR" javaType="java.lang.String" />
		<parameter property="clienteProducto"  		jdbcType="VARCHAR" javaType="java.lang.String" />
	</parameterMap>
	
    <procedure id="obtieneListaDeAtributos" parameterMap="setAtributos" resultMap="getAtributos">
		{CALL sp_MO_lista_atributos (?, ?)}
	</procedure>
	
	
	<!-- 
	          actualizar atributo tabla ATR
	    CREATE PROCEDURE dbo.sp_MO_actualiza_atributo(@p_id          numeric(18,0),
                                                         @p_nombre           varchar(30),
                                                         @p_descripcion   varchar(50),
                                                         @p_id_tipo_dato  int,
                                                         @p_valor_defecto varchar(100),
                                                         @p_cliente_producto varchar(1),
                                                                                          @p_orden_atr numeric(9),
                                                                                          @p_habilita_atr numeric(1))
	-->
	<parameterMap id="setActualizaAtributo" 	   class="java.util.HashMap">
		<parameter property="p_id" 			   jdbcType="NUMERIC" javaType="java.lang.Integer"/>
		<parameter property="p_nombre"		   jdbcType="VARCHAR" javaType="java.lang.String" />
		<parameter property="p_descripcion"  	   jdbcType="VARCHAR" javaType="java.lang.String" />
		<parameter property="p_id_tipo_dato" 	   jdbcType="INTEGER" javaType="java.lang.Integer"/>
		<parameter property="p_valor_defecto"  	   jdbcType="VARCHAR" javaType="java.lang.String" />
		<parameter property="p_cliente_producto"   jdbcType="VARCHAR" javaType="java.lang.String" />
		<parameter property="p_orden_atr"          jdbcType="NUMERIC" javaType="java.lang.Integer"/>
		<parameter property="p_habilita_atr"       jdbcType="NUMERIC" javaType="java.lang.Integer"/>
	</parameterMap>
	
	<resultMap id="getActualizaAtributo" class="java.util.HashMap">
		<result property="resultado" 	 jdbcType="INTEGER"  javaType="java.lang.Integer"/>
	</resultMap>

    <procedure id="actualizarAtributo" parameterMap="setActualizaAtributo" resultMap="getActualizaAtributo">
		{CALL sp_MO_actualiza_atributo (?, ?, ?, ?, ?, ?, ?, ?)}
	</procedure>
	

	<parameterMap id="setEliminaAtributo" 		class="java.util.HashMap">
		<parameter property="p_id" 	    jdbcType="NUMERIC" javaType="java.lang.Integer"/>
	</parameterMap>
	
	
	<resultMap id="getEliminaAtributo" class="java.util.HashMap">
		<result property="resultado" 	jdbcType="INTEGER"  javaType="java.lang.Integer"/>
	</resultMap>
	
	
	<procedure id="eliminarAtributo" parameterMap="setEliminaAtributo" resultMap="getEliminaAtributo">
		{CALL sp_MO_elimina_atributo (?)}
	</procedure>
	
	<!--
          CREATE PROCEDURE dbo.sp_MO_ingresa_atributo(  @p_id                   numeric(18,0),
                                                         @p_nombre                   varchar(30),
                                                         @p_descripcion         varchar(50),
                                                         @p_id_tipo_dato        int,
                                                         @p_valor_defecto       varchar(100),
                                                         @p_cliente_producto    varchar(1),
                                                                                          @p_orden_atr numeric(9),
                                                                                          @p_habilita_atr numeric(1))
	-->
	<!-- -->
	
	<parameterMap id="setInsertaAtributo" 		class="java.util.HashMap">
		<parameter property="p_id" 				jdbcType="NUMERIC" javaType="java.lang.Integer"/>
		<parameter property="p_nombre"			jdbcType="VARCHAR" javaType="java.lang.String" />
		<parameter property="p_descripcion"  		jdbcType="VARCHAR" javaType="java.lang.String" />
		<parameter property="p_id_tipo_dato" 		jdbcType="INTEGER" javaType="java.lang.Integer"/>
		<parameter property="p_valor_defecto"  		jdbcType="VARCHAR" javaType="java.lang.String" />
		<parameter property="p_cliente_producto"     jdbcType="VARCHAR" javaType="java.lang.String" />
          <parameter property="p_orden_atr"            jdbcType="NUMERIC" javaType="java.lang.Integer"/>
          <parameter property="p_habilita_atr"         jdbcType="NUMERIC" javaType="java.lang.Integer"/>		
	</parameterMap>
	
    <resultMap id="getInsertaAtributo" class="java.util.HashMap">
		<result property="resultado" 	jdbcType="INTEGER"  javaType="java.lang.Integer"/>
	</resultMap>
	
	<procedure id="ingresarAtributo" parameterMap="setInsertaAtributo" resultMap="getInsertaAtributo">
		{CALL sp_MO_ingresa_atributo (?, ?, ?, ?, ?, ?, ?, ?)}
	</procedure>

    <resultMap id="getTipoDeDato" 		class="java.util.HashMap">
		<result property="id" 			jdbcType="INTEGER"  javaType="java.lang.Integer"/>
		<result property="nombre"		jdbcType="VARCHAR" 	javaType="java.lang.String" />
	</resultMap>

	<procedure id="obtienelistaTiposDeDato"  resultMap="getTipoDeDato">
		{CALL sp_MO_lista_tiposDeDatos}
	</procedure>
	<!--
	CREATE PROCEDURE dbo.sp_MO_ingresar_atributocliente( @rut  numeric(10),
											  @dv varchar(1),
											  @atributo  numeric(18),
											  @valor varchar(1900))
	-->
	<parameterMap id="setInsertaAtributoCliente" 		class="java.util.HashMap">
		<parameter property="rut" 				jdbcType="NUMERIC" javaType="java.lang.Long"/>
		<parameter property="dv"  				jdbcType="VARCHAR" javaType="java.lang.String" />
		<parameter property="nombre"                 jdbcType="VARCHAR" javaType="java.lang.String" />
		<parameter property="apellidoPaterno"        jdbcType="VARCHAR" javaType="java.lang.String" />
		<parameter property="apellidoMaterno"        jdbcType="VARCHAR" javaType="java.lang.String" />
		<parameter property="banquero"               jdbcType="VARCHAR" javaType="java.lang.String" />
		<parameter property="atributo"			jdbcType="NUMERIC" javaType="java.lang.Integer"/>
		<parameter property="valor"  				jdbcType="VARCHAR" javaType="java.lang.String" />
	</parameterMap>
	
    <resultMap id="getInsertaAtributoCliente" class="java.util.HashMap">
		<result property="resultado" 	jdbcType="INTEGER"  javaType="java.lang.Integer"/>
	</resultMap>
	
	<procedure id="ingresarAtributoCliente" parameterMap="setInsertaAtributoCliente" resultMap="getInsertaAtributo">
		{CALL sp_MO_ingresar_atributocliente (?,?,?,?,?,?,?,?)}
	</procedure>
	
	<!--
			sp_MO_lista_atributoscliente(@rut numeric(10)) 
	-->
	<resultMap id="getAtributosCliente" class="java.util.HashMap">
		<result property="IdAtributo" 					jdbcType="NUMERIC"  javaType="java.lang.Integer"/>
		<result property="NombreAtributo"  				jdbcType="VARCHAR" 	javaType="java.lang.String"/>
		<result property="IdTipoDato"      		jdbcType="INTEGER" javaType="java.lang.Integer"/>
		<result property="ValorDefecto"      		jdbcType="VARCHAR" javaType="java.lang.String"/>
		<result property="ValorAtributo"  			jdbcType="VARCHAR"  javaType="java.lang.String"/> 
		<result property="NombreTipoDato"  				jdbcType="VARCHAR"  javaType="java.lang.String"/> 
		<result property="ordenAtributo"            jdbcType="NUMERIC" javaType="java.lang.Integer"/>
          <result property="activo"         jdbcType="NUMERIC" javaType="java.lang.Integer"/> 
	</resultMap>
	
	<parameterMap id="setAtributosCliente" class="java.util.HashMap">
		<parameter property="rut"			jdbcType="NUMERIC"  javaType="java.lang.Long"/>
	</parameterMap>
	
    <procedure id="obtieneListaDeAtributosCliente" parameterMap="setAtributosCliente" resultMap="getAtributosCliente">
		{CALL sp_MO_lista_atributoscliente (?)}
	</procedure>

	<!--
			sp_MO_modificar_atributocliente(@rut  numeric(10),
											  @atributo  numeric(18),
											  @valor varchar(1900)) 
	-->
	<parameterMap id="setModificarAtributoCliente" 		class="java.util.HashMap">
		<parameter property="rut" 			jdbcType="NUMERIC" javaType="java.lang.Long"/>
		<parameter property="dv"                jdbcType="VARCHAR" javaType="java.lang.String" />
          <parameter property="nombre"            jdbcType="VARCHAR" javaType="java.lang.String" />
          <parameter property="apellidoPaterno"   jdbcType="VARCHAR" javaType="java.lang.String" />
          <parameter property="apellidoMaterno"   jdbcType="VARCHAR" javaType="java.lang.String" />
          <parameter property="banquero"          jdbcType="VARCHAR" javaType="java.lang.String" />		
		<parameter property="atributo"		jdbcType="NUMERIC" javaType="java.lang.Integer"/>
		<parameter property="valor"  			jdbcType="VARCHAR" javaType="java.lang.String" />
	</parameterMap>
	
    <resultMap id="getModificarAtributoCliente" class="java.util.HashMap">
		<result property="resultado" 	jdbcType="INTEGER"  javaType="java.lang.Integer"/>
	</resultMap>
	
	<procedure id="modificarAtributoCliente" parameterMap="setModificarAtributoCliente" resultMap="getModificarAtributoCliente">
		{CALL sp_MO_mod_atributocliente(?,?,?,?,?,?,?,?)}
	</procedure>
	
	<!--
			sp_MO_lista_controles
	-->
	<resultMap id="getControles" class="java.util.HashMap">
		<result property="id" 						jdbcType="INTEGER"  javaType="java.lang.Integer"/>
		<result property="nombre"  					jdbcType="VARCHAR" 	javaType="java.lang.String"/>
		<result property="descripcion"      		jdbcType="VARCHAR" 	javaType="java.lang.String"/>
	</resultMap>
	
	
    <procedure id="obtieneListaDeControles" resultMap="getControles">
		{CALL sp_MO_lista_controles}
	</procedure>
	
	<!-- 
     CREATE PROCEDURE dbo.sp_MO_actualiza_control(@p_id          numeric(18,0),
                                                         @p_nombre           varchar(30),
                                                         @p_descripcion   varchar(50))
	-->
	<parameterMap id="setActualizaControl" 		class="java.util.HashMap">
		<parameter property="p_id" 			jdbcType="NUMERIC" javaType="java.lang.Integer"/>
		<parameter property="p_nombre"		jdbcType="VARCHAR" javaType="java.lang.String" />
		<parameter property="p_descripcion"  	jdbcType="VARCHAR" javaType="java.lang.String" />
	</parameterMap>
	
	<resultMap id="getActualizaControl" class="java.util.HashMap">
		<result property="resultado" 	 jdbcType="INTEGER"  javaType="java.lang.Integer"/>
	</resultMap>

    <procedure id="actualizarControl" parameterMap="setActualizaControl" resultMap="getActualizaControl">
		{CALL sp_MO_actualiza_control (?, ?, ?)}
	</procedure>
	
	<!--
		sp_MO_elimina_control(  @p_id numeric(18,0))
	-->
	<parameterMap id="setEliminaControl" 		class="java.util.HashMap">
		<parameter property="p_id" 	    jdbcType="NUMERIC" javaType="java.lang.Integer"/>
	</parameterMap>
	
	
	<resultMap id="getEliminaControl" class="java.util.HashMap">
		<result property="resultado" 	jdbcType="INTEGER"  javaType="java.lang.Integer"/>
	</resultMap>
	
	
	<procedure id="eliminarControl" parameterMap="setEliminaControl" resultMap="getEliminaControl">
		{CALL sp_MO_elimina_control (?)}
	</procedure>
	
	<!--
	CREATE PROCEDURE dbo.sp_MO_ingresa_control(  @p_id            numeric(18,0),
                                                         @p_nombre           varchar(30),
                                                         @p_descripcion   varchar(50))
	-->
	
	<parameterMap id="setInsertaControl" 		class="java.util.HashMap">
		<parameter property="p_id" 			jdbcType="NUMERIC" javaType="java.lang.Integer"/>
		<parameter property="p_nombre"		jdbcType="VARCHAR" javaType="java.lang.String" />
		<parameter property="p_descripcion"  	jdbcType="VARCHAR" javaType="java.lang.String" />
	</parameterMap>
	
    <resultMap id="getInsertaControl" class="java.util.HashMap">
		<result property="resultado" 	jdbcType="INTEGER"  javaType="java.lang.Integer"/>
	</resultMap>
	
	<procedure id="ingresarControl" parameterMap="setInsertaControl" resultMap="getInsertaControl">
		{CALL sp_MO_ingresa_control (?, ?, ?)}
	</procedure>
	
	
	<!-- esaez  Ingresa producto-->	
	<parameterMap id="setIngresaProducto" 		class="java.util.HashMap">
		<parameter property="p_id" 					jdbcType="NUMERIC" javaType="java.lang.Integer"/>
		<parameter property="p_nombre"				jdbcType="VARCHAR" javaType="java.lang.String" />
		<parameter property="p_descripcion"  		jdbcType="VARCHAR" javaType="java.lang.String" />
	</parameterMap>
	
	<resultMap id="getIngresaProducto" class="java.util.HashMap">
		<result property="resultado" 	jdbcType="INTEGER"  javaType="java.lang.Integer"/>
	</resultMap>
	
	<procedure id="ingresarProducto" parameterMap="setIngresaProducto" resultMap="getIngresaProducto">
		{CALL sp_MO_ingresa_producto (?, ?, ?)}
	</procedure>
	<!-- esaez -->

	<!-- esaez  actualiza producto-->	
	<parameterMap id="setActualizaProducto" 		class="java.util.HashMap">
		<parameter property="p_id" 					jdbcType="NUMERIC" javaType="java.lang.Integer"/>
		<parameter property="p_nombre"				jdbcType="VARCHAR" javaType="java.lang.String" />
		<parameter property="p_descripcion"  		jdbcType="VARCHAR" javaType="java.lang.String" />
	</parameterMap>
	
	<resultMap id="getActualizaProducto" class="java.util.HashMap">
		<result property="resultado" 	jdbcType="INTEGER"  javaType="java.lang.Integer"/>
	</resultMap>
	
	<procedure id="actualizaProducto" parameterMap="setIngresaProducto" resultMap="getIngresaProducto">
		{CALL sp_MO_actualiza_producto (?, ?, ?)}
	</procedure>
	<!-- esaez -->

	<!-- esaez Ingresa Atributo-Producto-->	
	<parameterMap id="setIngresaAtrPrd"		class="java.util.HashMap">
		<parameter property="p_pro_ide"		jdbcType="NUMERIC" javaType="java.lang.Integer"/>
		<parameter property="p_atr_ide"		jdbcType="NUMERIC" javaType="java.lang.Integer"/>
	</parameterMap>
	
	<resultMap id="getIngresaAtrPrd" class="java.util.HashMap">
		<result property="resultado" 	jdbcType="INTEGER"  javaType="java.lang.Integer"/>
	</resultMap>
	
	<procedure id="ingresarAtrPrd" parameterMap="setIngresaAtrPrd" resultMap="getIngresaAtrPrd">
		{ CALL sp_MO_ingresa_atr_pro (?, ?) }
	</procedure>
	<!-- esaez -->

	<!-- esaez Ingresa Control-Producto-->	
	<parameterMap id="setIngresaCtrPrd"		class="java.util.HashMap">
		<parameter property="p_pro_ide"		jdbcType="NUMERIC" javaType="java.lang.Integer"/>
		<parameter property="p_ctr_ide"	jdbcType="NUMERIC" javaType="java.lang.Integer"/>
	</parameterMap>
	
	<resultMap id="getIngresaCtrPrd" class="java.util.HashMap">
		<result property="resultado" 	jdbcType="INTEGER"  javaType="java.lang.Integer"/>
	</resultMap>
	
	<procedure id="ingresarCtrPrd" parameterMap="setIngresaCtrPrd" resultMap="getIngresaCtrPrd">
		{ CALL sp_MO_ingresa_ctr_pro (?, ?) }
	</procedure>
	<!-- esaez -->

	<!-- esaez Ingresa Tarea-->	
	<parameterMap id="setIngresaTarea"		class="java.util.HashMap">
		<parameter property="p_sol_ide"		jdbcType="NUMERIC" javaType="java.lang.Integer"/>
		<parameter property="p_tar_nom"		jdbcType="VARCHAR" javaType="java.lang.String"/>
		<parameter property="p_tar_fec_ctr"	jdbcType="Date" javaType="java.util.Date"/>
		<parameter property="p_tar_ok"		jdbcType="VARCHAR" javaType="java.lang.String"/>
		<parameter property="p_tar_usr"		jdbcType="VARCHAR" javaType="java.lang.String"/>
	</parameterMap>
	
	<resultMap id="getIngresaTarea" class="java.util.HashMap">
		<result property="resultado" 	jdbcType="INTEGER"  javaType="java.lang.Integer"/>
	</resultMap>
	
	<procedure id="ingresarTareas" parameterMap="setIngresaTarea" resultMap="getIngresaTarea">
		{ CALL sp_MO_ingresa_tarea (?, ?, ?, ?, ?) }
	</procedure>
	<!-- esaez -->

	<!-- esaez Obtiene lista de productos -->
	<resultMap id="getProductos" class="java.util.HashMap">
		<result property="id" 						jdbcType="INTEGER"  javaType="java.lang.Integer"/>
		<result property="nombre"  				jdbcType="VARCHAR" 	javaType="java.lang.String"/>
		<result property="descripcion"  				jdbcType="VARCHAR" 	javaType="java.lang.String"/>
	</resultMap>	
    <procedure id="obtieneListaDeProductos" resultMap="getProductos">
		{ CALL sp_MO_obtiene_productos }
	</procedure>
	<!-- esaez -->

	<!-- esaez Obtiene lista de atributos de un producto -->
	<parameterMap id="setAtrPrd"		class="java.util.HashMap">
		<parameter property="p_pro_ide"		jdbcType="NUMERIC" javaType="java.lang.Integer"/>		
	</parameterMap>
	<resultMap id="getAtrPrd" class="java.util.HashMap">
		<result property="id" 					jdbcType="INTEGER"  javaType="java.lang.Integer"/>
		<result property="nombre"  				jdbcType="VARCHAR" 	javaType="java.lang.String"/>
		<result property="nombreTipoDato"  				jdbcType="VARCHAR" 	javaType="java.lang.String"/>
          <result property="atr_ord"       jdbcType="NUMERIC" javaType="java.lang.Integer"/>
          <result property="atr_on_off"    jdbcType="NUMERIC" javaType="java.lang.Integer"/> 		
	</resultMap>	
    <procedure id="obtieneListaAtrPrd" parameterMap="setAtrPrd" resultMap="getAtrPrd">
		{ CALL sp_MO_obtiene_atr_prd(?) }
	</procedure>
	<!-- esaez -->

	<!-- esaez Obtiene lista de controles de un producto-->
	<parameterMap id="setCtrPrd"		class="java.util.HashMap">
		<parameter property="p_pro_ide"		jdbcType="NUMERIC" javaType="java.lang.Integer"/>		
	</parameterMap>
	<resultMap id="getCtrPrd" class="java.util.HashMap">
		<result property="id" 					jdbcType="INTEGER"  javaType="java.lang.Integer"/>
		<result property="nombre"  				jdbcType="VARCHAR" 	javaType="java.lang.String"/>
          <result property="ctr_ord"       jdbcType="NUMERIC" javaType="java.lang.Integer"/>
          <result property="ctr_on_off"    jdbcType="NUMERIC" javaType="java.lang.Integer"/>   		
	</resultMap>	
    <procedure id="obtieneListaCtrPrd" parameterMap="setCtrPrd" resultMap="getCtrPrd">
		{ CALL sp_MO_obtiene_ctr_prd (?) }
	</procedure> 
	<!-- esaez -->

	<!-- esaez Ingresa Solicitud-->
	<parameterMap id="setIngresaSolicitud"		class="java.util.HashMap">
		<parameter property="p_pro_ide"		jdbcType="NUMERIC" javaType="java.lang.Integer"/>
		<parameter property="p_cli_rut"		jdbcType="NUMERIC" javaType="java.lang.Long"/>
		<parameter property="p_cli_dv"		jdbcType="VARCHAR" javaType="java.lang.String"/>
		<parameter property="p_sol_fec"		jdbcType="Date" javaType="java.util.Date"/>
		<parameter property="p_sol_usr"		jdbcType="VARCHAR" javaType="java.lang.String"/>
	</parameterMap>
	
	<resultMap id="getIngresaSolicitud" class="java.util.HashMap">
		<result property="resultado" 	jdbcType="INTEGER"  javaType="java.lang.Integer"/>
	</resultMap>
	
	<procedure id="ingresarSolicitud" parameterMap="setIngresaSolicitud" resultMap="getIngresaSolicitud">
		{ CALL sp_MO_ingresa_solicitud (?, ?, ?, ?, ?) }
	</procedure>
	<!-- esaez -->

	<!-- esaez Ingresa Detalle Solicitud -->
	<parameterMap id="setIngresaDetalleSolicitud"		class="java.util.HashMap">
		<parameter property="p_atr_ide"		jdbcType="NUMERIC" javaType="java.lang.Integer"/>
		<parameter property="p_pro_ide"	jdbcType="NUMERIC" javaType="java.lang.Integer"/>
		<parameter property="p_sol_ide"		jdbcType="NUMERIC" javaType="java.lang.Integer"/>
		<parameter property="p_det_sol_val"	jdbcType="VARCHAR" javaType="String"/>
	</parameterMap>
	
	<resultMap id="getIngresaDetalleSolicitud" class="java.util.HashMap">
		<result property="resultado" 	jdbcType="INTEGER"  javaType="java.lang.Integer"/>
	</resultMap>
	
	<procedure id="ingresarDetalleSolicitud" parameterMap="setIngresaDetalleSolicitud" resultMap="getIngresaDetalleSolicitud">
		{ CALL sp_MO_ingresa_det_sol (?, ?, ?, ?) }
	</procedure>
	<!-- esaez -->

	<!-- esaez Ingresa Chk_Lst-->	
	<parameterMap id="setIngresaChkLst"		class="java.util.HashMap">
		<parameter property="p_pro_ide"		jdbcType="NUMERIC" javaType="java.lang.Integer"/>
		<parameter property="p_ctr_ide"	jdbcType="NUMERIC" javaType="java.lang.Integer"/>
		<parameter property="p_sol_ide"		jdbcType="NUMERIC" javaType="java.lang.Integer"/>
		<parameter property="p_sol_fec_ctr"	jdbcType="Date" javaType="Date"/>
		<parameter property="p_sol_chk_lst"	jdbcType="VARCHAR" javaType="String"/>
		<parameter property="p_chk_lst_usr"	jdbcType="VARCHAR" javaType="String"/>
	</parameterMap>
	
	<resultMap id="getIngresaChkLst" class="java.util.HashMap">
		<result property="resultado" 	jdbcType="INTEGER"  javaType="java.lang.Integer"/>
	</resultMap>
	
	<procedure id="ingresarChkLst" parameterMap="setIngresaChkLst" resultMap="getIngresaChkLst">
		{ CALL sp_MO_ingresa_chk_lst (?, ?, ?, ?, ?,?) }
	</procedure>
	<!-- esaez -->

	

	<!-- esaez Obtiene lista de valores de atributos de un producto -->
	<parameterMap id="setAtrPrdVal"		class="java.util.HashMap">		
		<parameter property="p_pro_ide"		jdbcType="NUMERIC" javaType="java.lang.Integer"/>
		<parameter property="p_sol_ide"		jdbcType="NUMERIC" javaType="java.lang.Integer"/>
	</parameterMap>
	<resultMap id="getAtrPrdVal" class="java.util.HashMap">
		<result property="id" 			jdbcType="INTEGER"  javaType="java.lang.Integer"/>
		<result property="nombre"  		jdbcType="VARCHAR" 	javaType="java.lang.String"/>
		<result property="nombreTipoDato"  jdbcType="VARCHAR" 	javaType="java.lang.String"/>
		<result property="valor"  		jdbcType="VARCHAR" 	javaType="java.lang.String"/>
          <result property="atr_ord"         jdbcType="INTEGER"  javaType="java.lang.Integer"/>
          <result property="atr_on_off"      jdbcType="INTEGER"  javaType="java.lang.Integer"/>   		
	</resultMap>	
    <procedure id="obtieneListaValAtrPrd" parameterMap="setAtrPrdVal" resultMap="getAtrPrdVal">
		{ CALL sp_MO_obtiene_val_atr_prd(?,?) }
	</procedure>
	<!-- esaez -->


<!-- esaez Obtiene lista de valores de controles de un producto -->
	<parameterMap id="setCtrPrdVal"		class="java.util.HashMap">		
		<parameter property="p_pro_ide"		jdbcType="NUMERIC" javaType="java.lang.Integer"/>
		<parameter property="p_sol_ide"		jdbcType="NUMERIC" javaType="java.lang.Integer"/>
	</parameterMap> 
	<resultMap id="getCtrPrdVal" class="java.util.HashMap">
		<result property="id" 					jdbcType="INTEGER"  javaType="java.lang.Integer"/>
		<result property="nombre"  				jdbcType="VARCHAR" 	javaType="java.lang.String"/>
		<result property="fecha"  				jdbcType="Date" 	javaType="Date"/>
		<result property="estado"  				jdbcType="VARCHAR" 	javaType="java.lang.String"/>
		<result property="usr"					jdbcType="VARCHAR"	javaType="java.lang.String"/>
          <result property="ctr_ord"       jdbcType="NUMERIC" javaType="java.lang.Integer"/>
          <result property="ctr_on_off"    jdbcType="NUMERIC" javaType="java.lang.Integer"/>  		
	</resultMap>	
    <procedure id="obtieneListaValCtrPrd" parameterMap="setCtrPrdVal" resultMap="getCtrPrdVal">
		{ CALL sp_MO_obtiene_val_ctr_prd(?,?) }
	</procedure>
	<!-- esaez -->
	
<!-- fvelasquez Obtiene lista de tareas -->
	<!--
	sp_MO_listar_tareas(	@rut NUMERIC,
												@fecha datetime,
												@fechaTermino    datetime,
												@producto varchar,
												@estado  varchar(20)
											)
	
	-->
	
	<parameterMap id="setListarTarea"		class="java.util.HashMap">
		<parameter property="rut"		jdbcType="NUMERIC" javaType="java.lang.Long"/>		
		<parameter property="estado"		jdbcType="VARCHAR" javaType="java.lang.String"/>
		<parameter property="fechaDesde"	jdbcType="Date" javaType="java.util.Date"/>
		<parameter property="fechaHasta"   jdbcType="Date" javaType="java.util.Date"/>
		<parameter property="producto"	jdbcType="NUMERIC" javaType="java.lang.Integer"/>
		<parameter property="actividad"    jdbcType="VARCHAR" javaType="java.lang.String"/>
	</parameterMap>
	<resultMap id="getListarTarea" class="java.util.HashMap">
		<result property="ide" 			jdbcType="NUMERIC"  javaType="java.lang.Integer"/>
		<result property="fec_ctr"  		jdbcType="Date" 	javaType="java.util.Date"/>
		<result property="ok"  			jdbcType="VARCHAR" 	javaType="java.lang.String"/>
		<result property="nombre"		jdbcType="VARCHAR" 	javaType="java.lang.String"/>
		<result property="cli_rut"		jdbcType="NUMERIC" 	javaType="java.lang.Long"/>
		<result property="cli_dv"		jdbcType="VARCHAR" 	javaType="java.lang.String"/>
		<result property="ejecutivo"		jdbcType="VARCHAR" 	javaType="java.lang.String"/>
		<result property="producto"		jdbcType="VARCHAR" 	javaType="java.lang.String"/>
		<result property="tipo"			jdbcType="VARCHAR" 	javaType="java.lang.String"/>
		<result property="ide_actividad"	jdbcType="INTEGER" 	javaType="java.lang.Integer"/>
		<result property="descripcion"     jdbcType="VARCHAR"  javaType="java.lang.String"/>
		
	</resultMap>	
    <procedure id="obtieneListaDeTareas" parameterMap="setListarTarea" resultMap="getListarTarea">
		{ CALL sp_MO_listar_tareas(?,?,?,?,?,?) }
	</procedure>
	<!-- fvelasquez -->
	
	<parameterMap id="setSolicitudGuardada" 		class="java.util.HashMap">
		<parameter property="idSolicitud" 	    jdbcType="NUMERIC" javaType="java.lang.Integer"/>
	</parameterMap>
	<resultMap id="getSolicitudGuardada" class="java.util.HashMap">
		<result property="fec_cre" 	jdbcType="Date"  javaType="java.util.Date"/>
		<result property="cli_rut" 	jdbcType="NUMERIC"  javaType="java.lang.Long"/>
		<result property="pro_nom" 	jdbcType="VARCHAR"  javaType="java.lang.String"/>
		<result property="pro_ide" 	jdbcType="NUMERIC"  javaType="java.lang.Integer"/>
	</resultMap>
	<procedure id="solicitudGuardada" parameterMap="setSolicitudGuardada" resultMap="getSolicitudGuardada">
		{CALL sp_MO_obtiene_solicitud(?)}
	</procedure>
	
	<!-- fvelasquez, Actualiza los estados de las actividades -->
	<!--
	sp_MO_actualiza_actividades 	(	@estado varchar(1),
										@tipo	varchar(3),
										@ide	numeric
									)	
	-->
	<parameterMap id="setActualizaActividad"	class="java.util.Hashmap">
		<parameter property="ide"			jdbcType="NUMERIC" 	javaType="java.lang.Integer"/>
		<parameter property="idSolicitud"	jdbcType="NUMERIC" 	javaType="java.lang.Integer"/>
		<parameter property="estado"		jdbcType="VARCHAR" 	javaType="java.lang.String"/>
		<parameter property="tipo"			jdbcType="VARCHAR" 	javaType="java.lang.String"/>
		<parameter property="usuario"		jdbcType="VARCHAR"	javaType="java.lang.String"/>
	</parameterMap>
	<resultMap id="getActualizaActividad"	class="java.util.HashMap">
			<result property="resultado" 	jdbcType="INTEGER"  javaType="java.lang.Integer"/>
	</resultMap>
	<procedure id="actualizaEstadoActividad" parameterMap="setActualizaActividad" resultMap="getActualizaActividad">
		{ CALL sp_MO_actualiza_actividades(?,?,?,?,?) }
	</procedure>
	<!-- fvelasquez -->

	<parameterMap id="setTarSol"		class="java.util.HashMap">		
		<parameter property="ideSolicitud"		jdbcType="NUMERIC" javaType="java.lang.Integer"/>
	</parameterMap>
	<resultMap id="getTarSol" class="java.util.HashMap">
		<result property="ide" 					jdbcType="INTEGER"  javaType="java.lang.Integer"/>
		<result property="nombre"  				jdbcType="VARCHAR" 	javaType="java.lang.String"/>
		<result property="fechaTarea"			jdbcType="Date" 	javaType="java.util.Date"/>
		<result property="estado"  				jdbcType="VARCHAR" 	javaType="java.lang.String"/>
		<result property="usr"  				jdbcType="VARCHAR" 	javaType="java.lang.String"/>
	</resultMap>	
    <procedure id="obtieneListaTarSol" parameterMap="setTarSol" resultMap="getTarSol">
		{ CALL sp_MO_obtiene_tar_sol(?) }
	</procedure>

<!-- CREATE PROCEDURE dbo.sp_MO_actualiza_det_sol(   @idSolicitud    NUMERIC,
                                                @idAtr          numeric,
                                                @valAtr         varchar)
-->
<!-- fvelasquez actualiza el valor de los atributos de una solicitud -->
	<parameterMap id="setUpAtr"		class="java.util.HashMap">		
		<parameter property="ideSolicitud"		jdbcType="NUMERIC" javaType="java.lang.Integer"/>
		<parameter property="idAtr"				jdbcType="NUMERIC" javaType="java.lang.Integer"/>
		<parameter property="valAtr"			jdbcType="VARCHAR"	javaType="java.lang.String"/>
	</parameterMap>
	<resultMap id="getUpAtr" class="java.util.HashMap">
			<result property="resultado" 	jdbcType="INTEGER"  javaType="java.lang.Integer"/>
	</resultMap>	
    <procedure id="actualizaValAtr" parameterMap="setUpAtr" resultMap="getUpAtr">
		{ CALL sp_MO_actualiza_det_sol(?,?,?) }
	</procedure>

<!-- fvelasquez Borra un control de un producto -->
	<parameterMap id="setBorraControlProducto"		class="java.util.HashMap">		
		<parameter property="idControl"		jdbcType="NUMERIC" javaType="java.lang.Integer"/>
		<parameter property="idProducto"	jdbcType="NUMERIC" javaType="java.lang.Integer"/>
	</parameterMap>
	<resultMap id="getBorraControlProducto" class="java.util.HashMap">
			<result property="resultado" 	jdbcType="INTEGER"  javaType="java.lang.Integer"/>
	</resultMap>	
    <procedure id="borraControlProducto" parameterMap="setBorraControlProducto" resultMap="getBorraControlProducto">
		{ CALL sp_MO_elimina_ctr_pro(?,?) }
	</procedure>

<!-- fvelasquez borra un atributo de un producto -->
	<parameterMap id="setBorraAtributoProducto"		class="java.util.HashMap">		
		<parameter property="idAtributo"		jdbcType="NUMERIC" javaType="java.lang.Integer"/>
		<parameter property="idProducto"	jdbcType="NUMERIC" javaType="java.lang.Integer"/>
	</parameterMap>
	<resultMap id="getBorraAtributoProducto" class="java.util.HashMap">
			<result property="resultado" 	jdbcType="INTEGER"  javaType="java.lang.Integer"/>
	</resultMap>	
    <procedure id="borraAtributoProducto" parameterMap="setBorraAtributoProducto" resultMap="getBorraAtributoProducto">
		{ CALL sp_MO_elimina_atr_pro(?,?) }
	</procedure>

<!-- CREATE PROCEDURE dbo.sp_MO_lista_solicitudes(	@rut		    numeric,
                                                @idSolicitud	numeric,
                                                @fecha		    datetime,
                                                @producto 	    numeric)
-->
<!-- fvelasquez Lista las solicitudes segun filtros de busqueda -->
	<parameterMap id="setListaSolicitudes"		class="java.util.HashMap">
		<parameter property="rut"			jdbcType="NUMERIC" javaType="java.lang.Long"/>		
		<parameter property="idSolicitud"	jdbcType="NUMERIC" javaType="java.lang.Integer"/>
		<parameter property="fecha"			jdbcType="Date" javaType="java.util.Date"/>
		<parameter property="producto"		jdbcType="NUMERIC" javaType="java.lang.Integer"/>
	</parameterMap>
	<resultMap id="getListaSolicitudes" class="java.util.HashMap">
		<result property="sol_ide" 			jdbcType="NUMERIC"  javaType="java.lang.Integer"/>
		<result property="pro_ide"  		jdbcType="NUMERIC" 	javaType="java.lang.Integer"/>
		<result property="cli_rut"  		jdbcType="NUMERIC" 	javaType="java.lang.Long"/>
		<result property="cli_dv"			jdbcType="VARCHAR" 	javaType="java.lang.String"/>
		<result property="sol_fec_cre"		jdbcType="Date" 	javaType="java.util.Date"/>	
		<result property="pro_nom"			jdbcType="VARCHAR" 	javaType="java.lang.String"/>
		<result property="pro_des"			jdbcType="VARCHAR" 	javaType="java.lang.String"/>
	</resultMap>	
    <procedure id="obtieneListaSolicitudes" parameterMap="setListaSolicitudes" resultMap="getListaSolicitudes">
		{ CALL sp_MO_lista_solicitudes(?,?,?,?) }
	</procedure>
	
	<!-- fvelasquez limpia los datos de una solicitud -->
	<parameterMap id="setlimpiarSolicitud"		class="java.util.HashMap">		
		<parameter property="idSolicitud"		jdbcType="NUMERIC" javaType="java.lang.Integer"/>
	</parameterMap>
	<resultMap id="getlimpiarSolicitud" class="java.util.HashMap">
			<result property="resultado" 	jdbcType="INTEGER"  javaType="java.lang.Integer"/>
	</resultMap>	
    <procedure id="limpiarSolicitud" parameterMap="setlimpiarSolicitud" resultMap="getlimpiarSolicitud">
		{ CALL sp_MO_limpia_solicitud(?) }
	</procedure>

	<parameterMap id="setEliminaProducto"		class="java.util.HashMap">		
	<parameter property="p_id"	jdbcType="NUMERIC" javaType="java.lang.Integer"/>
	</parameterMap>
	<resultMap id="getEliminaProducto" class="java.util.HashMap">
			<result property="resultado" 	jdbcType="INTEGER"  javaType="java.lang.Integer"/>
	</resultMap>	
    <procedure id="eliminarProducto" parameterMap="setEliminaProducto" resultMap="getEliminaProducto">
		{ CALL sp_MO_elimina_producto(?) }
	</procedure>


<!-- CREATE PROCEDURE dbo.sp_MO_obtiene_datos_cliente(@rut  numeric,@dv varchar(1)) -->
<!-- Emoya Obtiene los datos del cliente -->
     <parameterMap id="setDatosCliente"       class="java.util.HashMap">
          <parameter property="rut"          jdbcType="NUMERIC" javaType="java.lang.Long"/>         
          <parameter property="dv"           jdbcType="VARCHAR" javaType="java.lang.String"/>
     </parameterMap>
     <resultMap id="getDatosCliente" class="java.util.HashMap">
          <result property="cli_rut"         jdbcType="NUMERIC"  javaType="java.lang.Long"/>
          <result property="cli_dv"          jdbcType="VARCHAR"  javaType="java.lang.String"/>
          <result property="cli_nom"         jdbcType="VARCHAR"  javaType="java.lang.String"/>
          <result property="cli_ape_pat"     jdbcType="VARCHAR"  javaType="java.lang.String"/>
          <result property="cli_ape_mat"     jdbcType="VARCHAR"  javaType="java.lang.String"/>
          <result property="cli_ban"         jdbcType="VARCHAR"  javaType="java.lang.String"/>
     </resultMap>   
    <procedure id="obtieneDatosCliente" parameterMap="setDatosCliente" resultMap="getDatosCliente">
          { CALL sp_MO_obtiene_datos_cliente(?,?) }
     </procedure>
     
<!--
     CREATE PROCEDURE dbo.sp_MO_ingresar_datosCliente(@rut  numeric,
                                                    @dv varchar(1),
                                                    @nombre varchar(50),
                                                    @apellidoPaterno varchar(25),
                                                    @apellidoMaterno varchar(25),
                                                    @banquero varchar(12))
     -->
     <parameterMap id="setInsertaDatosCliente"           class="java.util.HashMap">
          <parameter property="rut"                    jdbcType="NUMERIC" javaType="java.lang.Long"/>
          <parameter property="dv"                     jdbcType="VARCHAR" javaType="java.lang.String" />
          <parameter property="nombre"                 jdbcType="VARCHAR" javaType="java.lang.String" />
          <parameter property="apellidoPaterno"        jdbcType="VARCHAR" javaType="java.lang.String" />
          <parameter property="apellidoMaterno"        jdbcType="VARCHAR" javaType="java.lang.String" />
          <parameter property="banquero"               jdbcType="VARCHAR" javaType="java.lang.String" />
     </parameterMap>
     
    <resultMap id="getInsertaDatosCliente" class="java.util.HashMap">
          <result property="resultado"  jdbcType="INTEGER"  javaType="java.lang.Integer"/>
     </resultMap>
     
     <procedure id="ingresarDatosCliente" parameterMap="setInsertaDatosCliente" resultMap="getInsertaDatosCliente">
          {CALL sp_MO_ingresar_datosCliente (?,?,?,?,?,?)}
     </procedure>     
     
     
<!--
    CREATE PROCEDURE dbo.sp_MO_modificar_datosCliente(@rut  numeric,
                                                    @dv varchar(1),
                                                    @nombre varchar(50),
                                                    @apellidoPaterno varchar(25),
                                                    @apellidoMaterno varchar(25),
                                                    @banquero varchar(12))
     -->
     <parameterMap id="setModificaDatosCliente"           class="java.util.HashMap">
          <parameter property="rut"                    jdbcType="NUMERIC" javaType="java.lang.Long"/>
          <parameter property="dv"                     jdbcType="VARCHAR" javaType="java.lang.String" />
          <parameter property="nombre"                 jdbcType="VARCHAR" javaType="java.lang.String" />
          <parameter property="apellidoPaterno"        jdbcType="VARCHAR" javaType="java.lang.String" />
          <parameter property="apellidoMaterno"        jdbcType="VARCHAR" javaType="java.lang.String" />
          <parameter property="banquero"               jdbcType="VARCHAR" javaType="java.lang.String" />
     </parameterMap>
     
    <resultMap id="getModificaDatosCliente" class="java.util.HashMap">
          <result property="resultado"  jdbcType="INTEGER"  javaType="java.lang.Integer"/>
     </resultMap>
     
     <procedure id="modificarDatosCliente" parameterMap="setModificaDatosCliente" resultMap="getModificaDatosCliente">
          {CALL sp_MO_modificar_datosCliente (?,?,?,?,?,?)}
     </procedure>    

     <!--
     CREATE PROCEDURE dbo.sp_MO_lista_clientes_atributos
     -->

     <resultMap id="getListarClientesAtributos" class="java.util.HashMap">
                   <result property="cli_rut"        jdbcType="NUMERIC"  javaType="java.lang.Long"/>
                   <result property="cli_dv"         jdbcType="VARCHAR"  javaType="java.lang.String"/>
                   <result property="cli_nom"        jdbcType="VARCHAR"  javaType="java.lang.String"/>
                   <result property="cli_ape_pat"    jdbcType="VARCHAR"  javaType="java.lang.String"/>
                   <result property="cli_ape_mat"    jdbcType="VARCHAR"  javaType="java.lang.String"/>
                   <result property="cli_ban"        jdbcType="VARCHAR"  javaType="java.lang.String"/>
                   <result property="atr_ide"        jdbcType="NUMERIC"  javaType="java.lang.Integer"/>
                   <result property="atr_cli_val"    jdbcType="VARCHAR"  javaType="java.lang.String"/>
                   <result property="atr_nom"        jdbcType="VARCHAR"  javaType="java.lang.String"/>
                   <result property="atr_des"        jdbcType="VARCHAR"  javaType="java.lang.String"/>
                   <result property="atr_por_def"    jdbcType="VARCHAR"  javaType="java.lang.String"/>
                   <result property="atr_cli_o_pro"  jdbcType="VARCHAR"  javaType="java.lang.String"/>
                   <result property="atr_ord"        jdbcType="NUMERIC"  javaType="java.lang.Integer"/>
                   <result property="atr_on_off"     jdbcType="NUMERIC"  javaType="java.lang.Integer"/>
                   <result property="tda_ide"        jdbcType="NUMERIC"  javaType="java.lang.Integer"/>
                   <result property="tda_nom"        jdbcType="VARCHAR"  javaType="java.lang.String"/>          
     </resultMap>   
     <procedure id="obtieneListaDeClientesAtributos" resultMap="getListarClientesAtributos">
          { CALL sp_MO_lista_clientes_atributos}
     </procedure>                   
           
     <!--
     CREATE PROCEDURE dbo.sp_MO_lista_pro_sol_att(@fechaDesde    datetime,
                                             @fechaHasta    datetime) 
     -->
     <parameterMap id="setListarProductosSolicitudesAtributos"       class="java.util.HashMap">
          <parameter property="fechaDesde"   jdbcType="Date" javaType="java.util.Date"/>
          <parameter property="fechaHasta"   jdbcType="Date" javaType="java.util.Date"/>
     </parameterMap>
     <resultMap id="getListarProductosSolicitudesAtributos" class="java.util.HashMap">
                   <result property="pro_ide"        jdbcType="NUMERIC"  javaType="java.lang.Long"/>
                   <result property="pro_nom"        jdbcType="VARCHAR"  javaType="java.lang.String"/>
                   <result property="pro_des"        jdbcType="VARCHAR"  javaType="java.lang.String"/>
                   <result property="sol_ide"        jdbcType="NUMERIC"  javaType="java.lang.Long"/>
                   <result property="cli_rut"        jdbcType="NUMERIC"  javaType="java.lang.Long"/>
                   <result property="cli_dv"         jdbcType="VARCHAR"  javaType="java.lang.String"/>
                   <result property="sol_fec_cre"    jdbcType="Date"     javaType="java.util.Date"/>   
                   <result property="sol_usr"        jdbcType="VARCHAR"  javaType="java.lang.String"/>
                   <result property="atr_ide"        jdbcType="NUMERIC"  javaType="java.lang.Integer"/>
                   <result property="atr_nom"        jdbcType="VARCHAR"  javaType="java.lang.String"/>
                   <result property="atr_des"        jdbcType="VARCHAR"  javaType="java.lang.String"/>
                   <result property="atr_por_def"    jdbcType="VARCHAR"  javaType="java.lang.String"/>
                   <result property="atr_cli_o_pro"  jdbcType="VARCHAR"  javaType="java.lang.String"/>
                   <result property="atr_ord"        jdbcType="NUMERIC"  javaType="java.lang.Integer"/>
                   <result property="atr_on_off"     jdbcType="NUMERIC"  javaType="java.lang.Integer"/>                   
                   <result property="tda_ide"        jdbcType="NUMERIC"  javaType="java.lang.Integer"/>
                   <result property="tda_nom"        jdbcType="VARCHAR"  javaType="java.lang.String"/>          
                   <result property="det_sol_val"    jdbcType="VARCHAR"  javaType="java.lang.String"/>          
     </resultMap>   
     <procedure id="obtieneListaDeProductosSolicitudesAtributos" parameterMap="setListarProductosSolicitudesAtributos" resultMap="getListarProductosSolicitudesAtributos">
          { CALL sp_MO_lista_pro_sol_att(?,?)}
     </procedure>    
                
     <!--
     CREATE PROCEDURE dbo.sp_MO_lista_sol_clientes(@fechaDesde   datetime,
                                                      @fechaHasta     datetime) 
     -->
     <parameterMap id="setListarSolicitudesClientes"       class="java.util.HashMap">
          <parameter property="fechaDesde"   jdbcType="Date" javaType="java.util.Date"/>
          <parameter property="fechaHasta"   jdbcType="Date" javaType="java.util.Date"/>
     </parameterMap>
     <resultMap id="getListarSolicitudesClientes" class="java.util.HashMap">
                   <result property="sol_ide"      jdbcType="NUMERIC"  javaType="java.lang.Long"/>
                   <result property="cli_rut"      jdbcType="NUMERIC"  javaType="java.lang.Long"/>
                   <result property="cli_dv"       jdbcType="VARCHAR"  javaType="java.lang.String"/>
                   <result property="sol_fec_cre"  jdbcType="Date"     javaType="java.util.Date"/>
                   <result property="pro_ide"      jdbcType="NUMERIC"  javaType="java.lang.Integer"/>
                   <result property="pro_nom"      jdbcType="VARCHAR"  javaType="java.lang.String"/>
                   <result property="pro_des"      jdbcType="VARCHAR"  javaType="java.lang.String"/>    
     </resultMap>   
     <procedure id="obtieneListaDeSolicitudesClientes" parameterMap="setListarSolicitudesClientes" resultMap="getListarSolicitudesClientes">
          { CALL sp_MO_lista_sol_clientes(?,?)}
     </procedure>                    
</sqlMap>
