<?xml version="1.0" encoding="UTF-8" ?>

<!DOCTYPE sqlMap      
    PUBLIC "-//ibatis.apache.org//DTD SQL Map 2.0//EN"      
    "http://ibatis.apache.org/dtd/sql-map-2.dtd">
	
<sqlMap namespace="ORDulis.procedimientosAlmacenados">

	<resultMap id="resultadoConsultaTotales" class="java.util.HashMap">
		<result property="montoTotal" 			column="total" />
		<result property="numeroMovimientos" 	column="movimientos" />
	</resultMap>
	
	<!--
    @ldr_entity_id_inp        char(5),
    @transaccion_id_inp       int,
    @valor_gen_1_inp          char(35),
    @valor_gen_2_inp          char(35),
    @valor_gen_3_inp          char(35),
    @valor_gen_4_inp          char(35),
    @valor_gen_5_inp          char(35),
    @valor_gen_6_inp          char(35),
    @valor_gen_7_inp          char(35),
    @valor_gen_8_inp          char(35),
    @valor_gen_9_inp          char(35),
    @valor_gen_10_inp         char(35),
    @valor_gen_11_inp         char(35),
    @valor_gen_12_inp         char(35),
    @valor_gen_13_inp         char(35),
    @valor_gen_14_inp         char(35),
    @valor_gen_15_inp         char(35),
    @valor_gen_16_inp         char(80),
    @user_id                  char(30) ,
    @estado               char(01)  out,
    @msg                  char(80)  out
	-->
	<parameterMap id="creaTransaccionAitcParameters" class="java.util.HashMap">
		<parameter property="ldr_entity_id_inp" jdbcType="CHAR" javaType="java.lang.String" mode="IN" />
		<parameter property="transaccion_id_inp" jdbcType="INTEGER" javaType="java.lang.Integer" mode="IN" />
		<parameter property="valor_gen_1_inp" jdbcType="CHAR" javaType="java.lang.String" mode="IN" />
		<parameter property="valor_gen_2_inp" jdbcType="CHAR" javaType="java.lang.String" mode="IN" />
		<parameter property="valor_gen_3_inp" jdbcType="CHAR" javaType="java.lang.String" mode="IN" />
		<parameter property="valor_gen_4_inp" jdbcType="CHAR" javaType="java.lang.String" mode="IN" />
		<parameter property="valor_gen_5_inp" jdbcType="CHAR" javaType="java.lang.String" mode="IN" />
		<parameter property="valor_gen_6_inp" jdbcType="CHAR" javaType="java.lang.String" mode="IN" />
		<parameter property="valor_gen_7_inp" jdbcType="CHAR" javaType="java.lang.String" mode="IN" />
		<parameter property="valor_gen_8_inp" jdbcType="CHAR" javaType="java.lang.String" mode="IN" />
		<parameter property="valor_gen_9_inp" jdbcType="CHAR" javaType="java.lang.String" mode="IN" />
		<parameter property="valor_gen_10_inp" jdbcType="CHAR" javaType="java.lang.String" mode="IN" />
		<parameter property="valor_gen_11_inp" jdbcType="CHAR" javaType="java.lang.String" mode="IN" />
		<parameter property="valor_gen_12_inp" jdbcType="CHAR" javaType="java.lang.String" mode="IN" />
		<parameter property="valor_gen_13_inp" jdbcType="CHAR" javaType="java.lang.String" mode="IN" />
		<parameter property="valor_gen_14_inp" jdbcType="CHAR" javaType="java.lang.String" mode="IN" />
		<parameter property="valor_gen_15_inp" jdbcType="CHAR" javaType="java.lang.String" mode="IN" />
		<parameter property="valor_gen_16_inp" jdbcType="CHAR" javaType="java.lang.String" mode="IN" />
		<parameter property="user_id" jdbcType="CHAR" javaType="java.lang.String" mode="IN" />
		<parameter property="estado" jdbcType="CHAR" javaType="java.lang.String" mode="OUT" />
		<parameter property="msg" jdbcType="CHAR" javaType="java.lang.String" mode="OUT" />
	</parameterMap>
	
	<procedure id="consultaTotalesCierre" resultMap="resultadoConsultaTotales" parameterClass="java.util.HashMap">
		{CALL usp_consulta_totales_cierre(#tipo_mov#, #tipo_total#, #instrumento#, #cajero#, #tipo_cambio#)}
	</procedure>
	
	<procedure id="insertaMovimientoCaja" parameterClass="java.util.HashMap">
		{CALL usp_inserta_movimiento_caja(#tipo_mov#, #instrumento#, #cajero#, #monto#, #tipo_cambio#)}
	</procedure>
	
	<procedure id="creaTransaccionAitc" resultClass="java.util.HashMap" parameterMap="creaTransaccionAitcParameters">
		{CALL usp_crea_transaccion_aitc_var(?, ?, ?, ?, ?, ?, ?, ?, ?, ?, ?, ?, ?, ?, ?, ?, ?, ?, ?, ?, ?)}
	</procedure>
</sqlMap>