<?xml version="1.0" encoding="UTF-8" ?>

<!DOCTYPE sqlMap      
    PUBLIC "-//ibatis.apache.org//DTD SQL Map 2.0//EN"      
    "http://ibatis.apache.org/dtd/sql-map-2.dtd">
	
<sqlMap namespace="tareas.procedimientosAlmacenados">

	<resultMap id="reporteBanca" class="java.util.HashMap">
		<result property="precio" column="precio" />
		<result property="calidad" column="calidad" />
		<result property="credito"	column="credito"/>
		<result property="otros"	column="otros" />
		<result property="total" column="total" />
	</resultMap>
	<resultMap id="reporte" class="java.util.HashMap">
		<result property="precio" column="precio" />
		<result property="calidad" column="calidad" />
		<result property="credito"	column="credito"/>
		<result property="otros"	column="otros" />
		<result property="total" column="total" />
		<result property="codigo"	column="codigo" />
	</resultMap>

        <parameterMap id="setIngresarNotasEvento" class="java.util.HashMap">
                <parameter property="idEvento"   jdbcType="INTEGER"    javaType="java.lang.Integer"/>
                <parameter property="nota"     jdbcType="INTEGER"  javaType="java.lang.Integer"/>
        <parameter property="fechaEvento"   jdbcType="DATETIME"  javaType="java.util.Date" />
        </parameterMap>
        <procedure  id="ingresarNotasEvento"  parameterMap="setIngresarNotasEvento"  resultClass="int">
        { CALL sp_Inserta_Nota ( ?, ?, ? ) }
        </procedure>

        <parameterMap id="setConsultaNotasEventos" class="java.util.HashMap">
        <parameter property="idEvento"   jdbcType="INTEGER"   javaType="java.lang.Integer" />
        </parameterMap>
        <resultMap id="getConsultaNotasEventos" class="java.util.HashMap">
        <result    property="nota"       column="nota"        javaType="java.lang.Integer" />
        </resultMap>
        <procedure  id="consultaNotasEventos"  parameterMap="setConsultaNotasEventos"  resultMap="getConsultaNotasEventos">
                { CALL sp_Consulta_Nota ( ?) }
        </procedure>
	<procedure id="reporteBancaPersona" resultMap="reporteBanca" parameterClass="java.util.HashMap">
		{CALL sp_cns_ci_per(#mes#,#anyo#,#tipo#)}
	</procedure>
	<procedure id="reporteGerencias" resultMap="reporte" parameterClass="java.util.HashMap">
		{CALL sp_cns_ci_ger(#mes#,#anyo#,#tipo#)}
	</procedure>
	<procedure id="reporteSucursales" resultMap="reporte" parameterClass="java.util.HashMap">
		{CALL sp_cns_ci_suc(#mes#,#anyo#,#tipo#,#codigo#)}
	</procedure>
	<procedure id="reporteEjecutivos" resultMap="reporte" parameterClass="java.util.HashMap">
		{CALL sp_cns_ci_eje(#mes#,#anyo#,#tipo#,#codigo#)}
	</procedure>
	<procedure id="reporteEjecutivoUni" resultMap="reporte" parameterClass="java.util.HashMap">
		{CALL sp_cns_ci_eje_uni(#mes#,#anyo#,#tipo#,#codigo#)}
	</procedure>
	
        <parameterMap id="input_inserta_area" class="java.util.HashMap">
        	<parameter property="area_cod"   jdbcType="CHAR"   javaType="String" />
        	<parameter property="area_gls"   jdbcType="CHAR"   javaType="String" />
        	<parameter property="ara_banco_tipo"   jdbcType="CHAR"   javaType="String" />
        </parameterMap>
		<!--resultMap id="res_inserta_area" class="java.util.HashMap">
			<result property="resultado" jdbcType="INT"  javaType="Integer"/>
	    </resultMap-->
        <procedure  id="sp_inserta_area"  parameterMap="input_inserta_area"  resultClass="int">
                { CALL sp_inserta_area (?, ?, ?) }
        </procedure>
        
        <parameterMap id="input_inserta_rol" class="java.util.HashMap">
        	<parameter property="rol_cod"   jdbcType="CHAR"   javaType="String" />
        	<parameter property="rol_gls"   jdbcType="CHAR"   javaType="String" />
        	<parameter property="rol_pty"   jdbcType="CHAR"   javaType="String" />
        </parameterMap>
		<!-- resultMap id="res_inserta_rol" class="java.util.HashMap">
			<result property="resultado" jdbcType="INT"  javaType="Integer"/>
	    </resultMap-->
        <procedure  id="sp_inserta_rol"  parameterMap="input_inserta_rol"  resultClass="int">
                { CALL sp_inserta_rol (?, ?, ?) }
        </procedure>

		<!-- obtencion de ejecutivo a partir de su nmero de telefono -->
		<parameterMap id="setNumeroTelefonoPublico" class="java.util.HashMap">
        <parameter property="numeroTelefonoPublico"   jdbcType="CHAR"   javaType="String" />
        </parameterMap>
        <resultMap id="getIdEjecutivo" class="java.util.HashMap">
        <result    property="idEjecutivo"       column="ejecutivo"        javaType="String" />
        </resultMap>
        <procedure  id="consultaIdEjecutivoSegunNumeroTelefonoPublico"  parameterMap="setNumeroTelefonoPublico"  resultMap="getIdEjecutivo">
                { CALL sp_cns_eje_por_sda ( ?) }
        </procedure>

        <!-- Agenda Abierta -->
        <procedure id="consultarMailEjecutivo" parameterClass="java.util.HashMap" resultClass="java.util.HashMap">
            {CALL sp_cns_usr_utb(#usuario#)}
        </procedure>

<parameterMap id="setConsultaIdEjecutivosSegunOficina" class="java.util.HashMap">
        	<parameter property="oficina"   jdbcType="CHAR"   javaType="String" />
        </parameterMap>
        <resultMap id="getConsultaIdEjecutivosSegunOficina" class="java.util.HashMap">
        	<result    property="idEjecutivo"       column="ejecutivo"        javaType="String" />
        </resultMap>
        <procedure  id="consultaIdEjecutivosSegunOficina"  parameterMap="setConsultaIdEjecutivosSegunOficina"  resultMap="getConsultaIdEjecutivosSegunOficina">
                { CALL sp_cns_eje_por_ofi ( ?) }
        </procedure>
        

        <parameterMap id="setConsultaIdEjecutivosSegunPlataforma" class="java.util.HashMap">
        	<parameter property="plataforma"   jdbcType="CHAR"   javaType="String" />
        </parameterMap>
        <resultMap id="getConsultaIdEjecutivosSegunPlataforma" class="java.util.HashMap">
        	<result    property="idEjecutivo"       column="ejecutivo"        javaType="String" />
        </resultMap>
        <procedure  id="consultaIdEjecutivosSegunPlataforma"  parameterMap="setConsultaIdEjecutivosSegunPlataforma"  resultMap="getConsultaIdEjecutivosSegunPlataforma">
                { CALL sp_cns_eje_por_pla ( ?) }
        </procedure>
</sqlMap>