<?xml version="1.0" encoding="UTF-8" ?>

<!DOCTYPE sqlMap      
    PUBLIC "-//ibatis.apache.org//DTD SQL Map 2.0//EN"      
    "http://ibatis.apache.org/dtd/sql-map-2.dtd">

	<sqlMap namespace="facelec.procedimientosAlmancenados">	
		
       <resultMap id="MapDocumentosFacturados" class="java.util.HashMap">
            <result property="tipo_documento" column="tipo_documento"/>
            <result property="numero_documento"   column="numero_documento"/>
            <result property="fecha_emision"  column="fecha_emision"/>
            <result property="valor_neto"  column="valor_neto"/>
            <result property="valor_exento" column="valor_exento"/>
            <result property="iva"     column="iva"/>
            <result property="total" column="total"/>
            <result property="concepto" column="concepto"/>
        </resultMap>


    <procedure id="consultarDocumentosFacturados" parameterClass="java.util.HashMap" resultMap="MapDocumentosFacturados">
        {CALL proc_consulta_doc_facturados(#folio#,#tipo_doc#,#fecha#,#fecha_inicio#,#fecha_termino#,#id_sucursal#,#rutReceptor#)}
    </procedure>

</sqlMap>