<?xml version="1.0" encoding="UTF-8" ?>
<!DOCTYPE sqlMap      
	PUBLIC "-//ibatis.apache.org//DTD SQL Map 2.0//EN"  "http://ibatis.apache.org/dtd/sql-map-2.dtd">
<sqlMap namespace="comisiones.procedimientosAlmacenados">
	<parameterMap id="setGrabaComisiones" class="java.util.HashMap">
		<parameter property="rutCliente"	 jdbcType="CHAR" 	javaType="String" />
		<parameter property="digitoVer"		 jdbcType="CHAR" 	javaType="String" />
		<parameter property="nombreCliente"	 jdbcType="CHAR" 	javaType="String" />
		<parameter property="codigoProducto" jdbcType="CHAR" 	javaType="String" />
		<parameter property="cuentaCargo"	 jdbcType="CHAR" 	javaType="String" />
		<parameter property="montoComision"	 jdbcType="Double"	javaType="java.lang.Double" numericScale="4" />
		<parameter property="estado"		 jdbcType="CHAR"	javaType="String" />
	</parameterMap>

	<procedure id="grabaComisiones" parameterMap="setGrabaComisiones" resultClass="int">
		{ CALL sp_ins_cob_cms( ?,?,?,?,?,?,? ) }
	</procedure>

	<parameterMap id="setRegistroParaCobroMensual" class="java.util.HashMap">
		<parameter property="rutCliente"	 jdbcType="CHAR" 	javaType="String" />
		<parameter property="digitoVer"		 jdbcType="CHAR" 	javaType="String" />
		<parameter property="nombreCliente"	 jdbcType="CHAR" 	javaType="String" />
		<parameter property="tipoSolicitud"	 jdbcType="CHAR" 	javaType="String" />
		<parameter property="codigoProducto" jdbcType="CHAR" 	javaType="String" />
		<parameter property="numConvenio"    jdbcType="CHAR" 	javaType="String" />
		<parameter property="cuentaCargo"    jdbcType="CHAR" 	javaType="String" />
		<parameter property="afectoCobro"	 jdbcType="CHAR"	javaType="String" />
		<parameter property="estadoMult"	 jdbcType="CHAR"	javaType="String" />
		<parameter property="serialMult"	 jdbcType="CHAR"	javaType="String" />
	</parameterMap>
	
	<procedure id="registroParaCobroMensual" parameterMap="setRegistroParaCobroMensual" resultClass="int">
		{ CALL sp_reg_cob_cmm( ?,?,?,?,?,?,?,?,?,? ) }
	</procedure>
	
	<parameterMap id="setConsultaFechaActivacion" class="java.util.HashMap">
		<parameter property="rutCliente"	 jdbcType="CHAR" 	javaType="String" />
		<parameter property="numeroSerial"	 jdbcType="CHAR" 	javaType="String" />
	</parameterMap>

	<resultMap id="getConsultaFechaActivacion" class="java.util.HashMap">
	
		<result property="fechaActivacion"   column="fechaActivacion" javaType="String" />
		
	</resultMap>
	
	<procedure id="consultaFechaActivacion" parameterMap="setConsultaFechaActivacion" resultMap="getConsultaFechaActivacion">
		{ CALL sp_cns_fec_act( ?,? ) }
	</procedure>

	<parameterMap id="setConsultaCuentaCargo" class="java.util.HashMap">
		<parameter property="rutCliente"	 jdbcType="CHAR" 	javaType="String" />
	</parameterMap>

	<resultMap id="getConsultaCuentaCargo" class="java.util.HashMap">
	
		<result property="cuentaCargo"   column="cuentaCargo" javaType="String" />
		
	</resultMap>
	
	<procedure id="consultaCuentaCargo" parameterMap="setConsultaCuentaCargo" resultMap="getConsultaCuentaCargo">
		{ CALL sp_cns_cta_car( ? ) }
	</procedure>	

	<parameterMap id="setRegistraRechazoCondicionesSobregiro" class="java.util.HashMap">
		<parameter property="rut" jdbcType="CHAR" javaType="String" />
		<parameter property="dv" jdbcType="CHAR" javaType="String" />
		<parameter property="cuenta" jdbcType="CHAR" javaType="String" />
		<parameter property="estado" jdbcType="CHAR" javaType="String" />
		<parameter property="canal" jdbcType="CHAR" javaType="String" />
		<parameter property="fechaIngreso" jdbcType="DATE" javaType="java.util.Calendar" typeHandler="cl.bci.middleware.aplicacion.persistencia.handler.CalendarTypeHandler" />		
		<parameter property="fechaModificacion" jdbcType="DATE" javaType="java.util.Calendar" typeHandler="cl.bci.middleware.aplicacion.persistencia.handler.CalendarTypeHandler" />		
	</parameterMap>
	<procedure id="registraRechazoCondicionesSobregiro" parameterMap="setRegistraRechazoCondicionesSobregiro" resultClass="int">
		{ CALL sp_ins_est_sub( ?, ?, ?, ?, ?, ?, ? ) }
	</procedure>

	<parameterMap id="setModificarRegistro" class="java.util.HashMap">
		<parameter property="rut" jdbcType="CHAR" javaType="String" />
		<parameter property="cuenta" jdbcType="CHAR" javaType="String" />
		<parameter property="estado" jdbcType="CHAR" javaType="String" />
		<parameter property="fechaModificacion" jdbcType="DATE" javaType="java.util.Calendar" typeHandler="cl.bci.middleware.aplicacion.persistencia.handler.CalendarTypeHandler" />		
	</parameterMap>
	<procedure id="modificarRegistro" parameterMap="setModificarRegistro" resultClass="int">
		{ CALL sp_mod_est_sub( ?, ?, ?, ? ) }
	</procedure>

	<parameterMap id="setObtenerRegistro" class="java.util.HashMap">
		<parameter property="rut"	 jdbcType="CHAR" 	javaType="String" />
	</parameterMap>
	<resultMap id="getObtenerRegistro" class="java.util.HashMap">
		<result property="rut" column="rut" jdbcType="CHAR" javaType="String" />
		<result property="dv" column="dv" jdbcType="CHAR" javaType="String" />
		<result property="cuenta" column="cuenta" jdbcType="CHAR" javaType="String" />
		<result property="estado" column="estado" jdbcType="CHAR" javaType="String" />
		<result property="canal" column="canal" jdbcType="CHAR" javaType="String" />
		<result property="fechaIngreso" column="fechaIngreso" jdbcType="DATE" javaType="java.util.Calendar" typeHandler="cl.bci.middleware.aplicacion.persistencia.handler.CalendarTypeHandler" />
		<result property="fechaModificacion" column="fechaModificacion" jdbcType="DATE" javaType="java.util.Calendar" typeHandler="cl.bci.middleware.aplicacion.persistencia.handler.CalendarTypeHandler" />
	</resultMap>
	<procedure id="obtieneEstadoRegistros" parameterMap="setObtenerRegistro" resultMap="getObtenerRegistro">
		{ CALL sp_cns_est_sub( ? ) }
	</procedure>
</sqlMap>	
