<?xml version="1.0" encoding="UTF-8" ?>

<!DOCTYPE sqlMap      
    PUBLIC "-//ibatis.apache.org//DTD SQL Map 2.0//EN"      
    "http://ibatis.apache.org/dtd/sql-map-2.dtd">
	
<sqlMap namespace="notifica.procedimientosAlmacenados">

	<parameterMap id="setActualizaFechaRevision" class="java.util.HashMap">
		<parameter property="fecha" jdbcType="DATE" javaType="java.util.Calendar" typeHandler="cl.bci.middleware.aplicacion.persistencia.handler.CalendarTypeHandler" />
	</parameterMap>
	
	<procedure id="actualizaFechaRevision" parameterMap="setActualizaFechaRevision" resultClass="int">
		{ CALL sp_ins_fec_ult_rev( ? ) }
	</procedure>
	
	<resultMap id="getObtenerFechaRevision" class="java.util.HashMap">
		<result property="fechaProceso" column="fechaProceso" jdbcType="DATE" javaType="String" />
	</resultMap>

	<procedure id="obtenerFechaRevision" resultMap="getObtenerFechaRevision">
		{ CALL sp_cns_fec_ult_rev() }
	</procedure>
	
	<parameterMap id="setRegistraMensaje" class="java.util.HashMap">
		<parameter property="fechaDeEnvio"	jdbcType="DATE" javaType="java.util.Calendar" typeHandler="cl.bci.middleware.aplicacion.persistencia.handler.CalendarTypeHandler" />
		<parameter property="canal"			jdbcType="varchar" javaType="String" />
		<parameter property="evento"		jdbcType="varchar" javaType="String" />
		<parameter property="subEvento"		jdbcType="varchar" javaType="String" />
		<parameter property="producto"		jdbcType="varchar" javaType="String" />
		<parameter property="numeroCelular"	jdbcType="varchar" javaType="String" />
		<parameter property="mensaje"		jdbcType="varchar" javaType="String" />
		<parameter property="estadoEnvio"	jdbcType="char" javaType="String" />
	</parameterMap>
	
	<procedure id="registraMensaje" parameterMap="setRegistraMensaje" resultClass="int">
		{ CALL sp_ins_sms_enviado( ?,?,?,?,?,?,?,? ) }
	</procedure>

</sqlMap>	
