<?xml version="1.0" encoding="UTF-8" ?>
<!DOCTYPE sqlMap
	PUBLIC "-//ibatis.apache.org//DTD SQL Map 2.0//EN"
	"http://ibatis.apache.org/dtd/sql-map-2.dtd">


<sqlMap namespace="pagos.procedimientosAlmacenados">

	<resultMap id="getDatosConvenioPagueDirecto" class="java.util.HashMap">
	    <result property="codigoConvenio" 		   column="cnv_idn"		    jdbcType="VARCHAR" javaType="string" />
	    <result property="rutOrigen" 			   column="cnv_idn_ori" 	jdbcType="VARCHAR" javaType="string" />
	    <result property="nombreEmpresa" 		   column="cnv_des_cli" 	jdbcType="VARCHAR" javaType="string" />
	    <result property="tipoConvenio" 		   column="cnv_tip" 		jdbcType="VARCHAR" javaType="string" />
	    <result property="montoMaximoAutorizado"   column="cnv_mto_max_trx" jdbcType="DECIMAL" javaType="java.math.BigDecimal" />
	    <result property="codigoMoneda" 		   column="mnd_idn" 		jdbcType="VARCHAR" javaType="string" />
			<result property="imagen"			   column="cnv_img" 		jdbcType="VARCHAR" javaType="string" />
	</resultMap>
	
	<resultMap id="getDatosCompraPagueDirecto" class="java.util.HashMap">
		<result property="cnv_idn" />    
		<result property="mmx_idc" />    
		<result property="mmx_dig_vrf" />
		<result property="mmx_srl" />    
		<result property="cmx_idn_prd" />
		<result property="cmx_prc" />    
		<result property="cmx_prc_ori" />
		<result property="cmx_cnt" />    
		<result property="cmx_est" />    
		<result property="cmx_fec_cmp" />
		<result property="cmx_tip_prd" />
		<result property="cmx_frm_prd" />
		<result property="cmx_rut_rol" />
		<result property="cmx_num_fol" />
		<result property="cmx_fec_vct" />
		<result property="cmx_dsc_prd" />
		<result property="cmx_dat_vr1" />
		<result property="cmx_dat_vr2" />
		<result property="cmx_dat_vr3" />
		<result property="cmx_dat_vr4" />
	</resultMap>
		
	<parameterMap id="setRegistrarCompraPagueDirecto" class="java.util.HashMap">
		<parameter property="cnv_idn" 	  jdbcType="VARCHAR" javaType="string" />
		<parameter property="mmx_idc" 	  jdbcType="VARCHAR" javaType="string" />
		<parameter property="mmx_dig_vrf" jdbcType="VARCHAR" javaType="string" />
		<parameter property="mmx_srl" 	  jdbcType="VARCHAR" javaType="string" />
		<parameter property="cmx_idn_prd" jdbcType="VARCHAR" javaType="string" />
		<parameter property="cmx_prc" 	  jdbcType="DECIMAL" javaType="java.math.BigDecimal" numericScale="2" />
		<parameter property="cmx_prc_ori" jdbcType="DECIMAL" javaType="java.math.BigDecimal" numericScale="2" />
		<parameter property="cmx_cnt" 	  jdbcType="NUMERIC" javaType="integer" />
		<parameter property="cmx_est" 	  jdbcType="VARCHAR" javaType="string" />
		<parameter property="cmx_fec_cmp" jdbcType="DATE"    javaType="java.util.Calendar" typeHandler="cl.bci.middleware.aplicacion.persistencia.handler.CalendarTypeHandler" />
		<parameter property="cmx_tip_prd" jdbcType="VARCHAR" javaType="string" nullValue="null" />
		<parameter property="cmx_frm_prd" jdbcType="VARCHAR" javaType="string" nullValue="null" />
		<parameter property="cmx_rut_rol" jdbcType="VARCHAR" javaType="string" nullValue="null" />
		<parameter property="cmx_num_fol" jdbcType="VARCHAR" javaType="string" nullValue="null" />
		<parameter property="cmx_fec_vct" jdbcType="DATE"    javaType="java.util.Calendar" typeHandler="cl.bci.middleware.aplicacion.persistencia.handler.CalendarTypeHandler" />
		<parameter property="cmx_dsc_prd" jdbcType="VARCHAR" javaType="string" nullValue="null" />
		<parameter property="cmx_dat_vr1" jdbcType="VARCHAR" javaType="string" nullValue="null" />
		<parameter property="cmx_dat_vr2" jdbcType="VARCHAR" javaType="string" nullValue="null" />
		<parameter property="cmx_dat_vr3" jdbcType="VARCHAR" javaType="string" nullValue="null" />
		<parameter property="cmx_dat_vr4" jdbcType="VARCHAR" javaType="string" nullValue="null" />
	</parameterMap>	
	
	<parameterMap id="setRegistrarMovPagueDirecto" class="java.util.HashMap">
		<parameter property="mmx_trx" 		  jdbcType="VARCHAR" javaType="string" />
		<parameter property="mmx_idc" 		  jdbcType="VARCHAR" javaType="string" />
		<parameter property="mmx_dig_vrf"	  jdbcType="VARCHAR" javaType="string" />
		<parameter property="mmx_cta_car"	  jdbcType="VARCHAR" javaType="string" />
		<parameter property="mmx_cod_fct"	  jdbcType="NUMERIC" javaType="integer" nullValue="null" />
		<parameter property="mmx_cod_ser" 	  jdbcType="NUMERIC" javaType="integer" nullValue="null" />
		<parameter property="mmx_idn_ser" 	  jdbcType="VARCHAR" javaType="string" nullValue="null" />
		<parameter property="mmx_mnd_ori" 	  jdbcType="VARCHAR" javaType="string" nullValue="null" />
	    <parameter property="mmx_mto_ori" 	  jdbcType="DECIMAL" javaType="java.math.BigDecimal" numericScale="2"  />
	    <parameter property="mmx_mto" 		  jdbcType="DECIMAL" javaType="java.math.BigDecimal" />
	    <parameter property="mmx_cst_env" 	  jdbcType="DECIMAL" javaType="java.math.BigDecimal" numericScale="2" />
	    <parameter property="cmx_cnt" 		  jdbcType="NUMERIC" javaType="integer" />
	    <parameter property="mmx_fec_pag" 	  jdbcType="DATE"    javaType="java.util.Calendar" typeHandler="cl.bci.middleware.aplicacion.persistencia.handler.CalendarTypeHandler" />
	    <parameter property="cnv_idn" 		  jdbcType="VARCHAR" javaType="string" />
	    <parameter property="mmx_srl" 		  jdbcType="VARCHAR" javaType="string" />
	    <parameter property="mmx_cod_rto" 	  jdbcType="VARCHAR" javaType="string" />
	    <parameter property="mmx_cod_err"     jdbcType="VARCHAR" javaType="string" nullValue="null" />
	    <parameter property="mmx_fec_ctb"     jdbcType="DATE"    javaType="java.util.Calendar" typeHandler="cl.bci.middleware.aplicacion.persistencia.handler.CalendarTypeHandler" />
	    <parameter property="mmx_est_cua"     jdbcType="VARCHAR" javaType="string" />
	    <parameter property="mmx_dst_car"     jdbcType="VARCHAR" javaType="string" />
	    <parameter property="mmx_fec_est_cua" jdbcType="DATE"    javaType="java.util.Calendar" typeHandler="cl.bci.middleware.aplicacion.persistencia.handler.CalendarTypeHandler" />
	    <parameter property="mmx_num_pro_rto" jdbcType="VARCHAR" javaType="string" nullValue="null"/>
	    <parameter property="mmx_fec_pro_rec" jdbcType="DATE"    javaType="java.util.Calendar" typeHandler="cl.bci.middleware.aplicacion.persistencia.handler.CalendarTypeHandler" />
	    <parameter property="mmx_dat_vr1_rto" jdbcType="VARCHAR" javaType="string" nullValue="null" />
	    <parameter property="mmx_dat_vr2_rto" jdbcType="VARCHAR" javaType="string" nullValue="null" />
	    <parameter property="mmx_dat_vr3_rto" jdbcType="VARCHAR" javaType="string" nullValue="null" />
	    <parameter property="mmx_dat_vr4_rto" jdbcType="VARCHAR" javaType="string" nullValue="null" />
	    <parameter property="mmx_tip_cam" 	  jdbcType="DECIMAL" javaType="java.math.BigDecimal" numericScale="2"  />
	</parameterMap>		
	
	<parameterMap id="setDatosConvenioPagueDirecto" class="java.util.HashMap">
		<parameter property="codigoConvenio"  jdbcType="VARCHAR" javaType="string" />
		<parameter property="rutOrigen" 	  jdbcType="VARCHAR" javaType="string" />
		<parameter property="codigoMoneda" 	  jdbcType="VARCHAR" javaType="string" />
	</parameterMap>
	
	<procedure id="datosConvenioPagueDirecto" parameterMap="setDatosConvenioPagueDirecto" resultMap="getDatosConvenioPagueDirecto">
		{ CALL sp_pd_datos_convenio_vig( ?,?,? ) }
	</procedure>

	<parameterMap id="setExisteCompraPagueDirecto" class="java.util.HashMap">
		<parameter property="codigoConvenio"  		jdbcType="VARCHAR" javaType="string" />
		<parameter property="numeroTransaccion"  	jdbcType="VARCHAR" javaType="string" />
		<parameter property="estadoCompra" 	  		jdbcType="VARCHAR" javaType="string" />
	</parameterMap>	
	
	<procedure id="existeCompraPagueDirecto" parameterMap="setExisteCompraPagueDirecto" resultMap="getDatosCompraPagueDirecto">
	    { CALL sp_pd_obtiene_compra( ?,?,? ) }
	</procedure>

	<parameterMap id="setRegistrarNumeroTrxPagueDirecto" class="java.util.HashMap">
		<parameter property="codigoConvenio"  	jdbcType="VARCHAR" javaType="string" />
		<parameter property="numeroTransaccion" jdbcType="VARCHAR" javaType="string" />
	</parameterMap>		
	
	<procedure id="registrarNumeroTrxPagueDirecto" parameterMap="setRegistrarNumeroTrxPagueDirecto" resultClass="int">
		{ CALL sp_pd_reg_trx_convenio( ?, ? ) }
	</procedure>

	<parameterMap id="setObtenerCompraSimilar" class="java.util.HashMap">
		<parameter property="codigoConvenio"  	jdbcType="VARCHAR" javaType="string" />
		<parameter property="rutOrigen"   		jdbcType="VARCHAR" javaType="string" />
		<parameter property="monto" 			jdbcType="DECIMAL" javaType="java.math.BigDecimal" numericScale="2" />
		<parameter property="fecha" jdbcType="DATE" javaType="java.util.Calendar" typeHandler="cl.bci.middleware.aplicacion.persistencia.handler.CalendarTypeHandler" />
	</parameterMap>	

	<procedure id="obtenerCompraSimilar" parameterMap="setObtenerCompraSimilar" resultClass="int">
		{ CALL sp_pd_compra_similar( ?, ?, ?, ? ) }
	</procedure>

	<parameterMap id="setBuscaPagosRutEmpresa" class="java.util.HashMap" >
		<parameter property="rutOrigen" jdbcType="VARCHAR" javaType="string" />
	</parameterMap>

	<procedure id="buscaPagosRutEmpresa" parameterMap="setBuscaPagosRutEmpresa" resultClass="int">
		{ CALL sp_pd_busca_pagos_rut( ? ) }
	</procedure>

	<parameterMap id="setEliminarCompraPendPagueDirecto" class="java.util.HashMap">
		<parameter property="numeroTransaccion"  	jdbcType="VARCHAR" javaType="string" />
		<parameter property="codigoConvenio"   		jdbcType="VARCHAR" javaType="string" />
		<parameter property="estadoCompra" 			jdbcType="VARCHAR" javaType="string" />
	</parameterMap>		

	<procedure id="eliminarCompraPendPagueDirecto" parameterMap="setEliminarCompraPendPagueDirecto" resultClass="int">
		{ CALL sp_pd_elim_compra_pendiente( ?, ?, ? ) }
	</procedure>

	<procedure id="registrarCompraPagueDirecto" parameterMap="setRegistrarCompraPagueDirecto" resultClass="int">	
		{ CALL sp_pd_insertar_compra( ?,?,?,?,?,?,?,?,?,?,?,?,?,?,?,?,?,?,?,? ) }
	</procedure>

	<procedure id="registrarMovPagueDirecto" parameterMap="setRegistrarMovPagueDirecto" resultClass="int">	
		{ CALL sp_pd_insertar_movimiento( ?,?,?,?,?,?,?,?,?,?,?,?,?,?,?,?,?,?,?,?,?,?,?,?,?,?,?,? ) }
	</procedure>

	<parameterMap id="setActualizarMovPagueDirecto" class="java.util.HashMap">
		<parameter property="numeroConvenio"  	  jdbcType="VARCHAR" javaType="string" />
		<parameter property="numeroTransaccion"   jdbcType="VARCHAR" javaType="string" />
		<parameter property="codigoRetorno" 	  jdbcType="VARCHAR" javaType="string" />
		<parameter property="codigoError" 	  	  jdbcType="VARCHAR" javaType="string" />
		<parameter property="fechaContable" 	  jdbcType="DATE" javaType="java.util.Calendar" typeHandler="cl.bci.middleware.aplicacion.persistencia.handler.CalendarTypeHandler" />
	</parameterMap>	

	<procedure id="actualizarMovPagueDirecto" parameterMap="setActualizarMovPagueDirecto" resultClass="int">
		{ CALL sp_pd_actualiza_movimiento( ?,?,?,?,? ) }
	</procedure>	
	
	<parameterMap id="setActualizarCompraPagueDirecto" class="java.util.HashMap">
		<parameter property="numeroTransaccion"    jdbcType="VARCHAR" javaType="string" />
		<parameter property="codigoConvenio"       jdbcType="VARCHAR" javaType="string" />
		<parameter property="estadoInicial"        jdbcType="VARCHAR" javaType="string" />
		<parameter property="estadoFinal"      	   jdbcType="VARCHAR" javaType="string" />
	</parameterMap>		

	<procedure id="actualizarCompraPagueDirecto" parameterMap="setActualizarCompraPagueDirecto" resultClass="int">
		{ CALL sp_pd_actualiza_compra( ?, ?, ?, ? ) }
	</procedure>

	<parameterMap id="setPagosPorConvenios" class="java.util.HashMap">
		<parameter property="fechaProceso" jdbcType="DATE"    javaType="java.util.Calendar" typeHandler="cl.bci.middleware.aplicacion.persistencia.handler.CalendarTypeHandler" />
		<parameter property="codMoneda"    jdbcType="VARCHAR" javaType="String" />
	</parameterMap>
	<resultMap id="getPagosPorConvenios" class="java.util.HashMap">
	    <result property="retorno" column="retorno" />
	</resultMap>
	<procedure id="pagosPorConvenios" parameterMap="setPagosPorConvenios" resultMap="getPagosPorConvenios">
		{ CALL sp_pd_pagosPorConvenio( ?,? ) }
	</procedure>
	
	<parameterMap id="setListaAbonosConvenios" class="java.util.HashMap">
		<parameter property="fechaProceso" jdbcType="DATE" javaType="java.util.Calendar" typeHandler="cl.bci.middleware.aplicacion.persistencia.handler.CalendarTypeHandler" />
	</parameterMap>
	<resultMap id="getListaAbonosConvenios" class="java.util.HashMap">
	    <result property="numeroConvenio" 		 column="numeroConvenio" />
	    <result property="rutEmpresa" 			 column="rutEmpresa" />
	    <result property="glosaEmpresa" 		 column="glosaEmpresa" />
	    <result property="numeroCuentaCorriente" column="numeroCuentaCorriente" />
	    <result property="fechaContable"         column="fechaContable" />
	    <result property="montoTotal" 		     column="montoTotal" jdbcType="DECIMAL" javaType="java.math.BigDecimal" />
		<result property="monedaConvenio"		 column="monedaConvenio" />
	</resultMap>
	<procedure id="listaAbonosConvenios" parameterMap="setListaAbonosConvenios" resultMap="getListaAbonosConvenios">
		{ CALL sp_pd_abonosConvenios( ? ) }
	</procedure>
	
	<parameterMap id="setIngresaAbonoConvenio" class="java.util.HashMap">
		<parameter property="nro_cnv" jdbcType="VARCHAR"    javaType="String" />
		<parameter property="cta_cte" jdbcType="VARCHAR"    javaType="String" />
		<parameter property="fec_pag" jdbcType="DATE"       javaType="java.util.Calendar" typeHandler="cl.bci.middleware.aplicacion.persistencia.handler.CalendarTypeHandler" />
		<parameter property="fec_ctb" jdbcType="DATE"       javaType="Date" />
		<parameter property="mto_pag" jdbcType="DECIMAL"    javaType="java.math.BigDecimal" numericScale="2" />
		<parameter property="mto_cms" jdbcType="DECIMAL"    javaType="java.math.BigDecimal" numericScale="2" />
	</parameterMap>
	<resultMap id="getIngresaAbonoConvenio" class="java.util.HashMap">
	    <result property="retorno" 		 column="retorno" />
	</resultMap>
	<procedure id="ingresaAbonoConvenio" parameterMap="setIngresaAbonoConvenio" resultMap="getIngresaAbonoConvenio">
		{ CALL sp_pd_ingresaAbonoConvenio( ?, ?, ?, ?, ?, ? ) }
	</procedure>
	
	<parameterMap id="setListaConveniosEmpresas" class="java.util.HashMap">
		<parameter property="fechaProceso" jdbcType="DATE"     javaType="java.util.Calendar" typeHandler="cl.bci.middleware.aplicacion.persistencia.handler.CalendarTypeHandler" />
		<parameter property="codMoneda"    jdbcType="VARCHAR"  javaType="String" />
	</parameterMap>
	<resultMap id="getListaConveniosEmpresas" class="java.util.HashMap">	    
		<result property="rutEmpresa"         column="rutEmpresa" />
		<result property="digitoRut"          column="digitoRut" />
		<result property="numeroConvenio"     column="numeroConvenio" />
		<result property="nombreEmpresa"      column="nombreEmpresa" />
		<result property="comision"   		  column="comision" jdbcType="DECIMAL" javaType="java.math.BigDecimal" />
		<result property="monedaConvenio"     column="monedaConvenio" />
		<result property="monto"     		  column="monto" jdbcType="DECIMAL" javaType="java.math.BigDecimal" />
	</resultMap>
	<procedure id="listaConveniosEmpresas" parameterMap="setListaConveniosEmpresas" resultMap="getListaConveniosEmpresas">
		{ CALL sp_pd_rendicionTrxConvenios( ?,? ) }
	</procedure>
	
	<parameterMap id="setListaConveniosTGR" class="java.util.HashMap">
		<parameter property="fechaProceso" jdbcType="DATE" javaType="java.util.Calendar" typeHandler="cl.bci.middleware.aplicacion.persistencia.handler.CalendarTypeHandler" />		
	</parameterMap>
	<resultMap id="getListaConveniosTGR" class="java.util.HashMap">
		<result property="rutEmpresa"         column="rutEmpresa" />
		<result property="digitoRut"          column="digitoRut" />
		<result property="numeroConvenio"     column="numeroConvenio" />
		<result property="nombreEmpresa"      column="nombreEmpresa" />
		<result property="comision"   		  column="comision" jdbcType="DECIMAL" javaType="java.math.BigDecimal" />
		<result property="monedaConvenio"     column="monedaConvenio" />
		<result property="monto"     		  column="monto" jdbcType="DECIMAL" javaType="java.math.BigDecimal" />
	</resultMap>
	<procedure id="listaConveniosTGR" parameterMap="setListaConveniosTGR" resultMap="getListaConveniosTGR">
		{ CALL sp_pd_rendicionTrxConveniosTGR( ? ) }
	</procedure>
	
	
	
	
	<parameterMap id="setListaConveniosComprasEmpresa" class="java.util.HashMap">
		<parameter property="fecha"      jdbcType="DATE" javaType="java.util.Calendar" typeHandler="cl.bci.middleware.aplicacion.persistencia.handler.CalendarTypeHandler" />
		<parameter property="convenio"   jdbcType="VARCHAR" javaType="String" />
		<parameter property="codMoneda"  jdbcType="VARCHAR" javaType="String" />
	</parameterMap>
	<resultMap id="getListaConveniosComprasEmpresa" class="java.util.HashMap">
	    <result property="numeroSerial"      column="numeroSerial" />
		<result property="idProducto"        column="idProducto" />
		<result property="rutPagador"        column="rutPagador" />
		<result property="digitoRutPagador"  column="digitoRutPagador" />
		<result property="precio"            column="precio" jdbcType="DECIMAL" javaType="java.math.BigDecimal" />		
		<result property="cantidad"          column="cantidad" jdbcType="DECIMAL" javaType="integer" />
		<result property="fechaCompra"       column="fechaCompra" jdbcType="DATE" javaType="java.util.Calendar" typeHandler="cl.bci.middleware.aplicacion.persistencia.handler.CalendarTypeHandler" />
		<result property="rutRol"            column="rutRol" />
		<result property="numeroFormulario"  column="numeroFormulario" />
		<result property="numeroFolio"       column="numeroFolio" />
		<result property="fechaVencimiento"  column="fechaVencimiento" jdbcType="DATE" javaType="java.util.Calendar" typeHandler="cl.bci.middleware.aplicacion.persistencia.handler.CalendarTypeHandler" />
		<result property="montoCompra"       column="montoCompra" jdbcType="DECIMAL" javaType="java.math.BigDecimal" />
	</resultMap>

	<procedure id="listaConveniosComprasEmpresa" parameterMap="setListaConveniosComprasEmpresa" resultMap="getListaConveniosComprasEmpresa">
		{ CALL sp_pd_rendicionTrxComprasEmp( ?, ?, ? ) }
	</procedure>
	
	
	<parameterMap id="setListaConveniosComprasTgr" class="java.util.HashMap">
		<parameter property="fecha"    jdbcType="DATE" javaType="java.util.Calendar" typeHandler="cl.bci.middleware.aplicacion.persistencia.handler.CalendarTypeHandler" />
		<parameter property="convenio" jdbcType="VARCHAR" javaType="String" />
	</parameterMap>
	<resultMap id="getListaConveniosComprasTgr" class="java.util.HashMap">
	    <result property="numeroSerial"      column="numeroSerial" />
		<result property="idProducto"        column="idProducto" />
		<result property="rutPagador"        column="rutPagador" />
		<result property="digitoRutPagador"  column="digitoRutPagador" />
		<result property="precio"            column="precio" jdbcType="DECIMAL" javaType="java.math.BigDecimal" />
		<result property="cantidad"          column="cantidad" jdbcType="DECIMAL" javaType="integer" />
		<result property="fechaCompra"       column="fechaCompra" jdbcType="DATE" javaType="java.util.Calendar" typeHandler="cl.bci.middleware.aplicacion.persistencia.handler.CalendarTypeHandler" />
		<result property="rutRol"            column="rutRol" />
		<result property="numeroFormulario"  column="numeroFormulario" />
		<result property="numeroFolio"       column="numeroFolio" />
		<result property="fechaVencimiento"  column="fechaVencimiento" jdbcType="DATE" javaType="java.util.Calendar" typeHandler="cl.bci.middleware.aplicacion.persistencia.handler.CalendarTypeHandler" />
		<result property="montoCompra"       column="montoCompra" jdbcType="DECIMAL" javaType="java.math.BigDecimal" />
	</resultMap>

	<procedure id="listaConveniosComprasTgr" parameterMap="setListaConveniosComprasTgr" resultMap="getListaConveniosComprasTgr">
		{ CALL sp_pd_rendicionTrxComprasTgr( ?, ? ) }
	</procedure>
	
	
	<parameterMap id="setActualizaEstadoMovMonex" class="java.util.HashMap">
		<parameter property="fecha"      jdbcType="DATE" javaType="java.util.Calendar" typeHandler="cl.bci.middleware.aplicacion.persistencia.handler.CalendarTypeHandler" />
		<parameter property="convenio"   jdbcType="VARCHAR" javaType="String" />
		<parameter property="rutEmpresa" jdbcType="VARCHAR" javaType="String" />
	</parameterMap>
	<resultMap id="getActualizaEstadoMovMonex" class="java.util.HashMap">
	    <result property="retorno" 		 column="retorno" />
	</resultMap>
	<procedure id="actualizaEstadoMovMonex" parameterMap="setActualizaEstadoMovMonex" resultMap="getActualizaEstadoMovMonex">
		{ CALL sp_pd_actualizaMovMonex( ?, ?, ? ) }
	</procedure>
	
	
	<parameterMap id="setListaConveniosSII" class="java.util.HashMap">
		<parameter property="fechaProceso" jdbcType="DATE" javaType="java.util.Calendar" typeHandler="cl.bci.middleware.aplicacion.persistencia.handler.CalendarTypeHandler" />
	</parameterMap>
	<resultMap id="getListaConveniosSII" class="java.util.HashMap">
		<result property="rutEmpresa"         column="rutEmpresa" />
		<result property="digitoRut"          column="digitoRut" />
		<result property="numeroConvenio"     column="numeroConvenio" />
		<result property="nombreEmpresa"      column="nombreEmpresa" />
		<result property="monedaConvenio"     column="monedaConvenio" />
		<result property="monto"     		  column="monto" jdbcType="DECIMAL" javaType="java.math.BigDecimal" />
		<result property="cantidad" 		  column="cantidad" jdbcType="NUMERIC" javaType="Integer" />
	</resultMap>
	<procedure id="listaConveniosSII" parameterMap="setListaConveniosSII" resultMap="getListaConveniosSII">
		{ CALL sp_pd_rendicionTrxConveniosSII( ? ) }
	</procedure>
	

	<parameterMap id="setListaConveniosComprasSII" class="java.util.HashMap">
		<parameter property="fecha"    jdbcType="DATE" javaType="java.util.Calendar" typeHandler="cl.bci.middleware.aplicacion.persistencia.handler.CalendarTypeHandler" />
		<parameter property="convenio" jdbcType="VARCHAR" javaType="String" />
	</parameterMap>
	
	<resultMap id="getListaConveniosComprasSII" class="java.util.HashMap">
	    <result property="numeroTransaccion" column="numeroSerial" />
		<result property="fechaPago"         column="fechaPago" jdbcType="DATE" javaType="java.util.Calendar" typeHandler="cl.bci.middleware.aplicacion.persistencia.handler.CalendarTypeHandler" />
		<result property="fechaProceso"      column="fechaProceso" jdbcType="DATE" javaType="java.util.Calendar" typeHandler="cl.bci.middleware.aplicacion.persistencia.handler.CalendarTypeHandler" />
		<result property="numeroProceso"     column="numeroProceso" />
		<result property="idProducto"        column="idProducto" />		
		<result property="monto"       		 column="precio" jdbcType="DECIMAL" javaType="java.math.BigDecimal" />
		<result property="cantidad"          column="cantidad" />
	</resultMap>
	<procedure id="listaConveniosComprasSII" parameterMap="setListaConveniosComprasSII" resultMap="getListaConveniosComprasSII">
		{ CALL sp_pd_rendicionTrxComprasSII( ?, ? ) }
	</procedure>	
	

	<parameterMap id="setReversaPagosMonex" class="java.util.HashMap">
		<parameter property="rutConvenio"      jdbcType="VARCHAR" javaType="string" />
		<parameter property="codigoMoneda"     jdbcType="VARCHAR" javaType="String" />
		<parameter property="idTransaccion"    jdbcType="VARCHAR" javaType="string" />
		<parameter property="codigoError"      jdbcType="VARCHAR" javaType="String" />
	</parameterMap>

	<procedure id="reversaPagosMonex" parameterMap="setReversaPagosMonex" resultClass="int">
		{ CALL sp_pd_reversa_pagos_monex( ?, ?, ?, ? ) }
	</procedure>	


	<parameterMap id="setMovimientoReversadoMonex" class="java.util.HashMap">
		<parameter property="rutConvenio"      jdbcType="VARCHAR" javaType="string" />
		<parameter property="codigoMoneda"     jdbcType="VARCHAR" javaType="String" />
		<parameter property="idTransaccion"    jdbcType="VARCHAR" javaType="string" />
	</parameterMap>

	<resultMap id="getMovimientoReversadoMonex" class="java.util.HashMap">
	        <result property="rutCliente"     column="rutCliente" jdbcType="NUMERIC" javaType="long" />
		<result property="digitoVerificador"  column="digitoVerificador"  />
		<result property="cuentaCargo"        column="cuentaCargo" 	  />
		<result property="monto"              column="monto" jdbcType="DECIMAL" javaType="java.math.BigDecimal" />
	</resultMap>

	<procedure id="movimientoReversadoMonex" parameterMap="setMovimientoReversadoMonex" resultMap="getMovimientoReversadoMonex">
		{ CALL sp_pd_mov_reversa_monex( ?, ?, ? ) }
	</procedure>


	<parameterMap id="setConsultaPagosCliente" class="java.util.HashMap">
		<parameter property="rut"      			jdbcType="CHAR" 		javaType="String" />
		<parameter property="fechaInicio"		jdbcType="DATE"    		javaType="java.util.Calendar" typeHandler="cl.bci.middleware.aplicacion.persistencia.handler.CalendarTypeHandler"  />
		<parameter property="fechaFin"    		jdbcType="DATE" 		javaType="java.util.Calendar" typeHandler="cl.bci.middleware.aplicacion.persistencia.handler.CalendarTypeHandler"  />
		<parameter property="bloque"    		jdbcType="NUMERIC" 		javaType="int" />
		<parameter property="cantidadRegistros" jdbcType="NUMERIC" 		javaType="int" />
	</parameterMap>

	<resultMap id="getConsultaPagosCliente" class="java.util.HashMap">
	        <result property="fechaContable"     			column="fechaContable" 				jdbcType="DATE"    		javaType="java.util.Calendar" typeHandler="cl.bci.middleware.aplicacion.persistencia.handler.CalendarTypeHandler" />        	
	        <result property="empresa"     					column="empresa" 					jdbcType="CHAR"    		javaType="String"/>        	
	        <result property="monto"     					column="monto"	 					jdbcType="NUMERIC"    	javaType="long"/>        	
	        <result property="cuentaCargo"     				column="cuentaCargo"	 			jdbcType="CHAR"    		javaType="String"/>
	        <result property="identificadorTransaccion"     column="nroTransaccion"				jdbcType="CHAR"    		javaType="String"/>
	        <result property="estado"    			 		column="codigoEstado"				jdbcType="CHAR"    		javaType="String"/>
	        <result property="error"    			 		column="descripcionError"			jdbcType="CHAR"    		javaType="String"/>
	        <result property="numerosPagina"		 		column="numerosPagina"			    jdbcType="NUMERIC"    	javaType="int"/>
	</resultMap>

	<procedure id="consultaPagosCliente" parameterMap="setConsultaPagosCliente" resultMap="getConsultaPagosCliente">
		{ CALL sp_CnsPagRutFech( ?, ?, ?, ?, ? ) }
	</procedure>

        <parameterMap id="setConsultaDetallePagosCliente" class="java.util.HashMap">
		<parameter property="identificador"      	jdbcType="CHAR" 		javaType="String" />		
	</parameterMap>

	<resultMap id="getConsultaDetallePagosCliente" class="java.util.HashMap">
	        <result property="codigo"     	column="codigoOperacion" 		        jdbcType="CHAR"    	 javaType="String" />        	
	        <result property="cantidad"     	column="cantidad" 			jdbcType="NUMERIC"    	 javaType="int"/>        	
	        <result property="monto"     		column="monto"	 			jdbcType="NUMERIC"    	 javaType="int"/>        		       
	</resultMap>

	<procedure id="consultaDetallePagosCliente" parameterMap="setConsultaDetallePagosCliente" resultMap="getConsultaDetallePagosCliente">
		{ CALL sp_CnsPagDet( ? ) }
	</procedure>

	<parameterMap id="setGrabaAliasRecarga" class="java.util.HashMap">
		<parameter property="rutCliente"	 jdbcType="integer"	javaType="java.lang.Long" />
		<parameter property="canal"			 jdbcType="CHAR" 	javaType="String" />
		<parameter property="aliasRecarga"	 jdbcType="CHAR" 	javaType="String" />
		<parameter property="codigoOperador" jdbcType="integer"	javaType="Integer" />
          	<parameter property="nombreOperador" jdbcType="CHAR" 	javaType="String" />
		<parameter property="numeroCelular"	 jdbcType="CHAR" 	javaType="String" />
                <parameter property="montoRecarga"	 jdbcType="Double"	javaType="java.lang.Double" numericScale="4" />
              	<parameter property="numeroCuenta"	 jdbcType="CHAR" 	javaType="String" />

        </parameterMap>	

        <procedure id="grabaAliasRecarga" parameterMap="setGrabaAliasRecarga" resultClass="int">
        	{ CALL sp_ins_alias( ?,?,?,?,?,?,?,? ) }

	</procedure>

        <parameterMap id="setConsultaAliasRecarga" class="java.util.HashMap">
		<parameter property="rutCliente"	 jdbcType="integer"	javaType="java.lang.Long" />
		<parameter property="canal"			 jdbcType="CHAR" 	javaType="String" />
        </parameterMap>

        <resultMap id="getConsultaAliasRecarga" class="java.util.HashMap">
		<result property="aliasRecarga"	 	column="aliasRecarga" 	javaType="String" />
        	<result property="codigoAlias" 		column="codigoAlias"	javaType="Integer" />
        	<result property="codigoOperador" 	column="codigoOperador"	javaType="Integer" />
        	<result property="nombreOperador" 	column="nombreOperador"	javaType="String" />
        	<result property="numeroCelular"	column="numeroCelular" 	javaType="String" />
        	<result property="montoRecarga"	 	column="montoRecarga"	javaType="java.lang.Double"/>
        	<result property="numeroCuenta"	 	column="numeroCuenta" 	javaType="String" />
        </resultMap>

        <procedure id="consultaAliasRecarga" parameterMap="setConsultaAliasRecarga" resultMap="getConsultaAliasRecarga" >
        	{ CALL sp_cns_alias( ?,? ) }
	</procedure>

        <parameterMap id="setEliminaAliasRecarga" class="java.util.HashMap">
		<parameter property="codigoAlias"	 jdbcType="CHAR" 	javaType="Integer" />
        </parameterMap>

        <procedure id="eliminaAliasRecarga" parameterMap="setEliminaAliasRecarga" resultClass="int">
		{ CALL sp_eli_alias( ? ) }
	</procedure>

 <parameterMap id="setConsultaPagosDirectos" class="java.util.HashMap">
		<parameter property="rut"      			jdbcType="CHAR" 		javaType="String" />
		<parameter property="periodo"		    jdbcType="DATE" 		javaType="java.util.Calendar" typeHandler="cl.bci.middleware.aplicacion.persistencia.handler.CalendarTypeHandler"  />
		<parameter property="bloque"    		jdbcType="NUMERIC" 		javaType="int" />
		<parameter property="cantidadRegistros" jdbcType="NUMERIC" 		javaType="int" />
	</parameterMap>

	<resultMap id="getConsultaPagosDirectos" class="java.util.HashMap">
	        <result property="empresa"     			        column="servicio" 			jdbcType="CHAR"   		javaType="String"/>	             	
	        <result property="numeroCliente"     			column="numeroCliente"	 	jdbcType="VARCHAR"    	javaType="String"/>        	
	        <result property="cuentaCargo"     				column="cuenta"	 			jdbcType="VARCHAR"    	javaType="String"/>
	        <result property="monto"                        column="monto"				jdbcType="NUMERIC"    	javaType="int"/>
	        <result property="fechaContable"    			column="fecha"				jdbcType="DATE"    		javaType="java.util.Calendar" typeHandler="cl.bci.middleware.aplicacion.persistencia.handler.CalendarTypeHandler"  />
	        <result property="operacion"    			 	column="estado"			jdbcType="VARCHAR"    	javaType="String"/>
	        <result property="numerosPagina"		 		column="numerosPagina"		jdbcType="NUMERIC"    	javaType="int"/>
	</resultMap>

	<procedure id="consultaPagosDirectos" parameterMap="setConsultaPagosDirectos" resultMap="getConsultaPagosDirectos">
		{ CALL sp_CnsPagDirecto( ?, ?, ?, ?, ) }
	</procedure>
	
	<parameterMap id="setConsultaPagosEnLinea" class="java.util.HashMap">
		<parameter property="rut"      			jdbcType="VARCHAR" 		javaType="String" />
		<parameter property="periodo"		    jdbcType="DATE" 		javaType="java.util.Calendar" typeHandler="cl.bci.middleware.aplicacion.persistencia.handler.CalendarTypeHandler"  />
		<parameter property="bloque"    		jdbcType="NUMERIC" 		javaType="int" />
		<parameter property="cantidadRegistros" jdbcType="NUMERIC" 		javaType="int" />
	</parameterMap>

	<resultMap id="getConsultaPagosEnLinea" class="java.util.HashMap">
	        <result property="empresa"     			        column="servicio" 			jdbcType="CHAR"   		javaType="String"/>              	
	        <result property="numeroCliente"     			column="numeroCliente"	 	jdbcType="VARCHAR"    	javaType="String"/>        	
	        <result property="cuentaCargo"     				column="cuenta"	 			jdbcType="VARCHAR"    	javaType="String"/>
	        <result property="monto"                        column="monto"				jdbcType="NUMERIC"    	javaType="int"/>
	        <result property="fechaContable"    			column="fecha"				jdbcType="DATE"    		javaType="java.util.Calendar" typeHandler="cl.bci.middleware.aplicacion.persistencia.handler.CalendarTypeHandler"  />
	        <result property="operacion"    			 	column="estado"			jdbcType="VARCHAR"    	javaType="String"/>
	        <result property="numerosPagina"		 		column="numerosPagina"		jdbcType="NUMERIC"    	javaType="int"/>
	</resultMap>

	<procedure id="consultaPagosEnLinea" parameterMap="setConsultaPagosEnLinea" resultMap="getConsultaPagosEnLinea">
		{ CALL sp_CnsPagOnline( ?, ?, ?, ?, ) }
	</procedure>

	
		
	<parameterMap id="setConsultaRecargasCelularCliente" class="java.util.HashMap">
		<parameter property="rut"      			jdbcType="VARCHAR" 		javaType="String" />
		<parameter property="periodo"		    jdbcType="DATE" 		javaType="java.util.Calendar" typeHandler="cl.bci.middleware.aplicacion.persistencia.handler.CalendarTypeHandler"  />
		<parameter property="bloque"    		jdbcType="NUMERIC" 		javaType="int" />
		<parameter property="cantidadRegistros" jdbcType="NUMERIC" 		javaType="int" />
	</parameterMap>

	<resultMap id="getConsultaRecargasCelularCliente" class="java.util.HashMap">
	        <result property="cuentaCargo"     				column="cuenta"	 			jdbcType="VARCHAR"    	javaType="String"/>
	        <result property="monto"                        column="monto"				jdbcType="NUMERIC"    	javaType="int"/>
	        <result property="fechaContable"    			column="fecha"				jdbcType="DATE"    		javaType="java.util.Calendar" typeHandler="cl.bci.middleware.aplicacion.persistencia.handler.CalendarTypeHandler"  />	       
	        <result property="numerosPagina"		 		column="numerosPagina"		jdbcType="NUMERIC"    	javaType="int"/>
	</resultMap>


	<procedure id="consultaRecargasCelularCliente" parameterMap="setConsultaRecargasCelularCliente" resultMap="getConsultaRecargasCelularCliente">
		{ CALL sp_CnsRecCel( ?, ?, ?, ?, ) }
	</procedure>		
	
  <!-- PDirecto BCI Express -->
	<parameterMap id="setListaPagosConvenioBel" class="java.util.HashMap">
		<parameter property="rut"               jdbcType="VARCHAR" javaType="String" />
		<parameter property="convenioBel"       jdbcType="VARCHAR" javaType="String" />
		<parameter property="estado"            jdbcType="VARCHAR" javaType="String" />
		
	</parameterMap>
	<resultMap id="getListaPagosConvenioBel"   class="java.util.HashMap">	    
		<result property="convenio"              column="convenio" />
		<result property="moneda"                column="moneda" />
		<result property="serial"                column="serial" />
		<result property="montoPago"             column="montoPago"          jdbcType="DECIMAL"  javaType="java.math.BigDecimal"/>
		<result property="intermediario"         column="intermediario" />
		<result property="cuenta"                column="cuenta" />
		<result property="codigoEstado"   		   column="codigoEstado" />
		<result property="glosaEstado"           column="glosaEstado" />
		<result property="fechaPago"     		     column="fechaPago"          jdbcType="DATE" javaType="java.util.Calendar" typeHandler="cl.bci.middleware.aplicacion.persistencia.handler.CalendarTypeHandler"/>
	</resultMap>
	<procedure id="listaPagosConvenioBel" parameterMap="setListaPagosConvenioBel" resultMap="getListaPagosConvenioBel">
		{ CALL sp_pd_consulta_pagos_mmx_bel( ?,?,? ) }
	</procedure>


	<parameterMap id="setObtenerMovimientoCompra" class="java.util.HashMap">
		<parameter property="convenio" jdbcType="VARCHAR" javaType="String" />
		<parameter property="serial"    jdbcType="VARCHAR" javaType="String" />
	</parameterMap>
	<resultMap id="getObtenerMovimientoCompra" class="java.util.HashMap">	   
	  <result property="convenio"              column="convenio" />
		<result property="rutEmpresaConvenio"    column="rutEmpresaConvenio" />
		<result property="nombreEmpresaConvenio" column="nombreEmpresaConvenio" />
		<result property="serial"                column="serial" />
		<result property="codTransaccion"        column="codTransaccion" />
		<result property="rutCliente"            column="rutCliente" />
		<result property="dvCliente"             column="dvCliente"/>
		<result property="cuentaCargo"           column="cuentaCargo"/>
		<result property="total"   	             column="total"      jdbcType="DECIMAL"  javaType="java.math.BigDecimal" />
		<result property="costoEnvio"   	       column="costoEnvio" jdbcType="DECIMAL"  javaType="java.math.BigDecimal"/>
		<result property="subTotal"   	         column="subTotal"   jdbcType="DECIMAL"  javaType="java.math.BigDecimal"/>
		<result property="cantidadProductos"     column="cantidadProductos" jdbcType="DECIMAL" javaType="integer"/>
		<result property="fechaPago"             column="fechaPago" jdbcType="DATE" javaType="java.util.Calendar" typeHandler="cl.bci.middleware.aplicacion.persistencia.handler.CalendarTypeHandler" />
		<result property="codRetorno"            column="codRetorno"/>
		<result property="codError"              column="codError"/>
		<result property="estadoCuadratura"      column="estadoCuadratura"/>
		<result property="destinoCargo"          column="destinoCargo"/>
		<result property="fechaCuadratura"       column="fechaCuadratura" jdbcType="DATE" javaType="java.util.Calendar" typeHandler="cl.bci.middleware.aplicacion.persistencia.handler.CalendarTypeHandler" />
		<result property="moneda"                column="moneda"/>
		<result property="monedaOrigen"          column="monedaOrigen"/>
		<result property="montoOrigen"           column="montoOrigen"/>
    <result property="tipoCambio"            column="tipoCambio" jdbcType="DECIMAL"  javaType="java.math.BigDecimal"/>
		<result property="fechaContable"         column="fechaContable" jdbcType="DATE" javaType="java.util.Calendar" typeHandler="cl.bci.middleware.aplicacion.persistencia.handler.CalendarTypeHandler"/>
		<result property="codFacturacion"        column="codFacturacion"  />
		<result property="codServicio"           column="codServicio"/>
		<result property="convenioBEL"           column="convenioBEL"/>
		<result property="numeroProcedimiento"   column="numeroProcedimiento"/>
		<result property="fechaRendicion"        column="fechaRendicion" jdbcType="DATE" javaType="java.util.Calendar" typeHandler="cl.bci.middleware.aplicacion.persistencia.handler.CalendarTypeHandler"/>
		<result property="estadoEmpresa"         column="estadoEmpresa"/>
		<result property="var1"                  column="canal"/>
		<result property="var2"                  column="var2"/>
		<result property="var3"                  column="var3"/>
		<result property="var4"                  column="var4"/>
	</resultMap>
	<procedure id="obtenerMovimientoCompra" parameterMap="setObtenerMovimientoCompra" resultMap="getObtenerMovimientoCompra">
		{ CALL sp_pd_obtiene_movimiento_mnx( ?,? ) }
	</procedure>


	<parameterMap id="setObtenerDetalleCompra" class="java.util.HashMap">
		<parameter property="convenio" jdbcType="VARCHAR" javaType="String" />
		<parameter property="serial"    jdbcType="VARCHAR" javaType="String" />
	</parameterMap>
	<resultMap id="getObtenerDetalleCompra" class="java.util.HashMap">	   
	  <result property="convenio"           column="convenio" />
	  <result property="serial"             column="serial" />
		<result property="idProducto"         column="idProducto" />
		<result property="rutCliente"         column="rutCliente" />
		<result property="dvCliente"          column="dvCliente"/>
		<result property="precio"   	        column="precio" jdbcType="DECIMAL"  javaType="java.math.BigDecimal"/>
		<result property="cantidad"           column="cantidad" jdbcType="DECIMAL" javaType="integer" />
		<result property="precioTotal"   	    column="precioTotal" jdbcType="DECIMAL"  javaType="java.math.BigDecimal"/>
		<result property="precioMonedaOrigen" column="precioMonedaOrigen"/>
		<result property="estadoCompra"       column="estadoCompra"/>
		<result property="fechaCompra"        column="fechaCompra"  jdbcType="DATE" javaType="java.util.Calendar" typeHandler="cl.bci.middleware.aplicacion.persistencia.handler.CalendarTypeHandler"/>
		<result property="tipoProducto"       column="tipoProducto"/>
		<result property="numFormulario"      column="numFormulario"/>
		<result property="rutRol"             column="rutRol"/>
		<result property="folio"              column="folio"/>
		<result property="fechaVencimiento"   column="fechaVencimiento"  jdbcType="DATE" javaType="java.util.Calendar" typeHandler="cl.bci.middleware.aplicacion.persistencia.handler.CalendarTypeHandler"/>
		<result property="descripcion"        column="descripcion"/>
		<result property="var1"               column="var1"/>
		<result property="var2"               column="var2"/>
		<result property="var3"               column="var3"/>
		<result property="var4"               column="var4"/>
	</resultMap>
	<procedure id="obtenerDetalleCompra" parameterMap="setObtenerDetalleCompra" resultMap="getObtenerDetalleCompra">
		{ CALL sp_pd_obtiene_compra_mnx( ?,? ) }
	</procedure>
	<!-- Fin PDirecto BCI Express -->	

	<parameterMap id="setObtieneRegistroDePago" class="java.util.HashMap">
		<parameter property="idServicio"		jdbcType="CHAR" 		javaType="String" />
		<parameter property="rut"      			jdbcType="CHAR" 		javaType="String" />
		<parameter property="monto" 			jdbcType="DECIMAL" 		javaType="java.math.BigDecimal" numericScale="2" />
		<parameter property="fecha"				jdbcType="DATE"    		javaType="java.util.Calendar" typeHandler="cl.bci.middleware.aplicacion.persistencia.handler.CalendarTypeHandler" />
	</parameterMap>

	<resultMap id="getObtieneRegistroDePago" class="java.util.HashMap">
	        <result property="trx"     		column="mov_trx" 				jdbcType="CHAR"    		javaType="String"  />        	
	        <result property="idc"     		column="mov_idc" 				jdbcType="CHAR"    		javaType="String"/>        	
	        <result property="dig_vrf"  	column="mov_dig_vrf"	 		jdbcType="CHAR"    		javaType="String"/>        	
	        <result property="cta_car"  	column="mov_cta_car"	 		jdbcType="CHAR"    		javaType="String"/>
	        <result property="cod_fct"     	column="mov_cod_fct"			jdbcType="NUMERIC"   	javaType="int"/>
	        <result property="cod_ser"    	column="mov_cod_ser"			jdbcType="NUMERIC"   	javaType="int"/>
	        <result property="idn_ser"    	column="mov_idn_ser"			jdbcType="CHAR"    		javaType="String"/>
	        <result property="mto"		 	column="mov_mto"			    jdbcType="DECIMAL" 		javaType="java.math.BigDecimal" />
	        <result property="fec_pag"     	column="mov_fec_pag"	 		jdbcType="DATE"    		javaType="java.util.Calendar" typeHandler="cl.bci.middleware.aplicacion.persistencia.handler.CalendarTypeHandler" />
	        <result property="cnv_idn"     	column="cnv_idn"				jdbcType="CHAR"    		javaType="String"/>
	        <result property="srl"    		column="mov_srl"				jdbcType="CHAR"    		javaType="String"/>
	        <result property="cod_rto"    	column="mov_cod_rto"			jdbcType="CHAR"    		javaType="String"/>
	        <result property="cod_err"		column="mov_cod_err"		    jdbcType="CHAR"    		javaType="String"/>
	        <result property="fec_ctb"     	column="mov_fec_ctb"			jdbcType="DATE" 	   	javaType="java.util.Calendar" typeHandler="cl.bci.middleware.aplicacion.persistencia.handler.CalendarTypeHandler" />
	        <result property="est_cua"    	column="mov_est_cua"			jdbcType="CHAR"    		javaType="String"/>
	</resultMap>
         
	<procedure id="obtieneRegistroDePago" parameterMap="setObtieneRegistroDePago" resultMap="getObtieneRegistroDePago">
		{ CALL sp_pago_similar( ?, ?, ?, ? ) }
	</procedure>
	
</sqlMap>
