<?xml version="1.0" encoding="UTF-8" ?>

<!DOCTYPE sqlMap      
    PUBLIC "-//ibatis.apache.org//DTD SQL Map 2.0//EN"      
    "http://ibatis.apache.org/dtd/sql-map-2.dtd">
	
<sqlMap namespace="ctaprima.procedimientosAlmacenados">

	<!-- BuscarDatos y cuentas cliente -->
	
	<procedure id="recuperaCuentasPrimasCliente" parameterClass="java.util.HashMap" resultClass="java.util.HashMap">
		{CALL sp_LeeConvenios(#sRutCli#)}
	</procedure>
	
	<!-- Resumen -->	
	
	<procedure id="recuperaPeriodos" parameterClass="java.util.HashMap" resultClass="java.util.HashMap">
		{CALL sp_LeePeriodos(#sPdoVig#)}
	</procedure>
	
	<procedure id="recuperaCobrosResumen" parameterClass="java.util.HashMap" resultClass="java.util.HashMap">
		{CALL sp_LeeResumenPrs(#sPdoVig#,#sCta#)}
	</procedure>

	<!-- Detalle Cobro -->
	
	<procedure id="recuperarDetalleCobro" parameterClass="java.util.HashMap" resultClass="java.util.HashMap">
		{CALL sp_LeeDetCobPrs(#sPdoVig#,#sCta#)}
	</procedure>
	
	<procedure id="recuperarTransaccionesAfectasCobro" parameterClass="java.util.HashMap" resultClass="java.util.HashMap">
		{CALL sp_ConsultaTrxRealizadas(#sPdoVig#,#sCta#)}
	</procedure>
	
	<!-- Movimientos -->
	<procedure id="recuperarDetalleMovimientos" parameterClass="java.util.HashMap" resultClass="java.util.HashMap">
		{CALL sp_ConsultaDetalleTrx(#sCta#,#sPdoVig#)}
	</procedure>	


	<!-- Configuracion Fija -->

	<procedure id="recuperarConfiguracionFija" parameterClass="java.util.HashMap" resultClass="java.util.HashMap">
		{CALL sp_ConsultaCobroFijoPer(#periodo#, #cuenta#)}
	</procedure>

	<!-- Configuracion Variable -->

	<procedure id="recuperarConfiguracionVariable" parameterClass="java.util.HashMap" resultClass="java.util.HashMap">
		{CALL sp_ConsultaCobroVarPer(#periodo#, #cuenta#)}
	</procedure>

	<!-- Configuracion Transaccional -->

	<procedure id="recuperarDetalleConfigTransaccional" parameterClass="java.util.HashMap" resultClass="java.util.HashMap">
		{CALL sp_ConsultaConfigTrxPer(#periodo#, #cuenta#)}
	</procedure>
		
	
	

	
	
	
	
</sqlMap>	
